// Auto-generated file from ttf_to_cpp.py
#include "embedded_font.hpp"

const unsigned char embedded_font[] = {
    0x00, 0x01, 0x00, 0x00, 0x00, 0x0e, 0x00, 0x80, 0x00, 0x03, 0x00, 0x60, 
    0x4f, 0x53, 0x2f, 0x32, 0x5b, 0xb4, 0x76, 0x57, 0x00, 0x00, 0xc1, 0x40, 
    0x00, 0x00, 0x00, 0x4e, 0x63, 0x6d, 0x61, 0x70, 0x27, 0x9a, 0x61, 0xa8, 
    0x00, 0x00, 0x0b, 0xb0, 0x00, 0x00, 0x02, 0xb8, 0x63, 0x76, 0x74, 0x20, 
    0x05, 0x1e, 0x02, 0x0c, 0x00, 0x00, 0xc0, 0x28, 0x00, 0x00, 0x00, 0x48, 
    0x66, 0x70, 0x67, 0x6d, 0xd3, 0x7c, 0xe9, 0x7a, 0x00, 0x00, 0xc0, 0x90, 
    0x00, 0x00, 0x00, 0x9c, 0x67, 0x6c, 0x79, 0x66, 0x2e, 0x58, 0x0a, 0x13, 
    0x00, 0x00, 0x0e, 0x68, 0x00, 0x00, 0xab, 0x14, 0x68, 0x65, 0x61, 0x64, 
    0x62, 0x6e, 0x43, 0xb8, 0x00, 0x00, 0xcf, 0xf4, 0x00, 0x00, 0x00, 0x36, 
    0x68, 0x68, 0x65, 0x61, 0x07, 0x3d, 0x05, 0x49, 0x00, 0x00, 0xcf, 0xd0, 
    0x00, 0x00, 0x00, 0x24, 0x68, 0x6d, 0x74, 0x78, 0xd1, 0x99, 0x44, 0x19, 
    0x00, 0x00, 0xbc, 0xd4, 0x00, 0x00, 0x03, 0x54, 0x6b, 0x65, 0x72, 0x6e, 
    0x68, 0x68, 0x6c, 0x76, 0x00, 0x00, 0xc1, 0x90, 0x00, 0x00, 0x0e, 0x40, 
    0x6c, 0x6f, 0x63, 0x61, 0x00, 0x40, 0xa2, 0x5c, 0x00, 0x00, 0xb9, 0x7c, 
    0x00, 0x00, 0x03, 0x58, 0x6d, 0x61, 0x78, 0x70, 0x01, 0x1f, 0x02, 0x07, 
    0x00, 0x00, 0xc0, 0x70, 0x00, 0x00, 0x00, 0x20, 0x6e, 0x61, 0x6d, 0x65, 
    0x36, 0x87, 0x1f, 0x2e, 0x00, 0x00, 0x08, 0x80, 0x00, 0x00, 0x03, 0x30, 
    0x70, 0x6f, 0x73, 0x74, 0x65, 0x10, 0x35, 0x95, 0x00, 0x00, 0x00, 0xec, 
    0x00, 0x00, 0x07, 0x94, 0x70, 0x72, 0x65, 0x70, 0xc8, 0x7d, 0x57, 0xf2, 
    0x00, 0x00, 0xc1, 0x2c, 0x00, 0x00, 0x00, 0x14, 0x00, 0x02, 0x00, 0x00, 
    0x00, 0x0c, 0x00, 0x00, 0xff, 0xb5, 0x00, 0x32, 0x00, 0x00, 0x00, 0x00, 
    0x00, 0x00, 0x00, 0x00, 0x00, 0x00, 0x00, 0x00, 0x00, 0x00, 0x00, 0x00, 
    0x00, 0x00, 0x00, 0x00, 0x00, 0xd5, 0x00, 0x00, 0x01, 0x02, 0x01, 0x03, 
    0x01, 0x04, 0x01, 0x05, 0x01, 0x06, 0x01, 0x07, 0x01, 0x08, 0x01, 0x09, 
    0x01, 0x0a, 0x01, 0x0b, 0x01, 0x0c, 0x01, 0x0d, 0x01, 0x0e, 0x01, 0x0f, 
    0x01, 0x10, 0x01, 0x11, 0x01, 0x12, 0x01, 0x13, 0x01, 0x14, 0x01, 0x15, 
    0x01, 0x16, 0x01, 0x17, 0x01, 0x18, 0x01, 0x19, 0x01, 0x1a, 0x01, 0x1b, 
    0x01, 0x1c, 0x01, 0x1d, 0x01, 0x1e, 0x01, 0x1f, 0x01, 0x20, 0x01, 0x21, 
    0x01, 0x22, 0x01, 0x23, 0x01, 0x24, 0x01, 0x25, 0x01, 0x26, 0x01, 0x27, 
    0x01, 0x28, 0x01, 0x29, 0x01, 0x2a, 0x01, 0x2b, 0x01, 0x2c, 0x01, 0x2d, 
    0x01, 0x2e, 0x01, 0x2f, 0x01, 0x30, 0x01, 0x31, 0x01, 0x32, 0x01, 0x33, 
    0x01, 0x34, 0x01, 0x35, 0x01, 0x36, 0x01, 0x37, 0x01, 0x38, 0x01, 0x39, 
    0x01, 0x3a, 0x01, 0x3b, 0x01, 0x3c, 0x01, 0x3d, 0x01, 0x3e, 0x01, 0x3f, 
    0x01, 0x40, 0x01, 0x41, 0x01, 0x42, 0x01, 0x43, 0x01, 0x44, 0x01, 0x45, 
    0x01, 0x46, 0x01, 0x47, 0x01, 0x48, 0x01, 0x49, 0x01, 0x4a, 0x01, 0x4b, 
    0x01, 0x4c, 0x01, 0x4d, 0x01, 0x4e, 0x01, 0x4f, 0x01, 0x50, 0x01, 0x51, 
    0x01, 0x52, 0x01, 0x53, 0x01, 0x54, 0x01, 0x55, 0x01, 0x56, 0x01, 0x57, 
    0x01, 0x58, 0x01, 0x59, 0x01, 0x5a, 0x01, 0x5b, 0x01, 0x5c, 0x01, 0x5d, 
    0x01, 0x5e, 0x01, 0x5f, 0x01, 0x60, 0x01, 0x61, 0x01, 0x62, 0x01, 0x63, 
    0x01, 0x64, 0x01, 0x65, 0x01, 0x66, 0x01, 0x67, 0x01, 0x68, 0x01, 0x69, 
    0x01, 0x6a, 0x01, 0x6b, 0x01, 0x6c, 0x01, 0x6d, 0x01, 0x6e, 0x01, 0x6f, 
    0x01, 0x70, 0x01, 0x71, 0x01, 0x72, 0x01, 0x73, 0x01, 0x74, 0x01, 0x75, 
    0x01, 0x76, 0x01, 0x77, 0x01, 0x78, 0x01, 0x79, 0x01, 0x7a, 0x01, 0x7b, 
    0x01, 0x7c, 0x01, 0x7d, 0x01, 0x7e, 0x01, 0x7f, 0x01, 0x80, 0x01, 0x81, 
    0x01, 0x82, 0x01, 0x83, 0x01, 0x84, 0x01, 0x85, 0x01, 0x86, 0x01, 0x87, 
    0x01, 0x88, 0x01, 0x89, 0x01, 0x8a, 0x01, 0x8b, 0x01, 0x8c, 0x01, 0x8d, 
    0x01, 0x8e, 0x01, 0x8f, 0x01, 0x90, 0x01, 0x91, 0x01, 0x92, 0x01, 0x93, 
    0x01, 0x94, 0x01, 0x95, 0x01, 0x96, 0x01, 0x97, 0x01, 0x98, 0x01, 0x99, 
    0x01, 0x9a, 0x01, 0x9b, 0x01, 0x9c, 0x01, 0x9d, 0x01, 0x9e, 0x01, 0x9f, 
    0x01, 0xa0, 0x01, 0xa1, 0x01, 0xa2, 0x01, 0xa3, 0x01, 0xa4, 0x01, 0xa5, 
    0x01, 0xa6, 0x01, 0xa7, 0x01, 0xa8, 0x01, 0xa9, 0x01, 0xaa, 0x01, 0xab, 
    0x01, 0xac, 0x01, 0xad, 0x01, 0xae, 0x01, 0xaf, 0x01, 0xb0, 0x01, 0xb1, 
    0x01, 0xb2, 0x01, 0xb3, 0x01, 0xb4, 0x01, 0xb5, 0x01, 0xb6, 0x01, 0xb7, 
    0x01, 0xb8, 0x01, 0xb9, 0x01, 0xba, 0x01, 0xbb, 0x01, 0xbc, 0x01, 0xbd, 
    0x01, 0xbe, 0x01, 0xbf, 0x01, 0xc0, 0x01, 0xc1, 0x01, 0xc2, 0x01, 0xc3, 
    0x01, 0xc4, 0x01, 0xc5, 0x01, 0xc6, 0x01, 0xc7, 0x01, 0xc8, 0x01, 0xc9, 
    0x01, 0xca, 0x01, 0xcb, 0x01, 0xcc, 0x01, 0xcd, 0x01, 0xce, 0x01, 0xcf, 
    0x01, 0xd0, 0x01, 0xd1, 0x01, 0xd2, 0x01, 0xd3, 0x01, 0xd4, 0x01, 0xd5, 
    0x05, 0x73, 0x70, 0x61, 0x63, 0x65, 0x06, 0x65, 0x78, 0x63, 0x6c, 0x61, 
    0x6d, 0x08, 0x71, 0x75, 0x6f, 0x74, 0x65, 0x64, 0x62, 0x6c, 0x0a, 0x6e, 
    0x75, 0x6d, 0x62, 0x65, 0x72, 0x73, 0x69, 0x67, 0x6e, 0x06, 0x64, 0x6f, 
    0x6c, 0x6c, 0x61, 0x72, 0x07, 0x70, 0x65, 0x72, 0x63, 0x65, 0x6e, 0x74, 
    0x09, 0x61, 0x6d, 0x70, 0x65, 0x72, 0x73, 0x61, 0x6e, 0x64, 0x0b, 0x71, 
    0x75, 0x6f, 0x74, 0x65, 0x73, 0x69, 0x6e, 0x67, 0x6c, 0x65, 0x09, 0x70, 
    0x61, 0x72, 0x65, 0x6e, 0x6c, 0x65, 0x66, 0x74, 0x0a, 0x70, 0x61, 0x72, 
    0x65, 0x6e, 0x72, 0x69, 0x67, 0x68, 0x74, 0x08, 0x61, 0x73, 0x74, 0x65, 
    0x72, 0x69, 0x73, 0x6b, 0x04, 0x70, 0x6c, 0x75, 0x73, 0x05, 0x63, 0x6f, 
    0x6d, 0x6d, 0x61, 0x06, 0x68, 0x79, 0x70, 0x68, 0x65, 0x6e, 0x06, 0x70, 
    0x65, 0x72, 0x69, 0x6f, 0x64, 0x05, 0x73, 0x6c, 0x61, 0x73, 0x68, 0x04, 
    0x7a, 0x65, 0x72, 0x6f, 0x03, 0x6f, 0x6e, 0x65, 0x03, 0x74, 0x77, 0x6f, 
    0x05, 0x74, 0x68, 0x72, 0x65, 0x65, 0x04, 0x66, 0x6f, 0x75, 0x72, 0x04, 
    0x66, 0x69, 0x76, 0x65, 0x03, 0x73, 0x69, 0x78, 0x05, 0x73, 0x65, 0x76, 
    0x65, 0x6e, 0x05, 0x65, 0x69, 0x67, 0x68, 0x74, 0x04, 0x6e, 0x69, 0x6e, 
    0x65, 0x05, 0x63, 0x6f, 0x6c, 0x6f, 0x6e, 0x09, 0x73, 0x65, 0x6d, 0x69, 
    0x63, 0x6f, 0x6c, 0x6f, 0x6e, 0x04, 0x6c, 0x65, 0x73, 0x73, 0x05, 0x65, 
    0x71, 0x75, 0x61, 0x6c, 0x07, 0x67, 0x72, 0x65, 0x61, 0x74, 0x65, 0x72, 
    0x08, 0x71, 0x75, 0x65, 0x73, 0x74, 0x69, 0x6f, 0x6e, 0x02, 0x61, 0x74, 
    0x01, 0x41, 0x01, 0x42, 0x01, 0x43, 0x01, 0x44, 0x01, 0x45, 0x01, 0x46, 
    0x01, 0x47, 0x01, 0x48, 0x01, 0x49, 0x01, 0x4a, 0x01, 0x4b, 0x01, 0x4c, 
    0x01, 0x4d, 0x01, 0x4e, 0x01, 0x4f, 0x01, 0x50, 0x01, 0x51, 0x01, 0x52, 
    0x01, 0x53, 0x01, 0x54, 0x01, 0x55, 0x01, 0x56, 0x01, 0x57, 0x01, 0x58, 
    0x01, 0x59, 0x01, 0x5a, 0x0b, 0x62, 0x72, 0x61, 0x63, 0x6b, 0x65, 0x74, 
    0x6c, 0x65, 0x66, 0x74, 0x09, 0x62, 0x61, 0x63, 0x6b, 0x73, 0x6c, 0x61, 
    0x73, 0x68, 0x0c, 0x62, 0x72, 0x61, 0x63, 0x6b, 0x65, 0x74, 0x72, 0x69, 
    0x67, 0x68, 0x74, 0x0b, 0x61, 0x73, 0x63, 0x69, 0x69, 0x63, 0x69, 0x72, 
    0x63, 0x75, 0x6d, 0x0a, 0x75, 0x6e, 0x64, 0x65, 0x72, 0x73, 0x63, 0x6f, 
    0x72, 0x65, 0x05, 0x67, 0x72, 0x61, 0x76, 0x65, 0x01, 0x61, 0x01, 0x62, 
    0x01, 0x63, 0x01, 0x64, 0x01, 0x65, 0x01, 0x66, 0x01, 0x67, 0x01, 0x68, 
    0x01, 0x69, 0x01, 0x6a, 0x01, 0x6b, 0x01, 0x6c, 0x01, 0x6d, 0x01, 0x6e, 
    0x01, 0x6f, 0x01, 0x70, 0x01, 0x71, 0x01, 0x72, 0x01, 0x73, 0x01, 0x74, 
    0x01, 0x75, 0x01, 0x76, 0x01, 0x77, 0x01, 0x78, 0x01, 0x79, 0x01, 0x7a, 
    0x09, 0x62, 0x72, 0x61, 0x63, 0x65, 0x6c, 0x65, 0x66, 0x74, 0x03, 0x62, 
    0x61, 0x72, 0x0a, 0x62, 0x72, 0x61, 0x63, 0x65, 0x72, 0x69, 0x67, 0x68, 
    0x74, 0x0a, 0x61, 0x73, 0x63, 0x69, 0x69, 0x74, 0x69, 0x6c, 0x64, 0x65, 
    0x0e, 0x71, 0x75, 0x6f, 0x74, 0x65, 0x73, 0x69, 0x6e, 0x67, 0x6c, 0x62, 
    0x61, 0x73, 0x65, 0x06, 0x66, 0x6c, 0x6f, 0x72, 0x69, 0x6e, 0x0c, 0x71, 
    0x75, 0x6f, 0x74, 0x65, 0x64, 0x62, 0x6c, 0x62, 0x61, 0x73, 0x65, 0x08, 
    0x65, 0x6c, 0x6c, 0x69, 0x70, 0x73, 0x69, 0x73, 0x06, 0x64, 0x61, 0x67, 
    0x67, 0x65, 0x72, 0x09, 0x64, 0x61, 0x67, 0x67, 0x65, 0x72, 0x64, 0x62, 
    0x6c, 0x0a, 0x63, 0x69, 0x72, 0x63, 0x75, 0x6d, 0x66, 0x6c, 0x65, 0x78, 
    0x0b, 0x70, 0x65, 0x72, 0x74, 0x68, 0x6f, 0x75, 0x73, 0x61, 0x6e, 0x64, 
    0x06, 0x53, 0x63, 0x61, 0x72, 0x6f, 0x6e, 0x0d, 0x67, 0x75, 0x69, 0x6c, 
    0x73, 0x69, 0x6e, 0x67, 0x6c, 0x6c, 0x65, 0x66, 0x74, 0x02, 0x4f, 0x45, 
    0x09, 0x71, 0x75, 0x6f, 0x74, 0x65, 0x6c, 0x65, 0x66, 0x74, 0x0a, 0x71, 
    0x75, 0x6f, 0x74, 0x65, 0x72, 0x69, 0x67, 0x68, 0x74, 0x0c, 0x71, 0x75, 
    0x6f, 0x74, 0x65, 0x64, 0x62, 0x6c, 0x6c, 0x65, 0x66, 0x74, 0x0d, 0x71, 
    0x75, 0x6f, 0x74, 0x65, 0x64, 0x62, 0x6c, 0x72, 0x69, 0x67, 0x68, 0x74, 
    0x06, 0x62, 0x75, 0x6c, 0x6c, 0x65, 0x74, 0x06, 0x65, 0x6e, 0x64, 0x61, 
    0x73, 0x68, 0x06, 0x65, 0x6d, 0x64, 0x61, 0x73, 0x68, 0x05, 0x74, 0x69, 
    0x6c, 0x64, 0x65, 0x09, 0x74, 0x72, 0x61, 0x64, 0x65, 0x6d, 0x61, 0x72, 
    0x6b, 0x06, 0x73, 0x63, 0x61, 0x72, 0x6f, 0x6e, 0x0e, 0x67, 0x75, 0x69, 
    0x6c, 0x73, 0x69, 0x6e, 0x67, 0x6c, 0x72, 0x69, 0x67, 0x68, 0x74, 0x02, 
    0x6f, 0x65, 0x09, 0x59, 0x64, 0x69, 0x65, 0x72, 0x65, 0x73, 0x69, 0x73, 
    0x0a, 0x65, 0x78, 0x63, 0x6c, 0x61, 0x6d, 0x64, 0x6f, 0x77, 0x6e, 0x04, 
    0x63, 0x65, 0x6e, 0x74, 0x08, 0x73, 0x74, 0x65, 0x72, 0x6c, 0x69, 0x6e, 
    0x67, 0x08, 0x63, 0x75, 0x72, 0x72, 0x65, 0x6e, 0x63, 0x79, 0x03, 0x79, 
    0x65, 0x6e, 0x09, 0x62, 0x72, 0x6f, 0x6b, 0x65, 0x6e, 0x62, 0x61, 0x72, 
    0x07, 0x73, 0x65, 0x63, 0x74, 0x69, 0x6f, 0x6e, 0x08, 0x64, 0x69, 0x65, 
    0x72, 0x65, 0x73, 0x69, 0x73, 0x09, 0x63, 0x6f, 0x70, 0x79, 0x72, 0x69, 
    0x67, 0x68, 0x74, 0x0b, 0x6f, 0x72, 0x64, 0x66, 0x65, 0x6d, 0x69, 0x6e, 
    0x69, 0x6e, 0x65, 0x0d, 0x67, 0x75, 0x69, 0x6c, 0x6c, 0x65, 0x6d, 0x6f, 
    0x74, 0x6c, 0x65, 0x66, 0x74, 0x0a, 0x6c, 0x6f, 0x67, 0x69, 0x63, 0x61, 
    0x6c, 0x6e, 0x6f, 0x74, 0x0a, 0x72, 0x65, 0x67, 0x69, 0x73, 0x74, 0x65, 
    0x72, 0x65, 0x64, 0x06, 0x64, 0x65, 0x67, 0x72, 0x65, 0x65, 0x09, 0x70, 
    0x6c, 0x75, 0x73, 0x6d, 0x69, 0x6e, 0x75, 0x73, 0x0b, 0x74, 0x77, 0x6f, 
    0x73, 0x75, 0x70, 0x65, 0x72, 0x69, 0x6f, 0x72, 0x0d, 0x74, 0x68, 0x72, 
    0x65, 0x65, 0x73, 0x75, 0x70, 0x65, 0x72, 0x69, 0x6f, 0x72, 0x05, 0x61, 
    0x63, 0x75, 0x74, 0x65, 0x02, 0x6d, 0x75, 0x09, 0x70, 0x61, 0x72, 0x61, 
    0x67, 0x72, 0x61, 0x70, 0x68, 0x0e, 0x70, 0x65, 0x72, 0x69, 0x6f, 0x64, 
    0x63, 0x65, 0x6e, 0x74, 0x65, 0x72, 0x65, 0x64, 0x07, 0x63, 0x65, 0x64, 
    0x69, 0x6c, 0x6c, 0x61, 0x0b, 0x6f, 0x6e, 0x65, 0x73, 0x75, 0x70, 0x65, 
    0x72, 0x69, 0x6f, 0x72, 0x0c, 0x6f, 0x72, 0x64, 0x6d, 0x61, 0x73, 0x63, 
    0x75, 0x6c, 0x69, 0x6e, 0x65, 0x0e, 0x67, 0x75, 0x69, 0x6c, 0x6c, 0x65, 
    0x6d, 0x6f, 0x74, 0x72, 0x69, 0x67, 0x68, 0x74, 0x0a, 0x6f, 0x6e, 0x65, 
    0x71, 0x75, 0x61, 0x72, 0x74, 0x65, 0x72, 0x07, 0x6f, 0x6e, 0x65, 0x68, 
    0x61, 0x6c, 0x66, 0x0d, 0x74, 0x68, 0x72, 0x65, 0x65, 0x71, 0x75, 0x61, 
    0x72, 0x74, 0x65, 0x72, 0x73, 0x0c, 0x71, 0x75, 0x65, 0x73, 0x74, 0x69, 
    0x6f, 0x6e, 0x64, 0x6f, 0x77, 0x6e, 0x06, 0x41, 0x67, 0x72, 0x61, 0x76, 
    0x65, 0x06, 0x41, 0x61, 0x63, 0x75, 0x74, 0x65, 0x0b, 0x41, 0x63, 0x69, 
    0x72, 0x63, 0x75, 0x6d, 0x66, 0x6c, 0x65, 0x78, 0x06, 0x41, 0x74, 0x69, 
    0x6c, 0x64, 0x65, 0x09, 0x41, 0x64, 0x69, 0x65, 0x72, 0x65, 0x73, 0x69, 
    0x73, 0x05, 0x41, 0x72, 0x69, 0x6e, 0x67, 0x02, 0x41, 0x45, 0x08, 0x43, 
    0x63, 0x65, 0x64, 0x69, 0x6c, 0x6c, 0x61, 0x06, 0x45, 0x67, 0x72, 0x61, 
    0x76, 0x65, 0x06, 0x45, 0x61, 0x63, 0x75, 0x74, 0x65, 0x0b, 0x45, 0x63, 
    0x69, 0x72, 0x63, 0x75, 0x6d, 0x66, 0x6c, 0x65, 0x78, 0x09, 0x45, 0x64, 
    0x69, 0x65, 0x72, 0x65, 0x73, 0x69, 0x73, 0x06, 0x49, 0x67, 0x72, 0x61, 
    0x76, 0x65, 0x06, 0x49, 0x61, 0x63, 0x75, 0x74, 0x65, 0x0b, 0x49, 0x63, 
    0x69, 0x72, 0x63, 0x75, 0x6d, 0x66, 0x6c, 0x65, 0x78, 0x09, 0x49, 0x64, 
    0x69, 0x65, 0x72, 0x65, 0x73, 0x69, 0x73, 0x03, 0x45, 0x74, 0x68, 0x06, 
    0x4e, 0x74, 0x69, 0x6c, 0x64, 0x65, 0x06, 0x4f, 0x67, 0x72, 0x61, 0x76, 
    0x65, 0x06, 0x4f, 0x61, 0x63, 0x75, 0x74, 0x65, 0x0b, 0x4f, 0x63, 0x69, 
    0x72, 0x63, 0x75, 0x6d, 0x66, 0x6c, 0x65, 0x78, 0x06, 0x4f, 0x74, 0x69, 
    0x6c, 0x64, 0x65, 0x09, 0x4f, 0x64, 0x69, 0x65, 0x72, 0x65, 0x73, 0x69, 
    0x73, 0x08, 0x6d, 0x75, 0x6c, 0x74, 0x69, 0x70, 0x6c, 0x79, 0x06, 0x4f, 
    0x73, 0x6c, 0x61, 0x73, 0x68, 0x06, 0x55, 0x67, 0x72, 0x61, 0x76, 0x65, 
    0x06, 0x55, 0x61, 0x63, 0x75, 0x74, 0x65, 0x0b, 0x55, 0x63, 0x69, 0x72, 
    0x63, 0x75, 0x6d, 0x66, 0x6c, 0x65, 0x78, 0x09, 0x55, 0x64, 0x69, 0x65, 
    0x72, 0x65, 0x73, 0x69, 0x73, 0x06, 0x59, 0x61, 0x63, 0x75, 0x74, 0x65, 
    0x05, 0x54, 0x68, 0x6f, 0x72, 0x6e, 0x0a, 0x67, 0x65, 0x72, 0x6d, 0x61, 
    0x6e, 0x64, 0x62, 0x6c, 0x73, 0x06, 0x61, 0x67, 0x72, 0x61, 0x76, 0x65, 
    0x06, 0x61, 0x61, 0x63, 0x75, 0x74, 0x65, 0x0b, 0x61, 0x63, 0x69, 0x72, 
    0x63, 0x75, 0x6d, 0x66, 0x6c, 0x65, 0x78, 0x06, 0x61, 0x74, 0x69, 0x6c, 
    0x64, 0x65, 0x09, 0x61, 0x64, 0x69, 0x65, 0x72, 0x65, 0x73, 0x69, 0x73, 
    0x05, 0x61, 0x72, 0x69, 0x6e, 0x67, 0x02, 0x61, 0x65, 0x08, 0x63, 0x63, 
    0x65, 0x64, 0x69, 0x6c, 0x6c, 0x61, 0x06, 0x65, 0x67, 0x72, 0x61, 0x76, 
    0x65, 0x06, 0x65, 0x61, 0x63, 0x75, 0x74, 0x65, 0x0b, 0x65, 0x63, 0x69, 
    0x72, 0x63, 0x75, 0x6d, 0x66, 0x6c, 0x65, 0x78, 0x09, 0x65, 0x64, 0x69, 
    0x65, 0x72, 0x65, 0x73, 0x69, 0x73, 0x06, 0x69, 0x67, 0x72, 0x61, 0x76, 
    0x65, 0x06, 0x69, 0x61, 0x63, 0x75, 0x74, 0x65, 0x0b, 0x69, 0x63, 0x69, 
    0x72, 0x63, 0x75, 0x6d, 0x66, 0x6c, 0x65, 0x78, 0x09, 0x69, 0x64, 0x69, 
    0x65, 0x72, 0x65, 0x73, 0x69, 0x73, 0x03, 0x65, 0x74, 0x68, 0x06, 0x6e, 
    0x74, 0x69, 0x6c, 0x64, 0x65, 0x06, 0x6f, 0x67, 0x72, 0x61, 0x76, 0x65, 
    0x06, 0x6f, 0x61, 0x63, 0x75, 0x74, 0x65, 0x0b, 0x6f, 0x63, 0x69, 0x72, 
    0x63, 0x75, 0x6d, 0x66, 0x6c, 0x65, 0x78, 0x06, 0x6f, 0x74, 0x69, 0x6c, 
    0x64, 0x65, 0x09, 0x6f, 0x64, 0x69, 0x65, 0x72, 0x65, 0x73, 0x69, 0x73, 
    0x06, 0x64, 0x69, 0x76, 0x69, 0x64, 0x65, 0x06, 0x6f, 0x73, 0x6c, 0x61, 
    0x73, 0x68, 0x06, 0x75, 0x67, 0x72, 0x61, 0x76, 0x65, 0x06, 0x75, 0x61, 
    0x63, 0x75, 0x74, 0x65, 0x0b, 0x75, 0x63, 0x69, 0x72, 0x63, 0x75, 0x6d, 
    0x66, 0x6c, 0x65, 0x78, 0x09, 0x75, 0x64, 0x69, 0x65, 0x72, 0x65, 0x73, 
    0x69, 0x73, 0x06, 0x79, 0x61, 0x63, 0x75, 0x74, 0x65, 0x05, 0x74, 0x68, 
    0x6f, 0x72, 0x6e, 0x09, 0x79, 0x64, 0x69, 0x65, 0x72, 0x65, 0x73, 0x69, 
    0x73, 0x00, 0x00, 0x00, 0x00, 0x00, 0x00, 0x10, 0x00, 0xc6, 0x00, 0x01, 
    0x00, 0x00, 0x00, 0x00, 0x00, 0x00, 0x00, 0x6b, 0x00, 0x00, 0x00, 0x01, 
    0x00, 0x00, 0x00, 0x00, 0x00, 0x01, 0x00, 0x07, 0x00, 0x6b, 0x00, 0x01, 
    0x00, 0x00, 0x00, 0x00, 0x00, 0x02, 0x00, 0x07, 0x00, 0x72, 0x00, 0x01, 
    0x00, 0x00, 0x00, 0x00, 0x00, 0x03, 0x00, 0x12, 0x00, 0x79, 0x00, 0x01, 
    0x00, 0x00, 0x00, 0x00, 0x00, 0x04, 0x00, 0x0e, 0x00, 0x8b, 0x00, 0x01, 
    0x00, 0x00, 0x00, 0x00, 0x00, 0x05, 0x00, 0x0c, 0x00, 0x99, 0x00, 0x01, 
    0x00, 0x00, 0x00, 0x00, 0x00, 0x06, 0x00, 0x0d, 0x00, 0xa5, 0x00, 0x01, 
    0x00, 0x00, 0x00, 0x00, 0x00, 0x07, 0x00, 0x1c, 0x00, 0xb2, 0x00, 0x03, 
    0x00, 0x01, 0x04, 0x09, 0x00, 0x00, 0x00, 0xd6, 0x00, 0xce, 0x00, 0x03, 
    0x00, 0x01, 0x04, 0x09, 0x00, 0x01, 0x00, 0x0e, 0x01, 0xa4, 0x00, 0x03, 
    0x00, 0x01, 0x04, 0x09, 0x00, 0x02, 0x00, 0x0e, 0x01, 0xb2, 0x00, 0x03, 
    0x00, 0x01, 0x04, 0x09, 0x00, 0x03, 0x00, 0x24, 0x01, 0xc0, 0x00, 0x03, 
    0x00, 0x01, 0x04, 0x09, 0x00, 0x04, 0x00, 0x1c, 0x01, 0xe4, 0x00, 0x03, 
    0x00, 0x01, 0x04, 0x09, 0x00, 0x05, 0x00, 0x18, 0x02, 0x00, 0x00, 0x03, 
    0x00, 0x01, 0x04, 0x09, 0x00, 0x06, 0x00, 0x1a, 0x02, 0x18, 0x00, 0x03, 
    0x00, 0x01, 0x04, 0x09, 0x00, 0x07, 0x00, 0x38, 0x02, 0x32, 0x43, 0x6f, 
    0x70, 0x79, 0x72, 0x69, 0x67, 0x68, 0x74, 0x20, 0x20, 0x20, 0x63, 0x20, 
    0x20, 0x20, 0x31, 0x39, 0x39, 0x33, 0x20, 0x52, 0x6f, 0x67, 0x65, 0x72, 
    0x20, 0x57, 0x68, 0x69, 0x74, 0x65, 0x20, 0x2d, 0x20, 0x20, 0x41, 0x6c, 
    0x6c, 0x20, 0x52, 0x69, 0x67, 0x68, 0x74, 0x73, 0x20, 0x52, 0x65, 0x73, 
    0x65, 0x72, 0x76, 0x65, 0x64, 0x20, 0x2d, 0x20, 0x73, 0x65, 0x65, 0x20, 
    0x2e, 0x74, 0x78, 0x74, 0x20, 0x66, 0x69, 0x6c, 0x65, 0x20, 0x66, 0x6f, 
    0x72, 0x20, 0x74, 0x65, 0x72, 0x6d, 0x73, 0x20, 0x66, 0x6f, 0x72, 0x20, 
    0x64, 0x69, 0x73, 0x74, 0x72, 0x69, 0x62, 0x75, 0x74, 0x69, 0x6f, 0x6e, 
    0x20, 0x61, 0x6e, 0x64, 0x20, 0x75, 0x73, 0x65, 0x2e, 0x53, 0x77, 0x61, 
    0x6e, 0x73, 0x65, 0x61, 0x20, 0x49, 0x74, 0x61, 0x6c, 0x69, 0x63, 0x44, 
    0x54, 0x50, 0x2d, 0x53, 0x77, 0x61, 0x6e, 0x73, 0x65, 0x61, 0x20, 0x49, 
    0x74, 0x61, 0x6c, 0x69, 0x63, 0x53, 0x77, 0x61, 0x6e, 0x73, 0x65, 0x61, 
    0x20, 0x49, 0x74, 0x61, 0x6c, 0x69, 0x63, 0x56, 0x65, 0x72, 0x73, 0x69, 
    0x6f, 0x6e, 0x20, 0x31, 0x2e, 0x30, 0x30, 0x53, 0x77, 0x61, 0x6e, 0x73, 
    0x65, 0x61, 0x49, 0x74, 0x61, 0x6c, 0x69, 0x63, 0x43, 0x72, 0x65, 0x61, 
    0x74, 0x65, 0x64, 0x20, 0x62, 0x79, 0x20, 0x54, 0x79, 0x70, 0x65, 0x2d, 
    0x44, 0x65, 0x73, 0x69, 0x67, 0x6e, 0x65, 0x72, 0x20, 0x33, 0x2e, 0x30, 
    0x00, 0x43, 0x00, 0x6f, 0x00, 0x70, 0x00, 0x79, 0x00, 0x72, 0x00, 0x69, 
    0x00, 0x67, 0x00, 0x68, 0x00, 0x74, 0x00, 0x20, 0x00, 0x20, 0x00, 0x20, 
    0x00, 0x63, 0x00, 0x20, 0x00, 0x20, 0x00, 0x20, 0x00, 0x31, 0x00, 0x39, 
    0x00, 0x39, 0x00, 0x33, 0x00, 0x20, 0x00, 0x52, 0x00, 0x6f, 0x00, 0x67, 
    0x00, 0x65, 0x00, 0x72, 0x00, 0x20, 0x00, 0x57, 0x00, 0x68, 0x00, 0x69, 
    0x00, 0x74, 0x00, 0x65, 0x00, 0x20, 0x00, 0x2d, 0x00, 0x20, 0x00, 0x20, 
    0x00, 0x41, 0x00, 0x6c, 0x00, 0x6c, 0x00, 0x20, 0x00, 0x52, 0x00, 0x69, 
    0x00, 0x67, 0x00, 0x68, 0x00, 0x74, 0x00, 0x73, 0x00, 0x20, 0x00, 0x52, 
    0x00, 0x65, 0x00, 0x73, 0x00, 0x65, 0x00, 0x72, 0x00, 0x76, 0x00, 0x65, 
    0x00, 0x64, 0x00, 0x20, 0x00, 0x2d, 0x00, 0x20, 0x00, 0x73, 0x00, 0x65, 
    0x00, 0x65, 0x00, 0x20, 0x00, 0x2e, 0x00, 0x74, 0x00, 0x78, 0x00, 0x74, 
    0x00, 0x20, 0x00, 0x66, 0x00, 0x69, 0x00, 0x6c, 0x00, 0x65, 0x00, 0x20, 
    0x00, 0x66, 0x00, 0x6f, 0x00, 0x72, 0x00, 0x20, 0x00, 0x74, 0x00, 0x65, 
    0x00, 0x72, 0x00, 0x6d, 0x00, 0x73, 0x00, 0x20, 0x00, 0x66, 0x00, 0x6f, 
    0x00, 0x72, 0x00, 0x20, 0x00, 0x64, 0x00, 0x69, 0x00, 0x73, 0x00, 0x74, 
    0x00, 0x72, 0x00, 0x69, 0x00, 0x62, 0x00, 0x75, 0x00, 0x74, 0x00, 0x69, 
    0x00, 0x6f, 0x00, 0x6e, 0x00, 0x20, 0x00, 0x61, 0x00, 0x6e, 0x00, 0x64, 
    0x00, 0x20, 0x00, 0x75, 0x00, 0x73, 0x00, 0x65, 0x00, 0x2e, 0x00, 0x53, 
    0x00, 0x77, 0x00, 0x61, 0x00, 0x6e, 0x00, 0x73, 0x00, 0x65, 0x00, 0x61, 
    0x00, 0x20, 0x00, 0x49, 0x00, 0x74, 0x00, 0x61, 0x00, 0x6c, 0x00, 0x69, 
    0x00, 0x63, 0x00, 0x44, 0x00, 0x54, 0x00, 0x50, 0x00, 0x2d, 0x00, 0x53, 
    0x00, 0x77, 0x00, 0x61, 0x00, 0x6e, 0x00, 0x73, 0x00, 0x65, 0x00, 0x61, 
    0x00, 0x20, 0x00, 0x49, 0x00, 0x74, 0x00, 0x61, 0x00, 0x6c, 0x00, 0x69, 
    0x00, 0x63, 0x00, 0x53, 0x00, 0x77, 0x00, 0x61, 0x00, 0x6e, 0x00, 0x73, 
    0x00, 0x65, 0x00, 0x61, 0x00, 0x20, 0x00, 0x49, 0x00, 0x74, 0x00, 0x61, 
    0x00, 0x6c, 0x00, 0x69, 0x00, 0x63, 0x00, 0x56, 0x00, 0x65, 0x00, 0x72, 
    0x00, 0x73, 0x00, 0x69, 0x00, 0x6f, 0x00, 0x6e, 0x00, 0x20, 0x00, 0x31, 
    0x00, 0x2e, 0x00, 0x30, 0x00, 0x30, 0x00, 0x53, 0x00, 0x77, 0x00, 0x61, 
    0x00, 0x6e, 0x00, 0x73, 0x00, 0x65, 0x00, 0x61, 0x00, 0x49, 0x00, 0x74, 
    0x00, 0x61, 0x00, 0x6c, 0x00, 0x69, 0x00, 0x63, 0x00, 0x43, 0x00, 0x72, 
    0x00, 0x65, 0x00, 0x61, 0x00, 0x74, 0x00, 0x65, 0x00, 0x64, 0x00, 0x20, 
    0x00, 0x62, 0x00, 0x79, 0x00, 0x20, 0x00, 0x54, 0x00, 0x79, 0x00, 0x70, 
    0x00, 0x65, 0x00, 0x2d, 0x00, 0x44, 0x00, 0x65, 0x00, 0x73, 0x00, 0x69, 
    0x00, 0x67, 0x00, 0x6e, 0x00, 0x65, 0x00, 0x72, 0x00, 0x20, 0x00, 0x33, 
    0x00, 0x2e, 0x00, 0x30, 0x00, 0x00, 0x00, 0x02, 0x00, 0x01, 0x00, 0x00, 
    0x00, 0x00, 0x00, 0x14, 0x00, 0x03, 0x00, 0x01, 0x00, 0x00, 0x01, 0x1a, 
    0x00, 0x00, 0x01, 0x06, 0x00, 0x00, 0x00, 0x00, 0x00, 0x00, 0x00, 0x00, 
    0x00, 0x00, 0x00, 0x00, 0x00, 0x00, 0x00, 0x00, 0x00, 0x00, 0x00, 0x00, 
    0x00, 0x00, 0x00, 0x00, 0x00, 0x00, 0x00, 0x00, 0x00, 0x00, 0x00, 0x00, 
    0x00, 0x00, 0x01, 0x02, 0x03, 0x04, 0x05, 0x06, 0x07, 0x08, 0x09, 0x0a, 
    0x0b, 0x0c, 0x0d, 0x0e, 0x0f, 0x10, 0x11, 0x12, 0x13, 0x14, 0x15, 0x16, 
    0x17, 0x18, 0x19, 0x1a, 0x1b, 0x1c, 0x1d, 0x1e, 0x1f, 0x20, 0x21, 0x22, 
    0x23, 0x24, 0x25, 0x26, 0x27, 0x28, 0x29, 0x2a, 0x2b, 0x2c, 0x2d, 0x2e, 
    0x2f, 0x30, 0x31, 0x32, 0x33, 0x34, 0x35, 0x36, 0x37, 0x38, 0x39, 0x3a, 
    0x3b, 0x3c, 0x3d, 0x3e, 0x3f, 0x40, 0x41, 0x42, 0x43, 0x44, 0x45, 0x46, 
    0x47, 0x48, 0x49, 0x4a, 0x4b, 0x4c, 0x4d, 0x4e, 0x4f, 0x50, 0x51, 0x52, 
    0x53, 0x54, 0x55, 0x56, 0x57, 0x58, 0x59, 0x5a, 0x5b, 0x5c, 0x5d, 0x5e, 
    0x5f, 0x00, 0x00, 0x00, 0x60, 0x61, 0x62, 0x63, 0x64, 0x65, 0x66, 0x67, 
    0x68, 0x69, 0x6a, 0x00, 0x00, 0x00, 0x00, 0x6b, 0x6c, 0x6d, 0x6e, 0x6f, 
    0x70, 0x71, 0x72, 0x73, 0x74, 0x75, 0x76, 0x00, 0x00, 0x77, 0x01, 0x78, 
    0x79, 0x7a, 0x7b, 0x7c, 0x7d, 0x7e, 0x7f, 0x80, 0x81, 0x82, 0x83, 0x00, 
    0x84, 0x00, 0x85, 0x86, 0x87, 0x88, 0x89, 0x8a, 0x8b, 0x8c, 0x8d, 0x8e, 
    0x8f, 0x90, 0x91, 0x92, 0x93, 0x94, 0x95, 0x96, 0x97, 0x98, 0x99, 0x9a, 
    0x9b, 0x9c, 0x9d, 0x9e, 0x9f, 0xa0, 0xa1, 0xa2, 0xa3, 0xa4, 0xa5, 0xa6, 
    0xa7, 0xa8, 0xa9, 0xaa, 0xab, 0xac, 0xad, 0xae, 0xaf, 0xb0, 0xb1, 0xb2, 
    0xb3, 0xb4, 0xb5, 0xb6, 0xb7, 0xb8, 0xb9, 0xba, 0xbb, 0xbc, 0xbd, 0xbe, 
    0xbf, 0xc0, 0xc1, 0xc2, 0xc3, 0xc4, 0xc5, 0xc6, 0xc7, 0xc8, 0xc9, 0xca, 
    0xcb, 0xcc, 0xcd, 0xce, 0xcf, 0xd0, 0xd1, 0xd2, 0xd3, 0xd4, 0x00, 0x04, 
    0x01, 0x9c, 0x00, 0x00, 0x00, 0x26, 0x00, 0x20, 0x00, 0x04, 0x00, 0x06, 
    0x00, 0x7e, 0x00, 0xff, 0x01, 0x53, 0x01, 0x61, 0x01, 0x78, 0x01, 0x92, 
    0x02, 0xc6, 0x02, 0xdc, 0x20, 0x14, 0x20, 0x1a, 0x20, 0x1e, 0x20, 0x22, 
    0x20, 0x26, 0x20, 0x30, 0x20, 0x3a, 0x21, 0x22, 0x22, 0x12, 0x22, 0x19, 
    0xff, 0xff, 0x00, 0x00, 0x00, 0x20, 0x00, 0xa0, 0x01, 0x52, 0x01, 0x60, 
    0x01, 0x78, 0x01, 0x92, 0x02, 0xc6, 0x02, 0xdc, 0x20, 0x13, 0x20, 0x18, 
    0x20, 0x1c, 0x20, 0x20, 0x20, 0x26, 0x20, 0x30, 0x20, 0x39, 0x21, 0x22, 
    0x22, 0x12, 0x22, 0x19, 0xff, 0xff, 0xff, 0xe1, 0x00, 0x00, 0x00, 0x00, 
    0x00, 0x00, 0x00, 0x00, 0x00, 0x00, 0x00, 0x00, 0x00, 0x00, 0x00, 0x00, 
    0x00, 0x00, 0x00, 0x00, 0x00, 0x00, 0x00, 0x00, 0x00, 0x00, 0x00, 0x00, 
    0x00, 0x00, 0x00, 0x00, 0x00, 0x00, 0x00, 0x79, 0x00, 0x00, 0x00, 0x24, 
    0x00, 0xe2, 0x00, 0xe4, 0x00, 0xe6, 0x00, 0xe6, 0x00, 0xe6, 0x00, 0xe6, 
    0x00, 0xe6, 0x00, 0xe8, 0x00, 0xec, 0x00, 0xf0, 0x00, 0xf4, 0x00, 0xf4, 
    0x00, 0xf4, 0x00, 0xf6, 0x00, 0xf6, 0x00, 0xf6, 0x00, 0x6f, 0x00, 0x01, 
    0x00, 0x78, 0x00, 0x79, 0x00, 0x7a, 0x00, 0x7b, 0x00, 0x7c, 0x00, 0x7d, 
    0x00, 0x7e, 0x00, 0x7f, 0x00, 0x80, 0x00, 0x81, 0x00, 0x82, 0x00, 0x83, 
    0x00, 0x00, 0x00, 0x84, 0x00, 0x00, 0x00, 0x85, 0x00, 0x86, 0x00, 0x87, 
    0x00, 0x88, 0x00, 0x89, 0x00, 0x8a, 0x00, 0x8b, 0x00, 0x8c, 0x00, 0x8d, 
    0x00, 0x8e, 0x00, 0x8f, 0x00, 0x90, 0x00, 0x91, 0x00, 0x92, 0x00, 0x93, 
    0x00, 0x94, 0x00, 0x95, 0x00, 0x96, 0x00, 0x97, 0x00, 0x98, 0x00, 0x99, 
    0x00, 0x9a, 0x00, 0x9b, 0x00, 0x9c, 0x00, 0x9d, 0x00, 0x9e, 0x00, 0x9f, 
    0x00, 0xa0, 0x00, 0xa1, 0x00, 0xa2, 0x00, 0xa3, 0x00, 0xa4, 0x00, 0xa5, 
    0x00, 0xa6, 0x00, 0xa7, 0x00, 0xa8, 0x00, 0xa9, 0x00, 0xaa, 0x00, 0xab, 
    0x00, 0xac, 0x00, 0xad, 0x00, 0xae, 0x00, 0xaf, 0x00, 0xb0, 0x00, 0xb1, 
    0x00, 0xb2, 0x00, 0xb3, 0x00, 0xb4, 0x00, 0xb5, 0x00, 0xb6, 0x00, 0xb7, 
    0x00, 0xb8, 0x00, 0xb9, 0x00, 0xba, 0x00, 0xbb, 0x00, 0xbc, 0x00, 0xbd, 
    0x00, 0xbe, 0x00, 0xbf, 0x00, 0xc0, 0x00, 0xc1, 0x00, 0xc2, 0x00, 0xc3, 
    0x00, 0xc4, 0x00, 0xc5, 0x00, 0xc6, 0x00, 0xc7, 0x00, 0xc8, 0x00, 0xc9, 
    0x00, 0xca, 0x00, 0xcb, 0x00, 0xcc, 0x00, 0xcd, 0x00, 0xce, 0x00, 0xcf, 
    0x00, 0xd0, 0x00, 0xd1, 0x00, 0xd2, 0x00, 0xd3, 0x00, 0xd4, 0x00, 0x6a, 
    0x00, 0x76, 0x00, 0x68, 0x00, 0x74, 0x00, 0x77, 0x00, 0x61, 0x00, 0x66, 
    0x00, 0x72, 0x00, 0x70, 0x00, 0x71, 0x00, 0x6b, 0x00, 0x6c, 0x00, 0x60, 
    0x00, 0x6d, 0x00, 0x6e, 0x00, 0x62, 0x00, 0x64, 0x00, 0x65, 0x00, 0x6f, 
    0x00, 0x63, 0x00, 0x67, 0x00, 0x69, 0x00, 0x75, 0x00, 0x73, 0x00, 0x00, 
    0x00, 0x8c, 0x00, 0x00, 0x00, 0x02, 0xff, 0xff, 0x00, 0x00, 0x01, 0xf3, 
    0x01, 0xf4, 0x00, 0x03, 0x00, 0x07, 0x00, 0x3e, 0xb0, 0x09, 0x1f, 0x01, 
    0x40, 0x0a, 0x00, 0x05, 0x01, 0x00, 0x03, 0x01, 0x00, 0x04, 0x00, 0x00, 
    0x2b, 0x40, 0x0a, 0x00, 0x02, 0x01, 0x00, 0x07, 0x01, 0x00, 0x01, 0x06, 
    0x00, 0x2b, 0x31, 0xb0, 0x09, 0x1f, 0x00, 0x40, 0x0a, 0x00, 0x05, 0x01, 
    0x00, 0x03, 0x01, 0x00, 0x06, 0x02, 0x00, 0x2b, 0xb7, 0x04, 0x07, 0x02, 
    0x01, 0x01, 0x01, 0x00, 0x00, 0x3f, 0x17, 0x3c, 0x2a, 0x30, 0x27, 0x21, 
    0x11, 0x21, 0x13, 0x11, 0x21, 0x11, 0x01, 0x01, 0xf4, 0xfe, 0x0c, 0x0a, 
    0x01, 0xe0, 0x00, 0x01, 0xf4, 0xfe, 0x16, 0x01, 0xe0, 0xfe, 0x20, 0x2e, 
    0x00, 0x02, 0x00, 0x5a, 0x00, 0x00, 0x01, 0x54, 0x02, 0xcf, 0x00, 0x03, 
    0x00, 0x09, 0x00, 0x34, 0xb0, 0x09, 0x1f, 0x01, 0xb3, 0x18, 0x03, 0x01, 
    0x04, 0x2b, 0xb3, 0x00, 0x08, 0x05, 0x04, 0x2b, 0x31, 0xb0, 0x09, 0x1f, 
    0x00, 0xb1, 0x00, 0x0c, 0x42, 0xb7, 0x00, 0x03, 0x02, 0x07, 0x02, 0x01, 
    0x01, 0x00, 0x3f, 0x17, 0x3c, 0x2a, 0xb7, 0x05, 0x06, 0x02, 0x01, 0x09, 
    0x01, 0x08, 0x01, 0x3f, 0x17, 0x3c, 0x2a, 0x30, 0x37, 0x07, 0x33, 0x37, 
    0x0b, 0x01, 0x33, 0x13, 0x37, 0x23, 0x6f, 0x15, 0x60, 0x17, 0x12, 0x2b, 
    0x33, 0x5a, 0x33, 0x62, 0x66, 0x66, 0x66, 0x01, 0x79, 0xfe, 0xcb, 0x01, 
    0x36, 0xef, 0x16, 0x01, 0x00, 0x02, 0x00, 0xa8, 0x01, 0xcf, 0x01, 0xb7, 
    0x02, 0xcf, 0x00, 0x03, 0x00, 0x07, 0x00, 0x34, 0xb0, 0x09, 0x1f, 0x01, 
    0x40, 0x09, 0x04, 0x01, 0x00, 0x00, 0x00, 0x18, 0x02, 0x00, 0x00, 0x2b, 
    0x40, 0x09, 0x00, 0x00, 0x02, 0x01, 0x00, 0x18, 0x06, 0x04, 0x00, 0x2b, 
    0x31, 0xb0, 0x09, 0x1f, 0x00, 0x40, 0x0c, 0x00, 0x01, 0x04, 0x05, 0x04, 
    0x01, 0x03, 0x06, 0x07, 0x03, 0x02, 0x01, 0x3f, 0x17, 0x3c, 0x2a, 0x30, 
    0x13, 0x33, 0x13, 0x23, 0x13, 0x33, 0x13, 0x23, 0xa8, 0x48, 0x37, 0x46, 
    0x54, 0x4a, 0x38, 0x4a, 0x01, 0xcf, 0x01, 0x00, 0xff, 0x00, 0x01, 0x00, 
    0x00, 0x02, 0x00, 0x48, 0x00, 0x00, 0x02, 0x77, 0x02, 0xb1, 0x00, 0x1b, 
    0x00, 0x1f, 0x00, 0x51, 0xb0, 0x09, 0x1f, 0x01, 0xb3, 0x00, 0x0c, 0x1a, 
    0x04, 0x2b, 0x31, 0xb7, 0x1c, 0x1f, 0x1e, 0x1d, 0x04, 0x0c, 0x1a, 0x02, 
    0x2b, 0xb0, 0x09, 0x1f, 0x00, 0xb7, 0x00, 0x01, 0x01, 0x04, 0x05, 0x03, 
    0x00, 0x00, 0x3f, 0x17, 0x3c, 0x2a, 0x40, 0x12, 0x00, 0x08, 0x09, 0x18, 
    0x19, 0x1e, 0x05, 0x00, 0x03, 0x06, 0x07, 0x1a, 0x1b, 0x05, 0x0c, 0x1f, 
    0x02, 0x00, 0x2b, 0x40, 0x12, 0x00, 0x0a, 0x0b, 0x16, 0x17, 0x1d, 0x05, 
    0x00, 0x0d, 0x10, 0x11, 0x14, 0x15, 0x05, 0x0c, 0x1c, 0x0c, 0x00, 0x2b, 
    0x30, 0x37, 0x33, 0x37, 0x33, 0x07, 0x33, 0x37, 0x33, 0x37, 0x23, 0x37, 
    0x33, 0x37, 0x23, 0x37, 0x23, 0x07, 0x23, 0x37, 0x23, 0x07, 0x23, 0x07, 
    0x33, 0x07, 0x23, 0x07, 0x33, 0x37, 0x33, 0x07, 0x23, 0x66, 0x42, 0x4a, 
    0x7d, 0x4a, 0x42, 0x4b, 0x67, 0x16, 0x68, 0x33, 0x67, 0x16, 0x66, 0x49, 
    0x45, 0x48, 0x7b, 0x48, 0x42, 0x4a, 0x66, 0x17, 0x65, 0x31, 0x65, 0x18, 
    0x68, 0x8a, 0x7c, 0x31, 0x7b, 0x00, 0xd3, 0xd3, 0xd3, 0x3e, 0x8f, 0x3f, 
    0xd2, 0xd2, 0xd2, 0xd2, 0x3f, 0x8f, 0x3e, 0xcd, 0x8f, 0x71, 0x72, 0x73, 
    0x00, 0x03, 0x00, 0x42, 0xff, 0x8d, 0x02, 0x6b, 0x03, 0x07, 0x00, 0x3a, 
    0x00, 0x41, 0x00, 0x4d, 0x00, 0x9e, 0xb0, 0x09, 0x1f, 0x01, 0x40, 0x0a, 
    0x00, 0x01, 0x00, 0x00, 0x3a, 0x01, 0x18, 0x02, 0x39, 0x00, 0x2b, 0x40, 
    0x0a, 0x14, 0x01, 0x00, 0x0f, 0x01, 0x00, 0x18, 0x3d, 0x10, 0x00, 0x2b, 
    0x40, 0x0b, 0x1c, 0x1d, 0x02, 0x00, 0x1e, 0x01, 0x00, 0x18, 0x1b, 0x1f, 
    0x00, 0x2b, 0x40, 0x09, 0x00, 0x00, 0x32, 0x01, 0x00, 0x18, 0x2e, 0x47, 
    0x00, 0x2b, 0x31, 0xb6, 0x3b, 0x41, 0x3f, 0x03, 0x3d, 0x39, 0x02, 0x2b, 
    0x40, 0x0a, 0x42, 0x4d, 0x4b, 0x49, 0x45, 0x43, 0x06, 0x1f, 0x02, 0x02, 
    0x2b, 0xb0, 0x09, 0x1f, 0x00, 0x40, 0x0a, 0x00, 0x3a, 0x01, 0x00, 0x08, 
    0x01, 0x00, 0x00, 0x07, 0x00, 0x2b, 0x40, 0x09, 0x00, 0x00, 0x00, 0x09, 
    0x01, 0x0c, 0x41, 0x06, 0x00, 0x2b, 0x40, 0x0a, 0x00, 0x26, 0x01, 0x00, 
    0x1e, 0x01, 0x00, 0x27, 0x1d, 0x00, 0x2b, 0xb1, 0x00, 0x0c, 0x42, 0xb6, 
    0x4d, 0x01, 0x07, 0x28, 0x01, 0x25, 0x00, 0x3f, 0x17, 0x3c, 0x2a, 0x30, 
    0xb4, 0x3f, 0x01, 0x00, 0x07, 0x02, 0x2b, 0x40, 0x0a, 0x42, 0x4b, 0x49, 
    0x47, 0x45, 0x43, 0x06, 0x25, 0x06, 0x02, 0x2b, 0x01, 0x36, 0x35, 0x34, 
    0x27, 0x26, 0x23, 0x37, 0x23, 0x07, 0x22, 0x07, 0x06, 0x07, 0x06, 0x0f, 
    0x01, 0x14, 0x17, 0x16, 0x17, 0x16, 0x17, 0x03, 0x26, 0x27, 0x26, 0x35, 
    0x3f, 0x01, 0x23, 0x07, 0x14, 0x17, 0x16, 0x17, 0x16, 0x33, 0x07, 0x33, 
    0x37, 0x32, 0x37, 0x36, 0x37, 0x36, 0x35, 0x34, 0x27, 0x26, 0x27, 0x26, 
    0x27, 0x37, 0x16, 0x17, 0x16, 0x1d, 0x01, 0x07, 0x26, 0x35, 0x36, 0x37, 
    0x36, 0x33, 0x03, 0x17, 0x16, 0x17, 0x16, 0x15, 0x14, 0x07, 0x06, 0x07, 
    0x06, 0x23, 0x02, 0x67, 0x04, 0x2a, 0x2c, 0x52, 0x0e, 0x2f, 0x0e, 0x3a, 
    0x34, 0x35, 0x24, 0x25, 0x0c, 0x06, 0x19, 0x16, 0x24, 0x27, 0x30, 0x38, 
    0x38, 0x19, 0x19, 0x03, 0x03, 0x58, 0x0a, 0x32, 0x1b, 0x21, 0x23, 0x27, 
    0x15, 0x2e, 0x16, 0x48, 0x3f, 0x3f, 0x23, 0x24, 0x15, 0x18, 0x22, 0x1e, 
    0x48, 0x33, 0x35, 0x15, 0x13, 0xbd, 0x62, 0x0d, 0x25, 0x23, 0x3e, 0x18, 
    0x33, 0x1a, 0x0f, 0x10, 0x16, 0x17, 0x26, 0x26, 0x29, 0x02, 0x09, 0x11, 
    0x1a, 0x46, 0x27, 0x26, 0x40, 0x40, 0x19, 0x1a, 0x2d, 0x2c, 0x37, 0x2f, 
    0x2d, 0x1f, 0x1b, 0x11, 0x13, 0x0c, 0xfe, 0xf9, 0x08, 0x17, 0x16, 0x30, 
    0x1a, 0x1f, 0x48, 0x51, 0x27, 0x13, 0x0b, 0x0b, 0x5f, 0x5f, 0x24, 0x25, 
    0x3c, 0x3c, 0x47, 0x2d, 0x1c, 0x1e, 0x10, 0x0e, 0x15, 0xf1, 0x0a, 0x18, 
    0x16, 0x2a, 0x14, 0x6f, 0x11, 0x47, 0x3f, 0x28, 0x26, 0xfe, 0xb6, 0x12, 
    0x08, 0x15, 0x16, 0x23, 0x29, 0x22, 0x23, 0x14, 0x14, 0x00, 0x00, 0x00, 
    0x00, 0x05, 0x00, 0x92, 0xff, 0xec, 0x03, 0x79, 0x02, 0xbf, 0x00, 0x17, 
    0x00, 0x2d, 0x00, 0x31, 0x00, 0x4a, 0x00, 0x60, 0x00, 0xaf, 0xb0, 0x09, 
    0x1f, 0x01, 0x40, 0x0b, 0x00, 0x18, 0x02, 0x00, 0x06, 0x01, 0x00, 0x18, 
    0x2c, 0x04, 0x00, 0x2b, 0x40, 0x09, 0x00, 0x00, 0x14, 0x01, 0x00, 0x18, 
    0x10, 0x20, 0x00, 0x2b, 0xb3, 0x00, 0x30, 0x2e, 0x04, 0x2b, 0x40, 0x0c, 
    0x32, 0x4b, 0x5d, 0x03, 0x00, 0x39, 0x01, 0x00, 0x18, 0x5f, 0x38, 0x00, 
    0x2b, 0x40, 0x09, 0x00, 0x00, 0x47, 0x01, 0x00, 0x18, 0x43, 0x53, 0x00, 
    0x2b, 0x31, 0x40, 0x0c, 0x2a, 0x28, 0x26, 0x24, 0x22, 0x1e, 0x1c, 0x1a, 
    0x08, 0x2c, 0x20, 0x02, 0x2b, 0x40, 0x0b, 0x5b, 0x59, 0x57, 0x55, 0x51, 
    0x4f, 0x4d, 0x07, 0x5f, 0x53, 0x02, 0x2b, 0xb0, 0x09, 0x1f, 0x00, 0xb3, 
    0x0c, 0x0a, 0x26, 0x04, 0x2b, 0xb3, 0x0c, 0x16, 0x1c, 0x04, 0x2b, 0xb7, 
    0x30, 0x31, 0x02, 0x01, 0x2f, 0x01, 0x2e, 0x00, 0x3f, 0x17, 0x3c, 0x2a, 
    0xb1, 0x00, 0x0c, 0x42, 0xb5, 0x59, 0x01, 0x07, 0x00, 0x3d, 0x00, 0x3f, 
    0x17, 0x3c, 0x2a, 0xb3, 0x0c, 0x49, 0x4f, 0x04, 0x2b, 0x30, 0x40, 0x0c, 
    0x18, 0x2c, 0x2a, 0x24, 0x22, 0x20, 0x1e, 0x1a, 0x08, 0x0a, 0x16, 0x02, 
    0x2b, 0x40, 0x0d, 0x4b, 0x5f, 0x5d, 0x5b, 0x57, 0x55, 0x53, 0x51, 0x4d, 
    0x09, 0x3d, 0x49, 0x02, 0x2b, 0x13, 0x06, 0x07, 0x06, 0x15, 0x16, 0x15, 
    0x16, 0x17, 0x16, 0x33, 0x32, 0x37, 0x36, 0x37, 0x36, 0x35, 0x34, 0x27, 
    0x26, 0x27, 0x26, 0x23, 0x22, 0x07, 0x36, 0x37, 0x36, 0x33, 0x32, 0x17, 
    0x16, 0x15, 0x14, 0x07, 0x06, 0x07, 0x06, 0x07, 0x22, 0x27, 0x26, 0x27, 
    0x26, 0x35, 0x36, 0x03, 0x33, 0x01, 0x23, 0x03, 0x06, 0x07, 0x06, 0x07, 
    0x06, 0x15, 0x17, 0x16, 0x17, 0x16, 0x33, 0x32, 0x37, 0x36, 0x37, 0x36, 
    0x35, 0x34, 0x27, 0x26, 0x27, 0x26, 0x23, 0x22, 0x07, 0x36, 0x37, 0x36, 
    0x33, 0x32, 0x17, 0x16, 0x15, 0x14, 0x07, 0x06, 0x07, 0x06, 0x07, 0x22, 
    0x27, 0x26, 0x27, 0x26, 0x35, 0x36, 0xe1, 0x24, 0x15, 0x16, 0x04, 0x0b, 
    0x24, 0x23, 0x31, 0x36, 0x32, 0x31, 0x1f, 0x1f, 0x13, 0x14, 0x1f, 0x21, 
    0x26, 0x44, 0x39, 0x0d, 0x21, 0x20, 0x22, 0x25, 0x16, 0x17, 0x12, 0x10, 
    0x1d, 0x1b, 0x21, 0x12, 0x0d, 0x0f, 0x0c, 0x18, 0x04, 0x08, 0x37, 0x02, 
    0x24, 0x36, 0x93, 0x24, 0x14, 0x0c, 0x04, 0x06, 0x04, 0x0b, 0x23, 0x24, 
    0x31, 0x36, 0x32, 0x30, 0x20, 0x1f, 0x12, 0x13, 0x20, 0x20, 0x26, 0x46, 
    0x39, 0x0c, 0x20, 0x20, 0x23, 0x24, 0x17, 0x17, 0x12, 0x10, 0x1d, 0x1a, 
    0x22, 0x23, 0x16, 0x0a, 0x08, 0x07, 0x03, 0x02, 0x85, 0x1e, 0x2c, 0x2c, 
    0x29, 0x0b, 0x0e, 0x35, 0x1a, 0x1c, 0x1d, 0x1c, 0x31, 0x2f, 0x38, 0x27, 
    0x1c, 0x1d, 0x12, 0x12, 0x90, 0x1f, 0x16, 0x15, 0x18, 0x1a, 0x20, 0x20, 
    0x1a, 0x19, 0x11, 0x10, 0x03, 0x06, 0x07, 0x09, 0x15, 0x23, 0x1e, 0xfd, 
    0xd8, 0x02, 0xd3, 0xfe, 0x5a, 0x1e, 0x2b, 0x1a, 0x11, 0x15, 0x13, 0x19, 
    0x34, 0x1b, 0x1b, 0x1d, 0x1c, 0x2f, 0x2e, 0x37, 0x25, 0x1f, 0x1e, 0x12, 
    0x11, 0x90, 0x21, 0x15, 0x14, 0x17, 0x17, 0x22, 0x21, 0x1b, 0x1b, 0x0f, 
    0x10, 0x03, 0x16, 0x0a, 0x10, 0x0d, 0x11, 0x1a, 0x00, 0x03, 0x00, 0x4e, 
    0xff, 0xf0, 0x02, 0x86, 0x02, 0xcf, 0x00, 0x30, 0x00, 0x3e, 0x00, 0x4c, 
    0x00, 0x97, 0xb0, 0x09, 0x1f, 0x01, 0x40, 0x09, 0x44, 0x01, 0x00, 0x00, 
    0x00, 0x18, 0x43, 0x00, 0x00, 0x2b, 0x40, 0x0a, 0x00, 0x11, 0x01, 0x2b, 
    0x01, 0x00, 0x00, 0x0c, 0x29, 0x00, 0x2b, 0xb3, 0x18, 0x1c, 0x35, 0x04, 
    0x2b, 0x40, 0x09, 0x48, 0x01, 0x00, 0x00, 0x00, 0x18, 0x3b, 0x28, 0x00, 
    0x2b, 0x31, 0xb5, 0x31, 0x33, 0x02, 0x0c, 0x29, 0x02, 0x2b, 0x40, 0x09, 
    0x4b, 0x49, 0x3d, 0x39, 0x37, 0x05, 0x3b, 0x35, 0x02, 0x2b, 0xb5, 0x46, 
    0x41, 0x02, 0x43, 0x28, 0x02, 0x2b, 0xb4, 0x3f, 0x01, 0x3b, 0x28, 0x02, 
    0x2b, 0xb0, 0x09, 0x1f, 0x00, 0xb1, 0x00, 0x0c, 0x42, 0xb5, 0x3f, 0x01, 
    0x07, 0x00, 0x06, 0x00, 0x3f, 0x17, 0x3c, 0x2a, 0xb7, 0x11, 0x12, 0x02, 
    0x01, 0x0c, 0x01, 0x0b, 0x00, 0x3f, 0x17, 0x3c, 0x2a, 0xb1, 0x00, 0x0c, 
    0x42, 0xb5, 0x31, 0x01, 0x07, 0x00, 0x22, 0x01, 0x3f, 0x17, 0x3c, 0x2a, 
    0x30, 0x40, 0x11, 0x4b, 0x49, 0x48, 0x46, 0x44, 0x43, 0x41, 0x3d, 0x3b, 
    0x39, 0x37, 0x35, 0x33, 0x0d, 0x06, 0x22, 0x02, 0x2b, 0x37, 0x14, 0x17, 
    0x16, 0x17, 0x16, 0x33, 0x32, 0x37, 0x36, 0x37, 0x17, 0x33, 0x27, 0x36, 
    0x37, 0x36, 0x37, 0x23, 0x07, 0x14, 0x07, 0x06, 0x07, 0x27, 0x36, 0x37, 
    0x36, 0x35, 0x34, 0x27, 0x26, 0x27, 0x26, 0x23, 0x22, 0x07, 0x06, 0x07, 
    0x06, 0x0f, 0x01, 0x14, 0x17, 0x16, 0x17, 0x06, 0x07, 0x06, 0x01, 0x16, 
    0x17, 0x16, 0x15, 0x14, 0x07, 0x06, 0x07, 0x26, 0x27, 0x34, 0x37, 0x36, 
    0x03, 0x22, 0x27, 0x26, 0x35, 0x37, 0x36, 0x37, 0x36, 0x37, 0x17, 0x06, 
    0x07, 0x06, 0x4e, 0x31, 0x19, 0x1e, 0x1d, 0x23, 0x45, 0x39, 0x3b, 0x31, 
    0x33, 0x73, 0x5f, 0x27, 0x14, 0x17, 0x0d, 0x52, 0x18, 0x0c, 0x0c, 0x04, 
    0x62, 0x48, 0x32, 0x32, 0x1d, 0x10, 0x14, 0x18, 0x1a, 0x41, 0x31, 0x30, 
    0x1d, 0x1e, 0x04, 0x02, 0x0b, 0x0b, 0x19, 0x6e, 0x33, 0x34, 0x01, 0x71, 
    0x16, 0x0f, 0x0e, 0x20, 0x1e, 0x39, 0x21, 0x0e, 0x20, 0x1c, 0x7e, 0x28, 
    0x1d, 0x1f, 0x04, 0x0b, 0x27, 0x28, 0x44, 0x77, 0x1e, 0x2d, 0x2f, 0x75, 
    0x3f, 0x22, 0x11, 0x0a, 0x09, 0x19, 0x18, 0x31, 0x52, 0x9a, 0x38, 0x25, 
    0x29, 0x32, 0x3d, 0x01, 0x15, 0x17, 0x05, 0x9c, 0x26, 0x39, 0x38, 0x46, 
    0x31, 0x20, 0x11, 0x09, 0x08, 0x19, 0x19, 0x29, 0x2a, 0x2d, 0x14, 0x19, 
    0x1b, 0x1c, 0x2b, 0x2f, 0x42, 0x43, 0x01, 0xa9, 0x03, 0x10, 0x11, 0x19, 
    0x2b, 0x23, 0x20, 0x21, 0x2f, 0x3b, 0x2b, 0x1b, 0x1c, 0xfd, 0xbc, 0x19, 
    0x19, 0x29, 0x18, 0x35, 0x24, 0x25, 0x24, 0xc7, 0x21, 0x16, 0x17, 0x35, 
    0x00, 0x01, 0x00, 0x96, 0x01, 0xcf, 0x01, 0x37, 0x02, 0xd0, 0x00, 0x0c, 
    0x00, 0x22, 0xb0, 0x09, 0x1f, 0x01, 0x40, 0x09, 0x00, 0x00, 0x00, 0x01, 
    0x00, 0x00, 0x08, 0x01, 0x00, 0x2b, 0x31, 0xb0, 0x09, 0x1f, 0x00, 0xb6, 
    0x01, 0x01, 0x01, 0x09, 0x01, 0x08, 0x01, 0x3f, 0x17, 0x3c, 0x2a, 0x30, 
    0x13, 0x07, 0x36, 0x37, 0x36, 0x37, 0x36, 0x3f, 0x01, 0x23, 0x07, 0x33, 
    0x06, 0xa0, 0x0a, 0x24, 0x1d, 0x1b, 0x14, 0x11, 0x08, 0x18, 0x68, 0x17, 
    0x34, 0x11, 0x02, 0x00, 0x31, 0x07, 0x17, 0x14, 0x20, 0x20, 0x25, 0x6a, 
    0x6b, 0x5e, 0xb5, 0x46, 0x00, 0x01, 0x00, 0x6b, 0xff, 0x31, 0x01, 0xc7, 
    0x02, 0xde, 0x00, 0x24, 0x00, 0x36, 0xb0, 0x09, 0x1f, 0x01, 0x40, 0x0d, 
    0x0b, 0x0f, 0x11, 0x03, 0x0d, 0x01, 0x02, 0x01, 0x00, 0x18, 0x08, 0x04, 
    0x00, 0x2b, 0x40, 0x0c, 0x00, 0x00, 0x08, 0x0b, 0x0d, 0x11, 0x04, 0x00, 
    0x00, 0x19, 0x0f, 0x00, 0x2b, 0x31, 0xb0, 0x09, 0x1f, 0x00, 0xb7, 0x08, 
    0x09, 0x02, 0x01, 0x1a, 0x01, 0x19, 0x01, 0x3f, 0x17, 0x3c, 0x2a, 0x30, 
    0x13, 0x06, 0x07, 0x06, 0x15, 0x14, 0x17, 0x16, 0x17, 0x33, 0x26, 0x27, 
    0x26, 0x35, 0x34, 0x37, 0x36, 0x37, 0x36, 0x37, 0x36, 0x37, 0x36, 0x37, 
    0x36, 0x37, 0x23, 0x07, 0x06, 0x31, 0x06, 0x07, 0x06, 0x07, 0x06, 0x07, 
    0x06, 0x7f, 0x0a, 0x05, 0x05, 0x17, 0x15, 0x2e, 0x3b, 0x1f, 0x0d, 0x0f, 
    0x04, 0x03, 0x03, 0x0f, 0x14, 0x17, 0x1f, 0x1f, 0x27, 0x24, 0x35, 0x3e, 
    0x24, 0x16, 0x1a, 0x05, 0x30, 0x17, 0x23, 0x18, 0x1e, 0x01, 0x13, 0x2c, 
    0x21, 0x23, 0x22, 0x48, 0x59, 0x52, 0x5d, 0x60, 0x47, 0x4a, 0x44, 0x20, 
    0x1d, 0x20, 0x14, 0x58, 0x3c, 0x44, 0x3d, 0x3c, 0x3b, 0x36, 0x45, 0x2a, 
    0x1a, 0x1c, 0x07, 0x3d, 0x28, 0x39, 0x3b, 0x47, 0x00, 0x01, 0xff, 0xf6, 
    0xff, 0x31, 0x01, 0x50, 0x02, 0xde, 0x00, 0x0f, 0x00, 0x35, 0xb0, 0x09, 
    0x1f, 0x01, 0x40, 0x09, 0x00, 0x00, 0x0b, 0x01, 0x00, 0x18, 0x09, 0x0e, 
    0x00, 0x2b, 0x31, 0xb7, 0x00, 0x0c, 0x03, 0x01, 0x04, 0x00, 0x09, 0x02, 
    0x2b, 0xb5, 0x07, 0x05, 0x02, 0x09, 0x0e, 0x02, 0x2b, 0xb0, 0x09, 0x1f, 
    0x00, 0xb7, 0x00, 0x01, 0x02, 0x01, 0x0c, 0x01, 0x0b, 0x01, 0x3f, 0x17, 
    0x3c, 0x2a, 0x30, 0x07, 0x33, 0x36, 0x37, 0x36, 0x37, 0x36, 0x37, 0x36, 
    0x35, 0x34, 0x27, 0x23, 0x16, 0x15, 0x10, 0x0a, 0x3f, 0x44, 0x34, 0x32, 
    0x26, 0x25, 0x13, 0x13, 0x58, 0x3b, 0x35, 0xcf, 0x46, 0x4a, 0x45, 0x4d, 
    0x4b, 0x4d, 0x4b, 0x53, 0xa7, 0xae, 0x9d, 0x99, 0xfe, 0xc3, 0x15, 0x2e, 
    0x00, 0x01, 0x00, 0xa4, 0x01, 0xb0, 0x01, 0xdb, 0x02, 0xcf, 0x00, 0x0e, 
    0x00, 0x23, 0xb0, 0x09, 0x1f, 0x01, 0x40, 0x09, 0x09, 0x01, 0x00, 0x00, 
    0x00, 0x00, 0x08, 0x00, 0x00, 0x2b, 0x31, 0xb0, 0x09, 0x1f, 0x00, 0xb7, 
    0x03, 0x05, 0x02, 0x01, 0x0c, 0x01, 0x0b, 0x01, 0x3f, 0x17, 0x3c, 0x2a, 
    0x30, 0x13, 0x17, 0x07, 0x17, 0x37, 0x17, 0x37, 0x27, 0x37, 0x27, 0x07, 
    0x37, 0x23, 0x07, 0x27, 0xa4, 0x66, 0x56, 0x29, 0x56, 0x2d, 0x38, 0x31, 
    0x74, 0x08, 0x71, 0x17, 0x3d, 0x17, 0x62, 0x02, 0x50, 0x23, 0x5c, 0x21, 
    0x5d, 0x5d, 0x21, 0x5e, 0x21, 0x36, 0x25, 0x6e, 0x6e, 0x25, 0x35, 0xcf, 
    0x00, 0x01, 0x00, 0x54, 0x00, 0x00, 0x02, 0x5d, 0x01, 0xfa, 0x00, 0x0b, 
    0x00, 0x32, 0xb0, 0x09, 0x1f, 0x01, 0x40, 0x09, 0x05, 0x01, 0x00, 0x00, 
    0x00, 0x00, 0x06, 0x00, 0x00, 0x2b, 0x31, 0xb0, 0x09, 0x1f, 0x00, 0x40, 
    0x0e, 0x00, 0x01, 0x04, 0x05, 0x03, 0x00, 0x07, 0x0a, 0x0b, 0x03, 0x0c, 
    0x00, 0x06, 0x00, 0x2b, 0xb5, 0x00, 0x01, 0x03, 0x01, 0x02, 0x00, 0x3f, 
    0x17, 0x3c, 0x2a, 0x30, 0x37, 0x33, 0x07, 0x33, 0x37, 0x33, 0x37, 0x23, 
    0x37, 0x23, 0x07, 0x23, 0x54, 0xdb, 0x2f, 0x4a, 0x2d, 0xd9, 0x0d, 0xd6, 
    0x2d, 0x49, 0x2f, 0xd8, 0xd9, 0xd9, 0xd9, 0x48, 0xd9, 0xd9, 0x35, 0xcf, 
    0x00, 0x01, 0x00, 0x39, 0xff, 0x6e, 0x00, 0xd7, 0x00, 0x69, 0x00, 0x0a, 
    0x00, 0x1c, 0xb0, 0x09, 0x1f, 0x01, 0x40, 0x09, 0x00, 0x00, 0x03, 0x01, 
    0x00, 0x00, 0x09, 0x04, 0x00, 0x2b, 0x31, 0xb0, 0x09, 0x1f, 0x00, 0xb3, 
    0x00, 0x03, 0x04, 0x04, 0x2b, 0x30, 0x37, 0x33, 0x06, 0x0f, 0x01, 0x36, 
    0x37, 0x36, 0x3f, 0x01, 0x23, 0x58, 0x35, 0x18, 0x33, 0x09, 0x36, 0x22, 
    0x22, 0x0c, 0x18, 0x6a, 0x00, 0x62, 0x04, 0x2c, 0x08, 0x28, 0x28, 0x3a, 
    0x69, 0x23, 0x07, 0x23, 0x00, 0x01, 0x00, 0x5e, 0x00, 0xe8, 0x01, 0x65, 
    0x01, 0x42, 0x00, 0x03, 0x00, 0x1d, 0xb0, 0x09, 0x1f, 0x01, 0xb3, 0x00, 
    0x02, 0x00, 0x04, 0x2b, 0x31, 0xb0, 0x09, 0x1f, 0x00, 0x40, 0x0a, 0x00, 
    0x01, 0x01, 0x00, 0x03, 0x01, 0x0c, 0x00, 0x02, 0x00, 0x2b, 0x30, 0x37, 
    0x33, 0x37, 0x23, 0x5e, 0xf4, 0x13, 0xf6, 0xe8, 0x5a, 0x58, 0x35, 0x18, 
    0x00, 0x01, 0x00, 0x58, 0x00, 0x02, 0x00, 0xd7, 0x00, 0x6b, 0x00, 0x03, 
    0x00, 0x1d, 0xb0, 0x09, 0x1f, 0x01, 0xb3, 0x18, 0x02, 0x00, 0x04, 0x2b, 
    0x31, 0xb0, 0x09, 0x1f, 0x00, 0x40, 0x0a, 0x00, 0x01, 0x01, 0x00, 0x03, 
    0x01, 0x0c, 0x00, 0x02, 0x00, 0x2b, 0x30, 0x37, 0x33, 0x37, 0x23, 0x58, 
    0x67, 0x18, 0x6a, 0x02, 0x69, 0x58, 0x35, 0x18, 0x00, 0x01, 0xff, 0xeb, 
    0xff, 0xec, 0x01, 0xc5, 0x02, 0xe2, 0x00, 0x03, 0x00, 0x26, 0xb0, 0x09, 
    0x1f, 0x01, 0xb3, 0x00, 0x02, 0x00, 0x04, 0x2b, 0x31, 0xb0, 0x09, 0x1f, 
    0x00, 0xb5, 0x00, 0x01, 0x01, 0x01, 0x00, 0x00, 0x3f, 0x17, 0x3c, 0x2a, 
    0xb5, 0x00, 0x01, 0x03, 0x01, 0x02, 0x01, 0x3f, 0x17, 0x3c, 0x2a, 0x30, 
    0x07, 0x33, 0x01, 0x23, 0x15, 0x44, 0x01, 0x96, 0x42, 0x14, 0x02, 0xf6, 
    0x00, 0x02, 0x00, 0x5f, 0xff, 0xec, 0x02, 0x5f, 0x02, 0xbf, 0x00, 0x1c, 
    0x00, 0x34, 0x00, 0x5b, 0xb0, 0x09, 0x1f, 0x01, 0x40, 0x0a, 0x00, 0x00, 
    0x0c, 0x29, 0x02, 0x00, 0x18, 0x10, 0x27, 0x00, 0x2b, 0x40, 0x0c, 0x04, 
    0x18, 0x33, 0x03, 0x00, 0x00, 0x01, 0x00, 0x18, 0x31, 0x1c, 0x00, 0x2b, 
    0x31, 0x40, 0x0c, 0x1d, 0x2f, 0x2d, 0x2b, 0x25, 0x23, 0x21, 0x1f, 0x08, 
    0x31, 0x27, 0x02, 0x2b, 0xb0, 0x09, 0x1f, 0x00, 0xb1, 0x00, 0x0c, 0x42, 
    0xb5, 0x2f, 0x01, 0x07, 0x00, 0x06, 0x00, 0x3f, 0x17, 0x3c, 0x2a, 0xb3, 
    0x0c, 0x14, 0x23, 0x04, 0x2b, 0x30, 0x40, 0x0e, 0x1d, 0x33, 0x31, 0x2d, 
    0x2b, 0x29, 0x27, 0x25, 0x21, 0x1f, 0x0a, 0x06, 0x14, 0x02, 0x2b, 0x37, 
    0x16, 0x17, 0x16, 0x17, 0x16, 0x33, 0x32, 0x37, 0x36, 0x37, 0x36, 0x37, 
    0x36, 0x37, 0x36, 0x35, 0x34, 0x27, 0x26, 0x23, 0x22, 0x07, 0x06, 0x07, 
    0x06, 0x07, 0x06, 0x15, 0x37, 0x36, 0x37, 0x36, 0x37, 0x36, 0x33, 0x32, 
    0x17, 0x16, 0x15, 0x14, 0x07, 0x06, 0x07, 0x06, 0x07, 0x06, 0x23, 0x22, 
    0x35, 0x34, 0x37, 0x36, 0x62, 0x04, 0x16, 0x13, 0x28, 0x26, 0x34, 0x2b, 
    0x25, 0x22, 0x22, 0x3d, 0x26, 0x23, 0x11, 0x23, 0x2d, 0x2d, 0x59, 0x51, 
    0x41, 0x41, 0x29, 0x29, 0x14, 0x14, 0x76, 0x14, 0x21, 0x1f, 0x26, 0x25, 
    0x32, 0x2f, 0x18, 0x17, 0x05, 0x05, 0x0a, 0x1a, 0x31, 0x33, 0x57, 0x61, 
    0x08, 0x05, 0x92, 0x33, 0x25, 0x24, 0x15, 0x15, 0x0c, 0x0b, 0x18, 0x2e, 
    0x42, 0x3e, 0x41, 0x83, 0x59, 0x5f, 0x3d, 0x3d, 0x2f, 0x2f, 0x4d, 0x4b, 
    0x59, 0x59, 0x4b, 0xad, 0x55, 0x39, 0x35, 0x1a, 0x19, 0x25, 0x26, 0x44, 
    0x1f, 0x26, 0x25, 0x2a, 0x70, 0x4f, 0x50, 0x90, 0x1d, 0x32, 0x1f, 0x23, 
    0x00, 0x01, 0x00, 0xcf, 0x00, 0x00, 0x01, 0xfc, 0x02, 0xbf, 0x00, 0x0a, 
    0x00, 0x1d, 0xb0, 0x09, 0x1f, 0x01, 0xb3, 0x00, 0x02, 0x09, 0x04, 0x2b, 
    0x31, 0xb0, 0x09, 0x1f, 0x00, 0xb7, 0x09, 0x0a, 0x02, 0x01, 0x01, 0x01, 
    0x00, 0x00, 0x3f, 0x17, 0x3c, 0x2a, 0x30, 0x25, 0x33, 0x13, 0x23, 0x06, 
    0x07, 0x06, 0x0f, 0x02, 0x33, 0x01, 0x0a, 0x5d, 0x95, 0x45, 0x1c, 0x23, 
    0x21, 0x2a, 0x4e, 0x10, 0xa4, 0x00, 0x02, 0xbf, 0x41, 0x1a, 0x1b, 0x05, 
    0x0a, 0x46, 0x01, 0x07, 0x00, 0x01, 0x00, 0x19, 0x00, 0x00, 0x02, 0x69, 
    0x02, 0xb9, 0x00, 0x40, 0x00, 0x5b, 0xb0, 0x09, 0x1f, 0x01, 0x40, 0x0d, 
    0x16, 0x01, 0x00, 0x01, 0x02, 0x11, 0x1a, 0x04, 0x00, 0x18, 0x15, 0x2f, 
    0x00, 0x2b, 0x31, 0x40, 0x1f, 0x00, 0x3f, 0x3d, 0x3b, 0x39, 0x37, 0x35, 
    0x33, 0x31, 0x2d, 0x2b, 0x29, 0x27, 0x25, 0x23, 0x22, 0x20, 0x1e, 0x1c, 
    0x0f, 0x0e, 0x0d, 0x0b, 0x09, 0x07, 0x05, 0x03, 0x1b, 0x00, 0x15, 0x02, 
    0x2b, 0xb5, 0x18, 0x13, 0x02, 0x15, 0x2f, 0x02, 0x2b, 0xb0, 0x09, 0x1f, 
    0x00, 0xb1, 0x00, 0x0c, 0x42, 0xb7, 0x02, 0x03, 0x02, 0x07, 0x01, 0x01, 
    0x00, 0x00, 0x3f, 0x17, 0x3c, 0x2a, 0xb3, 0x0c, 0x1c, 0x2b, 0x04, 0x2b, 
    0x30, 0x37, 0x21, 0x37, 0x21, 0x36, 0x37, 0x36, 0x37, 0x30, 0x37, 0x36, 
    0x37, 0x36, 0x3f, 0x02, 0x36, 0x37, 0x36, 0x37, 0x36, 0x35, 0x27, 0x26, 
    0x27, 0x26, 0x27, 0x26, 0x23, 0x22, 0x07, 0x06, 0x07, 0x06, 0x07, 0x33, 
    0x36, 0x37, 0x36, 0x37, 0x36, 0x37, 0x36, 0x33, 0x32, 0x17, 0x16, 0x15, 
    0x14, 0x07, 0x06, 0x07, 0x06, 0x07, 0x06, 0x07, 0x06, 0x07, 0x06, 0x07, 
    0x06, 0x07, 0x06, 0x07, 0x06, 0x19, 0x01, 0xe3, 0x12, 0xfe, 0x81, 0x0d, 
    0x1b, 0x19, 0x22, 0x06, 0x0b, 0x07, 0x10, 0x18, 0x29, 0x5b, 0x38, 0x25, 
    0x26, 0x19, 0x17, 0x03, 0x05, 0x1b, 0x1d, 0x2c, 0x2a, 0x35, 0x3b, 0x3c, 
    0x39, 0x2b, 0x2a, 0x0c, 0x58, 0x04, 0x0a, 0x07, 0x0d, 0x17, 0x25, 0x23, 
    0x30, 0x34, 0x1f, 0x20, 0x16, 0x0b, 0x0f, 0x0b, 0x14, 0x1d, 0x34, 0x4e, 
    0x30, 0x36, 0x22, 0x1a, 0x0e, 0x0f, 0x12, 0x1e, 0x00, 0x52, 0x1d, 0x1f, 
    0x1c, 0x14, 0x03, 0x06, 0x05, 0x0b, 0x0a, 0x13, 0x2c, 0x1b, 0x1e, 0x1e, 
    0x2a, 0x2b, 0x39, 0x2c, 0x29, 0x20, 0x1e, 0x11, 0x10, 0x1a, 0x19, 0x39, 
    0x37, 0x53, 0x18, 0x17, 0x14, 0x15, 0x27, 0x17, 0x16, 0x19, 0x1a, 0x31, 
    0x2f, 0x22, 0x12, 0x0f, 0x0c, 0x0d, 0x15, 0x19, 0x27, 0x1b, 0x21, 0x1d, 
    0x17, 0x10, 0x12, 0x1d, 0x30, 0x34, 0x01, 0x71, 0x00, 0x01, 0x00, 0x48, 
    0xff, 0xec, 0x02, 0x61, 0x02, 0xbf, 0x00, 0x3c, 0x00, 0x5f, 0xb0, 0x09, 
    0x1f, 0x01, 0x40, 0x09, 0x00, 0x00, 0x00, 0x01, 0x00, 0x18, 0x3b, 0x01, 
    0x00, 0x2b, 0x40, 0x0a, 0x00, 0x00, 0x09, 0x0f, 0x02, 0x00, 0x18, 0x0d, 
    0x2f, 0x00, 0x2b, 0x40, 0x0b, 0x00, 0x00, 0x19, 0x27, 0x28, 0x03, 0x00, 
    0x18, 0x15, 0x26, 0x00, 0x2b, 0x31, 0xb0, 0x09, 0x1f, 0x00, 0x40, 0x0a, 
    0x00, 0x3c, 0x01, 0x00, 0x20, 0x01, 0x00, 0x00, 0x1f, 0x00, 0x2b, 0xb1, 
    0x00, 0x0c, 0x42, 0xb5, 0x37, 0x01, 0x07, 0x00, 0x05, 0x00, 0x3f, 0x17, 
    0x3c, 0x2a, 0xb3, 0x0c, 0x1b, 0x22, 0x04, 0x2b, 0x40, 0x09, 0x00, 0x2c, 
    0x01, 0x00, 0x00, 0x0c, 0x2d, 0x2a, 0x00, 0x2b, 0x30, 0x37, 0x07, 0x14, 
    0x17, 0x16, 0x33, 0x32, 0x37, 0x36, 0x37, 0x36, 0x37, 0x36, 0x35, 0x34, 
    0x27, 0x36, 0x37, 0x36, 0x37, 0x36, 0x35, 0x34, 0x27, 0x26, 0x27, 0x26, 
    0x23, 0x22, 0x07, 0x06, 0x07, 0x33, 0x36, 0x33, 0x32, 0x17, 0x16, 0x15, 
    0x0f, 0x01, 0x06, 0x23, 0x27, 0x07, 0x37, 0x32, 0x15, 0x14, 0x07, 0x06, 
    0x07, 0x06, 0x07, 0x06, 0x23, 0x22, 0x27, 0x26, 0x35, 0x37, 0x50, 0x08, 
    0x35, 0x35, 0x56, 0x35, 0x3c, 0x37, 0x2d, 0x2c, 0x19, 0x1a, 0x58, 0x2b, 
    0x1c, 0x1d, 0x0c, 0x0d, 0x1a, 0x1a, 0x28, 0x2c, 0x2f, 0x77, 0x43, 0x43, 
    0x15, 0x56, 0x2d, 0x75, 0x3b, 0x1c, 0x1d, 0x01, 0x01, 0x19, 0x91, 0x23, 
    0x10, 0x26, 0x90, 0x18, 0x19, 0x26, 0x16, 0x15, 0x15, 0x15, 0x49, 0x1f, 
    0x21, 0x06, 0xd7, 0x3f, 0x53, 0x2c, 0x2d, 0x14, 0x13, 0x25, 0x24, 0x33, 
    0x34, 0x39, 0x5a, 0x1f, 0x0e, 0x1f, 0x20, 0x28, 0x23, 0x22, 0x33, 0x20, 
    0x20, 0x0f, 0x0e, 0x41, 0x41, 0x64, 0x98, 0x16, 0x17, 0x29, 0x0c, 0x0b, 
    0x76, 0x02, 0x4c, 0x01, 0x60, 0x2c, 0x26, 0x27, 0x16, 0x0b, 0x07, 0x07, 
    0x1c, 0x1b, 0x32, 0x31, 0x00, 0x02, 0x00, 0x3d, 0x00, 0x00, 0x02, 0x40, 
    0x02, 0xbf, 0x00, 0x0a, 0x00, 0x0e, 0x00, 0x3c, 0xb0, 0x09, 0x1f, 0x01, 
    0x40, 0x09, 0x06, 0x01, 0x00, 0x00, 0x00, 0x00, 0x07, 0x01, 0x00, 0x2b, 
    0x31, 0xb0, 0x09, 0x1f, 0x00, 0x40, 0x0e, 0x00, 0x07, 0x08, 0x0e, 0x03, 
    0x00, 0x02, 0x05, 0x06, 0x03, 0x0c, 0x0b, 0x01, 0x00, 0x2b, 0xb7, 0x09, 
    0x0a, 0x02, 0x01, 0x04, 0x01, 0x03, 0x00, 0x3f, 0x17, 0x3c, 0x2a, 0x30, 
    0xb5, 0x0d, 0x0c, 0x02, 0x03, 0x09, 0x02, 0x2b, 0x13, 0x07, 0x21, 0x07, 
    0x33, 0x37, 0x33, 0x37, 0x23, 0x13, 0x23, 0x09, 0x01, 0x33, 0x03, 0x50, 
    0x13, 0x01, 0x34, 0x25, 0x58, 0x25, 0x68, 0x0f, 0x67, 0x61, 0x4a, 0xfe, 
    0xb0, 0x01, 0x21, 0x04, 0x44, 0x01, 0x02, 0x56, 0xac, 0xac, 0x4c, 0x01, 
    0xc7, 0xfe, 0x39, 0x01, 0x3e, 0xfe, 0xc2, 0x34, 0x00, 0x01, 0x00, 0x40, 
    0xff, 0xec, 0x02, 0x6d, 0x02, 0xb1, 0x00, 0x35, 0x00, 0x52, 0xb0, 0x09, 
    0x1f, 0x01, 0x40, 0x0a, 0x05, 0x01, 0x00, 0x00, 0x01, 0x00, 0x18, 0x35, 
    0x01, 0x00, 0x2b, 0x40, 0x0b, 0x0f, 0x01, 0x00, 0x0b, 0x14, 0x02, 0x00, 
    0x18, 0x10, 0x2b, 0x00, 0x2b, 0x31, 0xb0, 0x09, 0x1f, 0x00, 0xb1, 0x00, 
    0x0c, 0x42, 0xb5, 0x31, 0x01, 0x07, 0x00, 0x07, 0x00, 0x3f, 0x17, 0x3c, 
    0x2a, 0x40, 0x0a, 0x00, 0x12, 0x01, 0x00, 0x17, 0x01, 0x0c, 0x25, 0x16, 
    0x00, 0x2b, 0xb1, 0x00, 0x0c, 0x42, 0xb7, 0x1e, 0x1f, 0x02, 0x07, 0x1d, 
    0x01, 0x1c, 0x08, 0x3f, 0x17, 0x3c, 0x2a, 0x30, 0x37, 0x07, 0x14, 0x17, 
    0x16, 0x17, 0x16, 0x33, 0x32, 0x37, 0x36, 0x37, 0x36, 0x37, 0x36, 0x3f, 
    0x01, 0x34, 0x27, 0x26, 0x27, 0x26, 0x2f, 0x01, 0x22, 0x07, 0x06, 0x07, 
    0x37, 0x21, 0x37, 0x21, 0x03, 0x17, 0x36, 0x37, 0x36, 0x33, 0x32, 0x17, 
    0x16, 0x17, 0x16, 0x15, 0x14, 0x07, 0x06, 0x07, 0x06, 0x07, 0x22, 0x27, 
    0x26, 0x35, 0x44, 0x04, 0x1c, 0x1b, 0x30, 0x30, 0x38, 0x37, 0x31, 0x32, 
    0x2a, 0x2b, 0x18, 0x18, 0x08, 0x03, 0x19, 0x1a, 0x26, 0x26, 0x2e, 0x15, 
    0x2d, 0x27, 0x29, 0x10, 0x47, 0x01, 0x2b, 0x11, 0xfe, 0x95, 0x87, 0x4c, 
    0x1b, 0x27, 0x26, 0x27, 0x24, 0x1d, 0x1f, 0x10, 0x11, 0x1a, 0x1b, 0x2c, 
    0x2c, 0x35, 0x2f, 0x23, 0x23, 0xb0, 0x23, 0x38, 0x23, 0x24, 0x11, 0x11, 
    0x15, 0x14, 0x25, 0x26, 0x2f, 0x2e, 0x39, 0x24, 0x37, 0x25, 0x25, 0x13, 
    0x12, 0x05, 0x01, 0x0f, 0x11, 0x0e, 0xc2, 0x57, 0xfe, 0x86, 0x04, 0x1e, 
    0x12, 0x12, 0x0d, 0x0e, 0x19, 0x1c, 0x29, 0x32, 0x2c, 0x2d, 0x1a, 0x1a, 
    0x06, 0x1d, 0x1d, 0x3f, 0x00, 0x02, 0x00, 0x5a, 0xff, 0xec, 0x02, 0x67, 
    0x02, 0xbf, 0x00, 0x36, 0x00, 0x4c, 0x00, 0x7a, 0xb0, 0x09, 0x1f, 0x01, 
    0x40, 0x0c, 0x05, 0x4c, 0x37, 0x03, 0x00, 0x00, 0x01, 0x00, 0x18, 0x4b, 
    0x01, 0x00, 0x2b, 0x40, 0x0a, 0x00, 0x00, 0x0b, 0x13, 0x02, 0x00, 0x18, 
    0x0f, 0x3f, 0x00, 0x2b, 0x40, 0x0b, 0x27, 0x28, 0x02, 0x00, 0x2d, 0x01, 
    0x00, 0x18, 0x29, 0x26, 0x00, 0x2b, 0x31, 0xb6, 0x3d, 0x3b, 0x39, 0x03, 
    0x01, 0x29, 0x02, 0x2b, 0x40, 0x09, 0x49, 0x47, 0x45, 0x43, 0x41, 0x05, 
    0x4b, 0x3f, 0x02, 0x2b, 0xb0, 0x09, 0x1f, 0x00, 0xb1, 0x00, 0x0c, 0x42, 
    0xb5, 0x45, 0x01, 0x07, 0x00, 0x07, 0x00, 0x3f, 0x17, 0x3c, 0x2a, 0x40, 
    0x09, 0x00, 0x11, 0x01, 0x00, 0x00, 0x0c, 0x3b, 0x15, 0x00, 0x2b, 0xb3, 
    0x0c, 0x22, 0x2f, 0x04, 0x2b, 0x30, 0x40, 0x0d, 0x37, 0x4c, 0x4b, 0x49, 
    0x43, 0x41, 0x3f, 0x3d, 0x39, 0x09, 0x07, 0x2f, 0x02, 0x2b, 0x13, 0x07, 
    0x14, 0x17, 0x16, 0x17, 0x16, 0x33, 0x32, 0x37, 0x36, 0x37, 0x36, 0x37, 
    0x36, 0x35, 0x34, 0x27, 0x26, 0x27, 0x26, 0x23, 0x22, 0x07, 0x06, 0x07, 
    0x06, 0x07, 0x23, 0x36, 0x37, 0x36, 0x37, 0x36, 0x33, 0x32, 0x17, 0x16, 
    0x15, 0x33, 0x3f, 0x01, 0x34, 0x27, 0x26, 0x27, 0x26, 0x23, 0x22, 0x07, 
    0x06, 0x07, 0x06, 0x07, 0x06, 0x17, 0x36, 0x37, 0x36, 0x33, 0x32, 0x17, 
    0x16, 0x15, 0x14, 0x07, 0x06, 0x07, 0x06, 0x23, 0x22, 0x27, 0x26, 0x27, 
    0x26, 0x35, 0x37, 0x62, 0x08, 0x14, 0x14, 0x2b, 0x2c, 0x3c, 0x3d, 0x36, 
    0x38, 0x27, 0x29, 0x16, 0x16, 0x19, 0x19, 0x2c, 0x2e, 0x2d, 0x20, 0x20, 
    0x1f, 0x1e, 0x1f, 0x16, 0x04, 0x10, 0x1f, 0x1c, 0x2f, 0x2e, 0x3f, 0x2b, 
    0x18, 0x18, 0x56, 0x01, 0x01, 0x13, 0x12, 0x28, 0x24, 0x3d, 0x3c, 0x3a, 
    0x38, 0x2b, 0x2d, 0x1f, 0x22, 0x4b, 0x11, 0x2d, 0x2c, 0x40, 0x35, 0x22, 
    0x21, 0x16, 0x13, 0x2a, 0x28, 0x2f, 0x24, 0x1e, 0x1e, 0x10, 0x11, 0x04, 
    0x01, 0x0c, 0x52, 0x3a, 0x30, 0x31, 0x19, 0x1a, 0x18, 0x19, 0x2a, 0x2c, 
    0x36, 0x36, 0x3a, 0x33, 0x25, 0x25, 0x15, 0x14, 0x09, 0x07, 0x14, 0x14, 
    0x1c, 0x3c, 0x3e, 0x3b, 0x29, 0x28, 0x1d, 0x1c, 0x34, 0x0f, 0x12, 0x30, 
    0x22, 0x20, 0x15, 0x13, 0x1d, 0x1e, 0x35, 0x38, 0x50, 0x56, 0x8c, 0x3c, 
    0x29, 0x27, 0x1c, 0x1c, 0x35, 0x32, 0x2b, 0x2c, 0x1f, 0x1f, 0x0e, 0x0e, 
    0x1a, 0x1a, 0x23, 0x1b, 0x00, 0x01, 0x00, 0x89, 0x00, 0x00, 0x02, 0x9e, 
    0x02, 0xb1, 0x00, 0x15, 0x00, 0x2c, 0xb0, 0x09, 0x1f, 0x01, 0xb3, 0x00, 
    0x0c, 0x00, 0x04, 0x2b, 0x31, 0xb0, 0x09, 0x1f, 0x00, 0xb5, 0x00, 0x01, 
    0x01, 0x01, 0x00, 0x00, 0x3f, 0x17, 0x3c, 0x2a, 0xb1, 0x00, 0x0c, 0x42, 
    0xb7, 0x0c, 0x0d, 0x02, 0x07, 0x0f, 0x01, 0x0e, 0x08, 0x3f, 0x17, 0x3c, 
    0x2a, 0x30, 0x37, 0x33, 0x36, 0x37, 0x36, 0x37, 0x36, 0x37, 0x36, 0x37, 
    0x36, 0x3f, 0x01, 0x21, 0x07, 0x21, 0x07, 0x06, 0x07, 0x06, 0x07, 0x06, 
    0x89, 0x61, 0x32, 0x41, 0x25, 0x20, 0x23, 0x25, 0x19, 0x36, 0x28, 0x2d, 
    0x10, 0xfe, 0x1a, 0x14, 0x01, 0x83, 0x73, 0x2f, 0x37, 0x3c, 0x30, 0x35, 
    0x00, 0x7f, 0x6f, 0x3d, 0x2e, 0x32, 0x2e, 0x1e, 0x3a, 0x2a, 0x28, 0x4e, 
    0x57, 0x7c, 0x35, 0x47, 0x4e, 0x55, 0x5c, 0x0d, 0x00, 0x03, 0x00, 0x48, 
    0xff, 0xec, 0x02, 0x5f, 0x02, 0xbf, 0x00, 0x2d, 0x00, 0x41, 0x00, 0x55, 
    0x00, 0x9e, 0xb0, 0x09, 0x1f, 0x01, 0x40, 0x0a, 0x0c, 0x01, 0x00, 0x0a, 
    0x01, 0x00, 0x18, 0x06, 0x4a, 0x00, 0x2b, 0x40, 0x09, 0x00, 0x00, 0x12, 
    0x01, 0x00, 0x18, 0x0e, 0x34, 0x00, 0x2b, 0x40, 0x0b, 0x40, 0x2e, 0x44, 
    0x03, 0x00, 0x00, 0x00, 0x18, 0x3e, 0x1a, 0x00, 0x2b, 0x40, 0x0b, 0x2a, 
    0x01, 0x00, 0x26, 0x28, 0x02, 0x00, 0x18, 0x54, 0x24, 0x00, 0x2b, 0x31, 
    0x40, 0x0a, 0x3c, 0x3a, 0x38, 0x36, 0x32, 0x30, 0x06, 0x54, 0x34, 0x02, 
    0x2b, 0x40, 0x09, 0x50, 0x4e, 0x4c, 0x48, 0x46, 0x05, 0x3e, 0x4a, 0x02, 
    0x2b, 0xb5, 0x42, 0x52, 0x02, 0x3e, 0x1a, 0x02, 0x2b, 0xb0, 0x09, 0x1f, 
    0x00, 0xb3, 0x0c, 0x14, 0x30, 0x04, 0x2b, 0xb1, 0x00, 0x0c, 0x42, 0xb5, 
    0x50, 0x01, 0x07, 0x00, 0x2c, 0x00, 0x3f, 0x17, 0x3c, 0x2a, 0xb3, 0x0c, 
    0x3a, 0x46, 0x04, 0x2b, 0x30, 0x40, 0x0a, 0x2e, 0x3e, 0x3c, 0x36, 0x34, 
    0x32, 0x06, 0x46, 0x14, 0x02, 0x2b, 0xb4, 0x40, 0x01, 0x2c, 0x14, 0x02, 
    0x2b, 0x40, 0x0c, 0x42, 0x54, 0x52, 0x4e, 0x4c, 0x4a, 0x48, 0x44, 0x08, 
    0x2c, 0x3a, 0x02, 0x2b, 0x05, 0x36, 0x37, 0x36, 0x37, 0x36, 0x35, 0x34, 
    0x27, 0x26, 0x27, 0x36, 0x37, 0x36, 0x35, 0x34, 0x27, 0x26, 0x27, 0x26, 
    0x23, 0x22, 0x07, 0x06, 0x07, 0x06, 0x07, 0x14, 0x17, 0x06, 0x07, 0x06, 
    0x07, 0x06, 0x07, 0x06, 0x15, 0x14, 0x17, 0x16, 0x17, 0x16, 0x17, 0x16, 
    0x33, 0x32, 0x03, 0x36, 0x33, 0x32, 0x17, 0x16, 0x15, 0x14, 0x07, 0x06, 
    0x07, 0x06, 0x23, 0x22, 0x27, 0x26, 0x35, 0x36, 0x37, 0x36, 0x03, 0x36, 
    0x37, 0x36, 0x33, 0x32, 0x17, 0x16, 0x15, 0x06, 0x07, 0x06, 0x07, 0x06, 
    0x23, 0x22, 0x27, 0x26, 0x35, 0x36, 0x01, 0x4c, 0x40, 0x35, 0x35, 0x1f, 
    0x1f, 0x15, 0x15, 0x28, 0x42, 0x1d, 0x1e, 0x13, 0x13, 0x29, 0x27, 0x3f, 
    0x41, 0x3c, 0x3c, 0x22, 0x23, 0x06, 0x46, 0x37, 0x23, 0x25, 0x12, 0x0a, 
    0x04, 0x05, 0x04, 0x03, 0x07, 0x13, 0x35, 0x35, 0x42, 0x1b, 0x24, 0x24, 
    0x6a, 0x2e, 0x1d, 0x1d, 0x1a, 0x19, 0x23, 0x22, 0x21, 0x28, 0x20, 0x1f, 
    0x01, 0x04, 0x02, 0x51, 0x12, 0x2d, 0x2b, 0x40, 0x30, 0x21, 0x20, 0x05, 
    0x15, 0x13, 0x25, 0x28, 0x34, 0x34, 0x25, 0x24, 0x03, 0x10, 0x0c, 0x26, 
    0x26, 0x37, 0x37, 0x40, 0x2c, 0x22, 0x21, 0x12, 0x1a, 0x35, 0x35, 0x2e, 
    0x2b, 0x22, 0x23, 0x13, 0x13, 0x1d, 0x1f, 0x32, 0x36, 0x3e, 0x47, 0x21, 
    0x11, 0x24, 0x25, 0x2f, 0x1a, 0x15, 0x19, 0x13, 0x0e, 0x0f, 0x13, 0x11, 
    0x2e, 0x1b, 0x1b, 0x02, 0x2b, 0x5a, 0x17, 0x17, 0x2c, 0x25, 0x20, 0x1f, 
    0x0e, 0x0f, 0x17, 0x19, 0x26, 0x0b, 0x0f, 0x08, 0xfe, 0xd7, 0x2c, 0x1d, 
    0x1c, 0x1b, 0x1d, 0x3d, 0x2e, 0x22, 0x21, 0x13, 0x14, 0x1a, 0x1a, 0x2f, 
    0x21, 0x06, 0x07, 0x09, 0x00, 0x02, 0x00, 0x52, 0xff, 0xf0, 0x02, 0x61, 
    0x02, 0xc3, 0x00, 0x30, 0x00, 0x40, 0x00, 0x6c, 0xb0, 0x09, 0x1f, 0x01, 
    0x40, 0x0c, 0x12, 0x27, 0x02, 0x00, 0x13, 0x14, 0x02, 0x00, 0x18, 0x11, 
    0x15, 0x00, 0x2b, 0x40, 0x09, 0x1d, 0x01, 0x00, 0x00, 0x00, 0x18, 0x1f, 
    0x3b, 0x00, 0x2b, 0x40, 0x09, 0x2f, 0x01, 0x00, 0x00, 0x00, 0x18, 0x33, 
    0x2b, 0x00, 0x2b, 0x31, 0x40, 0x0a, 0x31, 0x3f, 0x3d, 0x39, 0x37, 0x35, 
    0x06, 0x33, 0x3b, 0x02, 0x2b, 0xb0, 0x09, 0x1f, 0x00, 0x40, 0x09, 0x00, 
    0x2d, 0x01, 0x00, 0x00, 0x0c, 0x31, 0x00, 0x00, 0x2b, 0xb1, 0x00, 0x0c, 
    0x42, 0xb5, 0x0d, 0x01, 0x07, 0x00, 0x19, 0x00, 0x3f, 0x17, 0x3c, 0x2a, 
    0xb3, 0x0c, 0x21, 0x37, 0x04, 0x2b, 0x30, 0x40, 0x0a, 0x3f, 0x3d, 0x3b, 
    0x39, 0x35, 0x33, 0x06, 0x00, 0x21, 0x02, 0x2b, 0x25, 0x32, 0x37, 0x36, 
    0x37, 0x17, 0x06, 0x07, 0x06, 0x07, 0x06, 0x07, 0x06, 0x23, 0x22, 0x27, 
    0x26, 0x35, 0x37, 0x23, 0x0f, 0x01, 0x14, 0x17, 0x16, 0x33, 0x32, 0x37, 
    0x36, 0x37, 0x36, 0x35, 0x34, 0x23, 0x22, 0x07, 0x06, 0x07, 0x06, 0x07, 
    0x06, 0x07, 0x06, 0x15, 0x14, 0x17, 0x16, 0x17, 0x16, 0x37, 0x22, 0x35, 
    0x36, 0x37, 0x36, 0x33, 0x32, 0x17, 0x16, 0x15, 0x14, 0x07, 0x06, 0x07, 
    0x06, 0x01, 0x3a, 0x30, 0x36, 0x31, 0x1b, 0x02, 0x18, 0x16, 0x1b, 0x1a, 
    0x1c, 0x1f, 0x1d, 0x25, 0x2e, 0x19, 0x1b, 0x02, 0x58, 0x02, 0x02, 0x29, 
    0x28, 0x5d, 0x9a, 0x4e, 0x4d, 0x1f, 0x0d, 0xbf, 0x3f, 0x33, 0x34, 0x23, 
    0x25, 0x14, 0x0a, 0x09, 0x08, 0x17, 0x17, 0x29, 0x2a, 0x52, 0x77, 0x0a, 
    0x2b, 0x2a, 0x52, 0x3b, 0x1d, 0x1c, 0x16, 0x16, 0x29, 0x29, 0xee, 0x17, 
    0x16, 0x27, 0x02, 0x47, 0x2d, 0x37, 0x1c, 0x21, 0x0f, 0x10, 0x19, 0x18, 
    0x2a, 0x18, 0x13, 0x14, 0x3c, 0x2c, 0x2d, 0x84, 0x84, 0x85, 0x41, 0x3a, 
    0xcb, 0x18, 0x1a, 0x29, 0x2c, 0x36, 0x18, 0x22, 0x1e, 0x1a, 0x32, 0x26, 
    0x26, 0x14, 0x14, 0x4e, 0x64, 0x59, 0x3e, 0x3c, 0x1d, 0x1c, 0x34, 0x34, 
    0x2e, 0x2e, 0x1d, 0x1d, 0x00, 0x02, 0x00, 0x58, 0x00, 0x00, 0x01, 0x2d, 
    0x02, 0x04, 0x00, 0x03, 0x00, 0x07, 0x00, 0x34, 0xb0, 0x09, 0x1f, 0x01, 
    0xb3, 0x18, 0x02, 0x00, 0x04, 0x2b, 0xb3, 0x18, 0x07, 0x05, 0x04, 0x2b, 
    0x31, 0xb0, 0x09, 0x1f, 0x00, 0xb1, 0x00, 0x0c, 0x42, 0xb7, 0x02, 0x03, 
    0x02, 0x07, 0x01, 0x01, 0x00, 0x00, 0x3f, 0x17, 0x3c, 0x2a, 0x40, 0x0a, 
    0x00, 0x07, 0x01, 0x00, 0x06, 0x01, 0x0c, 0x04, 0x05, 0x00, 0x2b, 0x30, 
    0x37, 0x33, 0x37, 0x23, 0x13, 0x07, 0x33, 0x37, 0x58, 0x67, 0x18, 0x6a, 
    0x58, 0x17, 0x67, 0x18, 0x00, 0x69, 0x01, 0x9b, 0x6a, 0x6a, 0x00, 0x0c, 
    0x00, 0x02, 0x00, 0x39, 0xff, 0x6e, 0x01, 0x2d, 0x02, 0x04, 0x00, 0x12, 
    0x00, 0x16, 0x00, 0x35, 0xb0, 0x09, 0x1f, 0x01, 0x40, 0x09, 0x00, 0x00, 
    0x00, 0x01, 0x00, 0x00, 0x0c, 0x01, 0x00, 0x2b, 0xb3, 0x18, 0x15, 0x13, 
    0x04, 0x2b, 0x31, 0xb0, 0x09, 0x1f, 0x00, 0x40, 0x09, 0x00, 0x0c, 0x01, 
    0x00, 0x00, 0x00, 0x0d, 0x01, 0x00, 0x2b, 0x40, 0x0a, 0x00, 0x14, 0x01, 
    0x00, 0x16, 0x01, 0x0c, 0x13, 0x15, 0x00, 0x2b, 0x30, 0x17, 0x07, 0x36, 
    0x37, 0x36, 0x37, 0x36, 0x37, 0x36, 0x37, 0x36, 0x3f, 0x01, 0x23, 0x07, 
    0x33, 0x06, 0x07, 0x06, 0x13, 0x33, 0x37, 0x23, 0x42, 0x09, 0x22, 0x1c, 
    0x1c, 0x10, 0x0d, 0x06, 0x02, 0x03, 0x02, 0x02, 0x18, 0x6a, 0x15, 0x35, 
    0x08, 0x12, 0x14, 0x4f, 0x69, 0x16, 0x68, 0x66, 0x2c, 0x04, 0x15, 0x16, 
    0x1d, 0x17, 0x11, 0x06, 0x07, 0x07, 0x06, 0x6d, 0x69, 0x26, 0x1d, 0x1f, 
    0x01, 0xfc, 0x6a, 0x07, 0x00, 0x01, 0x00, 0x5e, 0x00, 0x0c, 0x02, 0x81, 
    0x01, 0xee, 0x00, 0x06, 0x00, 0x1c, 0xb0, 0x09, 0x1f, 0x01, 0x40, 0x09, 
    0x00, 0x00, 0x00, 0x01, 0x00, 0x00, 0x06, 0x01, 0x00, 0x2b, 0x31, 0xb0, 
    0x09, 0x1f, 0x00, 0xb3, 0x00, 0x02, 0x06, 0x04, 0x2b, 0x30, 0x13, 0x07, 
    0x05, 0x37, 0x2d, 0x01, 0x37, 0x6d, 0x0f, 0x01, 0xbd, 0x10, 0xfe, 0x9c, 
    0x01, 0xaa, 0x10, 0x01, 0x21, 0x46, 0xcf, 0x50, 0xa2, 0xa2, 0x4e, 0x2b, 
    0x00, 0x02, 0x00, 0x3f, 0x00, 0x73, 0x02, 0x75, 0x01, 0x87, 0x00, 0x03, 
    0x00, 0x07, 0x00, 0x36, 0xb0, 0x09, 0x1f, 0x01, 0x40, 0x09, 0x00, 0x00, 
    0x03, 0x01, 0x00, 0x00, 0x02, 0x00, 0x00, 0x2b, 0xb3, 0x00, 0x07, 0x05, 
    0x04, 0x2b, 0x31, 0xb0, 0x09, 0x1f, 0x00, 0x40, 0x0a, 0x00, 0x01, 0x01, 
    0x00, 0x03, 0x01, 0x0c, 0x00, 0x02, 0x00, 0x2b, 0x40, 0x0a, 0x00, 0x07, 
    0x01, 0x00, 0x06, 0x01, 0x0c, 0x04, 0x05, 0x00, 0x2b, 0x30, 0x37, 0x21, 
    0x37, 0x21, 0x37, 0x07, 0x21, 0x37, 0x3f, 0x01, 0xfb, 0x10, 0xfe, 0x04, 
    0x2b, 0x10, 0x01, 0xfc, 0x10, 0x73, 0x49, 0xcb, 0x4b, 0x4b, 0x22, 0x1c, 
    0x00, 0x01, 0x00, 0x32, 0x00, 0x0c, 0x02, 0x56, 0x01, 0xf0, 0x00, 0x06, 
    0x00, 0x1c, 0xb0, 0x09, 0x1f, 0x01, 0x40, 0x09, 0x00, 0x00, 0x00, 0x01, 
    0x00, 0x00, 0x03, 0x01, 0x00, 0x2b, 0x31, 0xb0, 0x09, 0x1f, 0x00, 0xb3, 
    0x00, 0x01, 0x04, 0x04, 0x2b, 0x30, 0x37, 0x07, 0x25, 0x37, 0x25, 0x07, 
    0x05, 0x41, 0x0f, 0x02, 0x14, 0x10, 0xfe, 0x44, 0x12, 0x01, 0x64, 0x5c, 
    0x50, 0xcf, 0x44, 0xd1, 0x50, 0xa2, 0x05, 0x00, 0x00, 0x02, 0x00, 0xa0, 
    0x00, 0x00, 0x02, 0x61, 0x02, 0xd7, 0x00, 0x03, 0x00, 0x45, 0x00, 0x54, 
    0xb0, 0x09, 0x1f, 0x01, 0x40, 0x0a, 0x05, 0x2d, 0x02, 0x00, 0x00, 0x00, 
    0x18, 0x02, 0x00, 0x00, 0x2b, 0x40, 0x0b, 0x18, 0x1a, 0x02, 0x00, 0x35, 
    0x01, 0x00, 0x18, 0x1c, 0x33, 0x00, 0x2b, 0x31, 0xb0, 0x09, 0x1f, 0x00, 
    0xb1, 0x00, 0x0c, 0x42, 0xb7, 0x02, 0x03, 0x02, 0x07, 0x01, 0x01, 0x00, 
    0x00, 0x3f, 0x17, 0x3c, 0x2a, 0x40, 0x0b, 0x00, 0x05, 0x01, 0x00, 0x28, 
    0x29, 0x02, 0x00, 0x04, 0x18, 0x00, 0x2b, 0xb1, 0x00, 0x0c, 0x42, 0xb6, 
    0x1e, 0x2f, 0x02, 0x07, 0x00, 0x22, 0x01, 0x3f, 0x17, 0x3c, 0x2a, 0x30, 
    0x37, 0x33, 0x37, 0x23, 0x37, 0x33, 0x37, 0x36, 0x37, 0x36, 0x37, 0x36, 
    0x37, 0x36, 0x37, 0x36, 0x37, 0x36, 0x37, 0x36, 0x37, 0x36, 0x37, 0x36, 
    0x37, 0x36, 0x37, 0x36, 0x35, 0x34, 0x27, 0x26, 0x27, 0x26, 0x23, 0x22, 
    0x07, 0x06, 0x07, 0x06, 0x07, 0x33, 0x36, 0x37, 0x36, 0x37, 0x36, 0x33, 
    0x32, 0x17, 0x16, 0x15, 0x14, 0x07, 0x06, 0x07, 0x06, 0x07, 0x06, 0x07, 
    0x06, 0x07, 0x06, 0x0f, 0x01, 0x06, 0x07, 0x06, 0x07, 0x06, 0xdd, 0x61, 
    0x16, 0x60, 0x12, 0x58, 0x0a, 0x07, 0x0a, 0x02, 0x01, 0x09, 0x03, 0x04, 
    0x01, 0x09, 0x05, 0x0f, 0x0d, 0x1a, 0x0f, 0x32, 0x1c, 0x1c, 0x08, 0x09, 
    0x03, 0x03, 0x14, 0x14, 0x25, 0x26, 0x2b, 0x55, 0x3e, 0x42, 0x21, 0x24, 
    0x09, 0x5a, 0x0c, 0x1a, 0x19, 0x21, 0x20, 0x2c, 0x2a, 0x19, 0x19, 0x0c, 
    0x0d, 0x12, 0x05, 0x05, 0x06, 0x05, 0x03, 0x08, 0x08, 0x04, 0x2e, 0x31, 
    0x1d, 0x0f, 0x09, 0x09, 0x00, 0x66, 0x52, 0x23, 0x1d, 0x12, 0x03, 0x01, 
    0x0c, 0x04, 0x05, 0x01, 0x0c, 0x06, 0x0f, 0x0b, 0x16, 0x0b, 0x26, 0x1f, 
    0x1f, 0x18, 0x1b, 0x0b, 0x0f, 0x14, 0x30, 0x25, 0x25, 0x13, 0x14, 0x22, 
    0x23, 0x33, 0x34, 0x3d, 0x3d, 0x23, 0x21, 0x0e, 0x0d, 0x19, 0x19, 0x29, 
    0x1d, 0x1a, 0x1c, 0x12, 0x05, 0x05, 0x05, 0x05, 0x03, 0x07, 0x08, 0x03, 
    0x24, 0x28, 0x2b, 0x16, 0x1a, 0x15, 0x1d, 0x1d, 0x00, 0x02, 0x00, 0xd7, 
    0xff, 0xec, 0x03, 0xc3, 0x02, 0xe0, 0x00, 0x72, 0x00, 0x8a, 0x00, 0x9c, 
    0xb0, 0x09, 0x1f, 0x01, 0x40, 0x0b, 0x19, 0x01, 0x00, 0x00, 0x02, 0x02, 
    0x00, 0x00, 0x48, 0x04, 0x00, 0x2b, 0x40, 0x0b, 0x44, 0x89, 0x02, 0x00, 
    0x1f, 0x01, 0x00, 0x00, 0x87, 0x1d, 0x00, 0x2b, 0x40, 0x0f, 0x67, 0x01, 
    0x00, 0x33, 0x34, 0x36, 0x38, 0x39, 0x6b, 0x06, 0x00, 0x00, 0x2d, 0x7b, 
    0x00, 0x2b, 0x40, 0x0e, 0x34, 0x38, 0x6b, 0x79, 0x7b, 0x05, 0x00, 0x7f, 
    0x01, 0x00, 0x18, 0x36, 0x54, 0x00, 0x2b, 0x31, 0x40, 0x09, 0x73, 0x85, 
    0x83, 0x81, 0x75, 0x05, 0x48, 0x54, 0x02, 0x2b, 0xb5, 0x7d, 0x77, 0x02, 
    0x36, 0x54, 0x02, 0x2b, 0xb0, 0x09, 0x1f, 0x00, 0xb1, 0x00, 0x0c, 0x42, 
    0xb5, 0x17, 0x01, 0x07, 0x00, 0x0c, 0x00, 0x3f, 0x17, 0x3c, 0x2a, 0xb1, 
    0x00, 0x0c, 0x42, 0xb5, 0x27, 0x01, 0x07, 0x00, 0x6b, 0x01, 0x3f, 0x17, 
    0x3c, 0x2a, 0xb3, 0x0c, 0x3e, 0x77, 0x04, 0x2b, 0x40, 0x09, 0x00, 0x00, 
    0x00, 0x56, 0x01, 0x0c, 0x83, 0x4e, 0x00, 0x2b, 0x30, 0x40, 0x0c, 0x73, 
    0x87, 0x85, 0x7f, 0x7d, 0x7b, 0x79, 0x75, 0x08, 0x4e, 0x3e, 0x02, 0x2b, 
    0x13, 0x06, 0x07, 0x06, 0x15, 0x14, 0x17, 0x16, 0x17, 0x16, 0x17, 0x16, 
    0x33, 0x32, 0x37, 0x36, 0x37, 0x36, 0x37, 0x23, 0x06, 0x07, 0x06, 0x23, 
    0x22, 0x27, 0x26, 0x27, 0x26, 0x35, 0x34, 0x37, 0x36, 0x37, 0x36, 0x37, 
    0x36, 0x37, 0x36, 0x33, 0x32, 0x17, 0x16, 0x17, 0x16, 0x15, 0x14, 0x07, 
    0x06, 0x07, 0x06, 0x07, 0x27, 0x26, 0x27, 0x34, 0x3f, 0x01, 0x13, 0x23, 
    0x07, 0x26, 0x23, 0x22, 0x07, 0x06, 0x07, 0x06, 0x07, 0x06, 0x07, 0x06, 
    0x15, 0x16, 0x17, 0x16, 0x17, 0x16, 0x33, 0x32, 0x37, 0x36, 0x37, 0x36, 
    0x37, 0x14, 0x33, 0x32, 0x3f, 0x01, 0x36, 0x37, 0x36, 0x37, 0x36, 0x37, 
    0x36, 0x37, 0x36, 0x35, 0x34, 0x27, 0x26, 0x27, 0x26, 0x27, 0x26, 0x23, 
    0x22, 0x07, 0x06, 0x07, 0x06, 0x07, 0x06, 0x17, 0x36, 0x37, 0x36, 0x33, 
    0x32, 0x17, 0x16, 0x15, 0x14, 0x07, 0x06, 0x07, 0x06, 0x07, 0x06, 0x23, 
    0x22, 0x27, 0x26, 0x35, 0x34, 0x37, 0x36, 0xe6, 0x03, 0x06, 0x06, 0x1a, 
    0x19, 0x2d, 0x2b, 0x37, 0x33, 0x3d, 0x33, 0x2e, 0x33, 0x2b, 0x5a, 0x4b, 
    0x44, 0x34, 0x45, 0x46, 0x43, 0x77, 0x49, 0x22, 0x12, 0x12, 0x08, 0x08, 
    0x0f, 0x1c, 0x33, 0x32, 0x46, 0x46, 0x4b, 0x54, 0x3d, 0x2d, 0x16, 0x16, 
    0x19, 0x19, 0x2c, 0x2b, 0x38, 0x0a, 0x06, 0x01, 0x09, 0x08, 0x91, 0x47, 
    0x1f, 0x13, 0x56, 0x1f, 0x1d, 0x21, 0x1a, 0x36, 0x26, 0x27, 0x13, 0x14, 
    0x04, 0x1d, 0x10, 0x14, 0x12, 0x18, 0x14, 0x15, 0x16, 0x10, 0x27, 0x18, 
    0x35, 0x37, 0x4c, 0x19, 0x11, 0x05, 0x0a, 0x0f, 0x1a, 0x19, 0x18, 0x0d, 
    0x0c, 0x13, 0x13, 0x27, 0x28, 0x32, 0x31, 0x3d, 0x4a, 0x47, 0x48, 0x44, 
    0x41, 0x2a, 0x2d, 0xe2, 0x23, 0x2b, 0x28, 0x26, 0x1c, 0x14, 0x14, 0x1b, 
    0x1b, 0x22, 0x1c, 0x1b, 0x1a, 0x18, 0x1c, 0x14, 0x13, 0x0a, 0x08, 0x01, 
    0x85, 0x10, 0x23, 0x22, 0x1b, 0x45, 0x39, 0x38, 0x27, 0x25, 0x14, 0x13, 
    0x0c, 0x0d, 0x15, 0x2b, 0x57, 0x31, 0x1f, 0x21, 0x42, 0x1f, 0x2c, 0x2c, 
    0x37, 0x24, 0x25, 0x27, 0x21, 0x46, 0x39, 0x38, 0x1f, 0x20, 0x21, 0x1c, 
    0x2e, 0x2d, 0x35, 0x39, 0x39, 0x3b, 0x2c, 0x2b, 0x08, 0x02, 0x04, 0x0a, 
    0x0c, 0x13, 0x14, 0x01, 0x21, 0x3f, 0x4e, 0x09, 0x0b, 0x11, 0x21, 0x32, 
    0x33, 0x34, 0x36, 0x2b, 0x30, 0x21, 0x12, 0x09, 0x09, 0x06, 0x07, 0x09, 
    0x15, 0x15, 0x40, 0x33, 0x13, 0x0e, 0x05, 0x09, 0x10, 0x1d, 0x25, 0x24, 
    0x31, 0x2f, 0x29, 0x38, 0x2d, 0x2d, 0x24, 0x22, 0x10, 0x10, 0x19, 0x19, 
    0x32, 0x30, 0x3e, 0x40, 0x4f, 0x36, 0x20, 0x1f, 0x14, 0x14, 0x1c, 0x27, 
    0x32, 0x32, 0x1f, 0x1b, 0x0e, 0x0e, 0x15, 0x15, 0x20, 0x1b, 0x18, 0x18, 
    0x00, 0x02, 0x00, 0x0e, 0x00, 0x00, 0x02, 0x8e, 0x02, 0xcf, 0x00, 0x07, 
    0x00, 0x0a, 0x00, 0x45, 0xb0, 0x09, 0x1f, 0x01, 0xb3, 0x00, 0x05, 0x00, 
    0x04, 0x2b, 0x31, 0xb6, 0x08, 0x0a, 0x09, 0x03, 0x05, 0x00, 0x02, 0x2b, 
    0xb0, 0x09, 0x1f, 0x00, 0xb7, 0x00, 0x01, 0x01, 0x04, 0x05, 0x03, 0x00, 
    0x00, 0x3f, 0x17, 0x3c, 0x2a, 0x40, 0x0a, 0x00, 0x0a, 0x01, 0x00, 0x03, 
    0x01, 0x0c, 0x08, 0x02, 0x00, 0x2b, 0xb5, 0x00, 0x01, 0x07, 0x01, 0x06, 
    0x01, 0x3f, 0x17, 0x3c, 0x2a, 0x30, 0xb4, 0x09, 0x01, 0x02, 0x06, 0x02, 
    0x2b, 0x37, 0x33, 0x37, 0x21, 0x17, 0x33, 0x03, 0x23, 0x03, 0x1b, 0x01, 
    0x0e, 0x63, 0x77, 0x01, 0x21, 0x1c, 0x69, 0x6b, 0x6d, 0x9d, 0xba, 0x27, 
    0x00, 0xd1, 0xd1, 0x02, 0xcf, 0xfe, 0x58, 0x01, 0x3c, 0xfe, 0xc4, 0x3f, 
    0x00, 0x03, 0x00, 0x4a, 0x00, 0x00, 0x02, 0xc7, 0x02, 0xd0, 0x00, 0x16, 
    0x00, 0x23, 0x00, 0x2c, 0x00, 0x8c, 0xb0, 0x09, 0x1f, 0x01, 0x40, 0x0b, 
    0x0f, 0x01, 0x00, 0x05, 0x0d, 0x02, 0x00, 0x18, 0x09, 0x1d, 0x00, 0x2b, 
    0xb3, 0x18, 0x11, 0x28, 0x04, 0x2b, 0x31, 0x40, 0x15, 0x24, 0x2c, 0x2a, 
    0x26, 0x25, 0x17, 0x23, 0x21, 0x1f, 0x1b, 0x19, 0x18, 0x00, 0x16, 0x15, 
    0x03, 0x01, 0x11, 0x00, 0x11, 0x02, 0x2b, 0xb5, 0x0b, 0x07, 0x02, 0x09, 
    0x1d, 0x02, 0x2b, 0xb4, 0x13, 0x01, 0x11, 0x28, 0x02, 0x2b, 0xb0, 0x09, 
    0x1f, 0x00, 0xb1, 0x00, 0x0c, 0x42, 0xb7, 0x17, 0x23, 0x02, 0x07, 0x01, 
    0x01, 0x00, 0x00, 0x3f, 0x17, 0x3c, 0x2a, 0xb1, 0x00, 0x0c, 0x42, 0xb7, 
    0x25, 0x26, 0x02, 0x07, 0x16, 0x01, 0x15, 0x01, 0x3f, 0x17, 0x3c, 0x2a, 
    0x40, 0x0a, 0x00, 0x2c, 0x01, 0x00, 0x19, 0x01, 0x0c, 0x24, 0x18, 0x00, 
    0x2b, 0x30, 0xb7, 0x21, 0x1f, 0x1d, 0x1b, 0x04, 0x00, 0x24, 0x02, 0x2b, 
    0xb4, 0x28, 0x01, 0x18, 0x15, 0x02, 0x2b, 0xb4, 0x2a, 0x01, 0x00, 0x15, 
    0x02, 0x2b, 0x37, 0x21, 0x32, 0x37, 0x36, 0x37, 0x36, 0x37, 0x36, 0x35, 
    0x34, 0x27, 0x26, 0x27, 0x36, 0x37, 0x36, 0x35, 0x26, 0x27, 0x26, 0x23, 
    0x21, 0x03, 0x37, 0x33, 0x32, 0x17, 0x16, 0x15, 0x14, 0x07, 0x06, 0x07, 
    0x06, 0x23, 0x03, 0x37, 0x33, 0x32, 0x15, 0x14, 0x07, 0x06, 0x23, 0x4a, 
    0x01, 0x42, 0x33, 0x36, 0x31, 0x2b, 0x29, 0x15, 0x17, 0x18, 0x18, 0x32, 
    0x3d, 0x23, 0x23, 0x04, 0x28, 0x27, 0x5f, 0xfe, 0xce, 0x26, 0x35, 0xc9, 
    0x47, 0x20, 0x20, 0x18, 0x17, 0x27, 0x28, 0x2c, 0x94, 0x2f, 0xb5, 0x7b, 
    0x2f, 0x2f, 0x46, 0x00, 0x14, 0x12, 0x25, 0x24, 0x2f, 0x33, 0x33, 0x2b, 
    0x22, 0x21, 0x11, 0x19, 0x37, 0x35, 0x4e, 0x32, 0x24, 0x24, 0xfd, 0x82, 
    0xfe, 0x19, 0x1a, 0x2b, 0x2d, 0x24, 0x25, 0x14, 0x16, 0x01, 0x4c, 0xdd, 
    0x4c, 0x45, 0x26, 0x26, 0x00, 0x01, 0x00, 0x69, 0xff, 0xed, 0x03, 0x0d, 
    0x02, 0xe1, 0x00, 0x3c, 0x00, 0x5d, 0xb0, 0x09, 0x1f, 0x01, 0x40, 0x0a, 
    0x1f, 0x01, 0x00, 0x00, 0x01, 0x00, 0x18, 0x1e, 0x02, 0x00, 0x2b, 0xb3, 
    0x18, 0x20, 0x04, 0x04, 0x2b, 0x40, 0x09, 0x00, 0x2c, 0x01, 0x00, 0x00, 
    0x18, 0x2b, 0x2a, 0x00, 0x2b, 0x31, 0xb0, 0x09, 0x1f, 0x00, 0xb1, 0x0a, 
    0x00, 0x3f, 0xb1, 0x00, 0x0c, 0x42, 0xb6, 0x11, 0x1a, 0x02, 0x07, 0x00, 
    0x0b, 0x00, 0x3f, 0x17, 0x3c, 0x2a, 0x40, 0x0a, 0x00, 0x2a, 0x01, 0x00, 
    0x16, 0x01, 0x00, 0x2b, 0x15, 0x00, 0x2b, 0xb1, 0x00, 0x0c, 0x42, 0xb5, 
    0x26, 0x01, 0x07, 0x00, 0x31, 0x01, 0x3f, 0x17, 0x3c, 0x2a, 0xb1, 0x30, 
    0x01, 0x3f, 0x30, 0x13, 0x06, 0x07, 0x06, 0x15, 0x14, 0x17, 0x16, 0x17, 
    0x16, 0x33, 0x37, 0x32, 0x37, 0x36, 0x37, 0x36, 0x37, 0x36, 0x37, 0x36, 
    0x37, 0x23, 0x06, 0x07, 0x06, 0x23, 0x22, 0x27, 0x26, 0x35, 0x3f, 0x01, 
    0x36, 0x37, 0x36, 0x37, 0x36, 0x33, 0x32, 0x17, 0x16, 0x15, 0x33, 0x35, 
    0x34, 0x27, 0x26, 0x23, 0x07, 0x22, 0x07, 0x06, 0x07, 0x06, 0x07, 0x06, 
    0x07, 0x06, 0x07, 0x06, 0x73, 0x07, 0x01, 0x02, 0x26, 0x25, 0x3a, 0x3a, 
    0x41, 0x18, 0x1b, 0x20, 0x20, 0x1a, 0x36, 0x2e, 0x2c, 0x23, 0x20, 0x17, 
    0x5d, 0x27, 0x47, 0x48, 0x4c, 0x5d, 0x29, 0x2a, 0x02, 0x02, 0x09, 0x29, 
    0x28, 0x43, 0x42, 0x4e, 0x4c, 0x31, 0x31, 0x5d, 0x40, 0x40, 0x72, 0x1d, 
    0x1f, 0x1d, 0x1e, 0x21, 0x3c, 0x37, 0x38, 0x28, 0x16, 0x0e, 0x10, 0x01, 
    0x4c, 0x22, 0x0d, 0x16, 0x19, 0x59, 0x3b, 0x3a, 0x19, 0x1a, 0x01, 0x08, 
    0x08, 0x0a, 0x14, 0x25, 0x23, 0x33, 0x2e, 0x43, 0x67, 0x2f, 0x30, 0x36, 
    0x35, 0x53, 0x1d, 0x1c, 0x5c, 0x4f, 0x4c, 0x2f, 0x2d, 0x22, 0x22, 0x52, 
    0x13, 0x6a, 0x37, 0x37, 0x01, 0x07, 0x07, 0x0d, 0x17, 0x2f, 0x32, 0x4b, 
    0x29, 0x2c, 0x2b, 0xdd, 0x00, 0x02, 0x00, 0x50, 0x00, 0x00, 0x02, 0xfc, 
    0x02, 0xd0, 0x00, 0x10, 0x00, 0x1d, 0x00, 0x5e, 0xb0, 0x09, 0x1f, 0x01, 
    0x40, 0x0a, 0x00, 0x00, 0x05, 0x0d, 0x02, 0x00, 0x18, 0x09, 0x15, 0x00, 
    0x2b, 0x31, 0x40, 0x10, 0x11, 0x1d, 0x1b, 0x19, 0x17, 0x13, 0x12, 0x00, 
    0x10, 0x0f, 0x03, 0x01, 0x0c, 0x00, 0x09, 0x02, 0x2b, 0xb5, 0x0b, 0x07, 
    0x02, 0x09, 0x15, 0x02, 0x2b, 0xb0, 0x09, 0x1f, 0x00, 0xb1, 0x00, 0x0c, 
    0x42, 0xb7, 0x11, 0x1d, 0x02, 0x07, 0x01, 0x01, 0x00, 0x00, 0x3f, 0x17, 
    0x3c, 0x2a, 0xb1, 0x00, 0x0c, 0x42, 0xb7, 0x12, 0x13, 0x02, 0x07, 0x10, 
    0x01, 0x0f, 0x01, 0x3f, 0x17, 0x3c, 0x2a, 0x30, 0xb7, 0x1b, 0x19, 0x17, 
    0x15, 0x04, 0x00, 0x0f, 0x02, 0x2b, 0x37, 0x21, 0x32, 0x37, 0x36, 0x37, 
    0x36, 0x37, 0x36, 0x35, 0x34, 0x27, 0x26, 0x27, 0x26, 0x23, 0x21, 0x03, 
    0x13, 0x33, 0x32, 0x15, 0x14, 0x07, 0x06, 0x07, 0x06, 0x07, 0x06, 0x23, 
    0x50, 0x01, 0x2b, 0x59, 0x47, 0x47, 0x33, 0x32, 0x1b, 0x1a, 0x13, 0x14, 
    0x39, 0x3b, 0x6b, 0xfe, 0xf4, 0x27, 0x76, 0xad, 0xb0, 0x10, 0x11, 0x21, 
    0x22, 0x34, 0x34, 0x3f, 0x00, 0x2b, 0x2a, 0x47, 0x47, 0x56, 0x57, 0x4f, 
    0x39, 0x35, 0x35, 0x28, 0x26, 0xfd, 0x84, 0x02, 0x27, 0xb2, 0x40, 0x3c, 
    0x41, 0x38, 0x3a, 0x23, 0x23, 0x5d, 0x29, 0x2a, 0x00, 0x01, 0x00, 0x56, 
    0x00, 0x00, 0x02, 0xfa, 0x02, 0xcf, 0x00, 0x0b, 0x00, 0x3f, 0xb0, 0x09, 
    0x1f, 0x01, 0xb3, 0x00, 0x0a, 0x00, 0x04, 0x2b, 0x31, 0xb0, 0x09, 0x1f, 
    0x00, 0xb1, 0x00, 0x0c, 0x42, 0xb7, 0x02, 0x03, 0x02, 0x07, 0x01, 0x01, 
    0x00, 0x00, 0x3f, 0x17, 0x3c, 0x2a, 0x40, 0x0a, 0x00, 0x06, 0x01, 0x00, 
    0x05, 0x01, 0x0c, 0x07, 0x04, 0x00, 0x2b, 0xb1, 0x00, 0x0c, 0x42, 0xb7, 
    0x08, 0x09, 0x02, 0x07, 0x0b, 0x01, 0x0a, 0x01, 0x3f, 0x17, 0x3c, 0x2a, 
    0x30, 0x37, 0x21, 0x37, 0x21, 0x37, 0x21, 0x37, 0x21, 0x37, 0x21, 0x37, 
    0x21, 0x56, 0x02, 0x11, 0x14, 0xfe, 0x4e, 0x33, 0x01, 0x89, 0x13, 0xfe, 
    0x77, 0x2d, 0x01, 0xac, 0x12, 0xfd, 0xf4, 0x00, 0x56, 0xf0, 0x56, 0xdd, 
    0x56, 0x37, 0x36, 0x37, 0x00, 0x01, 0x00, 0x56, 0x00, 0x00, 0x02, 0xe0, 
    0x02, 0xcf, 0x00, 0x09, 0x00, 0x39, 0xb0, 0x09, 0x1f, 0x01, 0xb3, 0x00, 
    0x08, 0x00, 0x04, 0x2b, 0x31, 0xb0, 0x09, 0x1f, 0x00, 0xb5, 0x00, 0x01, 
    0x01, 0x01, 0x00, 0x00, 0x3f, 0x17, 0x3c, 0x2a, 0x40, 0x0a, 0x00, 0x04, 
    0x01, 0x00, 0x03, 0x01, 0x0c, 0x05, 0x02, 0x00, 0x2b, 0xb1, 0x00, 0x0c, 
    0x42, 0xb7, 0x06, 0x07, 0x02, 0x07, 0x09, 0x01, 0x08, 0x01, 0x3f, 0x17, 
    0x3c, 0x2a, 0x30, 0x37, 0x33, 0x13, 0x21, 0x37, 0x21, 0x37, 0x21, 0x37, 
    0x21, 0x56, 0x62, 0x44, 0x01, 0x61, 0x12, 0xfe, 0xa0, 0x2d, 0x01, 0x91, 
    0x13, 0xfe, 0x10, 0x00, 0x01, 0x46, 0x56, 0xdd, 0x56, 0x2d, 0x01, 0xac, 
    0x00, 0x01, 0x00, 0x6d, 0xff, 0xec, 0x03, 0x1f, 0x02, 0xe1, 0x00, 0x4c, 
    0x00, 0x6b, 0xb0, 0x09, 0x1f, 0x01, 0x40, 0x0b, 0x0a, 0x01, 0x00, 0x02, 
    0x06, 0x02, 0x00, 0x18, 0x29, 0x04, 0x00, 0x2b, 0x40, 0x0c, 0x17, 0x01, 
    0x3b, 0x01, 0x15, 0x41, 0x02, 0x00, 0x00, 0x3a, 0x14, 0x00, 0x2b, 0x31, 
    0xb0, 0x09, 0x1f, 0x00, 0xb1, 0x00, 0x0c, 0x42, 0xb6, 0x22, 0x23, 0x02, 
    0x07, 0x00, 0x0c, 0x00, 0x3f, 0x17, 0x3c, 0x2a, 0x40, 0x09, 0x00, 0x39, 
    0x01, 0x00, 0x00, 0x0c, 0x3a, 0x17, 0x00, 0x2b, 0x40, 0x09, 0x00, 0x19, 
    0x01, 0x00, 0x00, 0x0c, 0x1a, 0x18, 0x00, 0x2b, 0xb7, 0x22, 0x23, 0x02, 
    0x01, 0x44, 0x01, 0x43, 0x01, 0x3f, 0x17, 0x3c, 0x2a, 0xb1, 0x00, 0x0c, 
    0x42, 0xb5, 0x33, 0x01, 0x07, 0x00, 0x45, 0x01, 0x3f, 0x17, 0x3c, 0x2a, 
    0x30, 0x13, 0x06, 0x07, 0x06, 0x15, 0x14, 0x17, 0x16, 0x17, 0x16, 0x17, 
    0x16, 0x33, 0x32, 0x37, 0x36, 0x37, 0x36, 0x37, 0x36, 0x37, 0x17, 0x33, 
    0x13, 0x21, 0x07, 0x33, 0x06, 0x07, 0x06, 0x07, 0x06, 0x07, 0x06, 0x23, 
    0x07, 0x22, 0x27, 0x26, 0x27, 0x26, 0x35, 0x36, 0x37, 0x36, 0x37, 0x36, 
    0x37, 0x36, 0x37, 0x36, 0x33, 0x32, 0x17, 0x16, 0x17, 0x16, 0x17, 0x33, 
    0x35, 0x34, 0x27, 0x26, 0x27, 0x26, 0x27, 0x26, 0x2b, 0x01, 0x07, 0x22, 
    0x07, 0x06, 0x07, 0x06, 0x07, 0x06, 0x89, 0x0b, 0x09, 0x08, 0x09, 0x07, 
    0x10, 0x1f, 0x33, 0x34, 0x5c, 0x28, 0x22, 0x23, 0x23, 0x24, 0x20, 0x23, 
    0x19, 0x02, 0x40, 0x52, 0xfe, 0xc6, 0x14, 0xdf, 0x0b, 0x24, 0x26, 0x36, 
    0x24, 0x15, 0x1b, 0x1b, 0x1a, 0x36, 0x2d, 0x2a, 0x17, 0x19, 0x06, 0x14, 
    0x13, 0x24, 0x14, 0x16, 0x16, 0x1c, 0x38, 0x48, 0x43, 0x2b, 0x29, 0x12, 
    0x12, 0x06, 0x5e, 0x14, 0x12, 0x26, 0x27, 0x2c, 0x2d, 0x30, 0x0a, 0x0a, 
    0x1f, 0x22, 0x18, 0x33, 0x49, 0x43, 0x46, 0x01, 0x9a, 0x22, 0x2f, 0x2a, 
    0x23, 0x24, 0x24, 0x22, 0x20, 0x3c, 0x22, 0x28, 0x07, 0x07, 0x0e, 0x0e, 
    0x15, 0x18, 0x19, 0x5c, 0x01, 0x81, 0x54, 0x47, 0x33, 0x36, 0x1c, 0x13, 
    0x06, 0x08, 0x01, 0x14, 0x13, 0x2c, 0x2b, 0x41, 0x42, 0x49, 0x44, 0x3a, 
    0x20, 0x16, 0x16, 0x13, 0x24, 0x11, 0x11, 0x1f, 0x1f, 0x36, 0x19, 0x31, 
    0x29, 0x26, 0x1e, 0x1c, 0x0d, 0x0d, 0x01, 0x08, 0x06, 0x13, 0x1d, 0x46, 
    0x48, 0x12, 0x08, 0x08, 0x00, 0x01, 0x00, 0x4e, 0x00, 0x00, 0x03, 0x1f, 
    0x02, 0xcf, 0x00, 0x0b, 0x00, 0x37, 0xb0, 0x09, 0x1f, 0x01, 0xb3, 0x00, 
    0x06, 0x00, 0x04, 0x2b, 0x31, 0xb0, 0x09, 0x1f, 0x00, 0xb7, 0x00, 0x01, 
    0x01, 0x04, 0x05, 0x03, 0x00, 0x00, 0x3f, 0x17, 0x3c, 0x2a, 0x40, 0x0a, 
    0x00, 0x08, 0x01, 0x00, 0x03, 0x01, 0x0c, 0x09, 0x02, 0x00, 0x2b, 0xb7, 
    0x00, 0x01, 0x07, 0x0a, 0x0b, 0x03, 0x06, 0x01, 0x3f, 0x17, 0x3c, 0x2a, 
    0x30, 0x37, 0x33, 0x13, 0x21, 0x03, 0x33, 0x13, 0x23, 0x03, 0x21, 0x13, 
    0x23, 0x4e, 0x60, 0x48, 0x01, 0x77, 0x46, 0x5f, 0x99, 0x60, 0x40, 0xfe, 
    0x89, 0x3e, 0x60, 0x00, 0x01, 0x50, 0xfe, 0xb0, 0x02, 0xcf, 0xfe, 0xd7, 
    0x01, 0x29, 0x00, 0x0c, 0x00, 0x01, 0x00, 0x5c, 0x00, 0x00, 0x01, 0x56, 
    0x02, 0xcf, 0x00, 0x03, 0x00, 0x26, 0xb0, 0x09, 0x1f, 0x01, 0xb3, 0x00, 
    0x02, 0x00, 0x04, 0x2b, 0x31, 0xb0, 0x09, 0x1f, 0x00, 0xb5, 0x00, 0x01, 
    0x01, 0x01, 0x00, 0x00, 0x3f, 0x17, 0x3c, 0x2a, 0xb5, 0x00, 0x01, 0x03, 
    0x01, 0x02, 0x01, 0x3f, 0x17, 0x3c, 0x2a, 0x30, 0x37, 0x33, 0x13, 0x23, 
    0x5c, 0x61, 0x99, 0x62, 0x00, 0x02, 0xcf, 0x01, 0x00, 0x01, 0x00, 0x2d, 
    0xff, 0xec, 0x02, 0x46, 0x02, 0xcf, 0x00, 0x1e, 0x00, 0x3c, 0xb0, 0x09, 
    0x1f, 0x01, 0x40, 0x09, 0x00, 0x00, 0x02, 0x01, 0x00, 0x18, 0x1c, 0x04, 
    0x00, 0x2b, 0x31, 0xb0, 0x09, 0x1f, 0x00, 0x40, 0x09, 0x00, 0x1e, 0x01, 
    0x00, 0x00, 0x00, 0x00, 0x18, 0x00, 0x2b, 0xb1, 0x00, 0x0c, 0x42, 0xb5, 
    0x17, 0x01, 0x07, 0x00, 0x06, 0x00, 0x3f, 0x17, 0x3c, 0x2a, 0xb5, 0x00, 
    0x01, 0x10, 0x01, 0x0f, 0x01, 0x3f, 0x17, 0x3c, 0x2a, 0x30, 0x37, 0x06, 
    0x07, 0x06, 0x15, 0x14, 0x33, 0x32, 0x37, 0x36, 0x37, 0x36, 0x37, 0x36, 
    0x37, 0x13, 0x23, 0x03, 0x06, 0x07, 0x06, 0x07, 0x06, 0x23, 0x07, 0x22, 
    0x27, 0x26, 0x35, 0x36, 0x37, 0x42, 0x0a, 0x05, 0x06, 0xb6, 0x1a, 0x1e, 
    0x1e, 0x16, 0x32, 0x22, 0x23, 0x0d, 0x73, 0x62, 0x6d, 0x0f, 0x21, 0x11, 
    0x17, 0x16, 0x1f, 0x09, 0x29, 0x16, 0x15, 0x03, 0x0e, 0xe6, 0x1e, 0x1c, 
    0x1b, 0x16, 0x8f, 0x08, 0x08, 0x0c, 0x1a, 0x2e, 0x2f, 0x37, 0x02, 0x19, 
    0xfd, 0xfe, 0x4c, 0x1f, 0x11, 0x08, 0x09, 0x01, 0x17, 0x17, 0x22, 0x1c, 
    0x3b, 0x26, 0x35, 0x36, 0x00, 0x01, 0x00, 0x4c, 0x00, 0x00, 0x03, 0x29, 
    0x02, 0xcf, 0x00, 0x0b, 0x00, 0x2a, 0xb0, 0x09, 0x1f, 0x01, 0xb3, 0x00, 
    0x07, 0x00, 0x04, 0x2b, 0x31, 0xb0, 0x09, 0x1f, 0x00, 0xb7, 0x00, 0x01, 
    0x01, 0x04, 0x05, 0x03, 0x00, 0x00, 0x3f, 0x17, 0x3c, 0x2a, 0xb7, 0x00, 
    0x01, 0x08, 0x0a, 0x0b, 0x03, 0x07, 0x01, 0x3f, 0x17, 0x3c, 0x2a, 0x30, 
    0x37, 0x33, 0x3f, 0x01, 0x13, 0x33, 0x03, 0x01, 0x23, 0x01, 0x13, 0x23, 
    0x4c, 0x62, 0x35, 0x88, 0xae, 0x7f, 0xd9, 0x01, 0x6a, 0x87, 0xfe, 0x5a, 
    0x4a, 0x61, 0x00, 0xfc, 0x6b, 0xfe, 0x99, 0x01, 0xac, 0x01, 0x23, 0xfe, 
    0xa4, 0x01, 0x5c, 0x07, 0x00, 0x01, 0x00, 0x4c, 0x00, 0x00, 0x02, 0x2b, 
    0x02, 0xcf, 0x00, 0x05, 0x00, 0x2c, 0xb0, 0x09, 0x1f, 0x01, 0xb3, 0x00, 
    0x02, 0x00, 0x04, 0x2b, 0x31, 0xb0, 0x09, 0x1f, 0x00, 0xb1, 0x00, 0x0c, 
    0x42, 0xb7, 0x02, 0x03, 0x02, 0x07, 0x01, 0x01, 0x00, 0x00, 0x3f, 0x17, 
    0x3c, 0x2a, 0xb5, 0x00, 0x01, 0x05, 0x01, 0x04, 0x01, 0x3f, 0x17, 0x3c, 
    0x2a, 0x30, 0x37, 0x21, 0x37, 0x21, 0x13, 0x23, 0x4c, 0x01, 0xcd, 0x12, 
    0xfe, 0x94, 0x87, 0x61, 0x00, 0x56, 0x02, 0x79, 0x00, 0x01, 0x00, 0x48, 
    0x00, 0x00, 0x03, 0x92, 0x02, 0xcf, 0x00, 0x0c, 0x00, 0x2d, 0xb0, 0x09, 
    0x1f, 0x01, 0xb3, 0x00, 0x08, 0x00, 0x04, 0x2b, 0x31, 0xb0, 0x09, 0x1f, 
    0x00, 0x40, 0x0a, 0x00, 0x01, 0x01, 0x03, 0x04, 0x06, 0x07, 0x05, 0x00, 
    0x00, 0x3f, 0x17, 0x3c, 0x2a, 0xb7, 0x00, 0x01, 0x09, 0x0b, 0x0c, 0x03, 
    0x08, 0x01, 0x3f, 0x17, 0x3c, 0x2a, 0x30, 0x37, 0x33, 0x1b, 0x01, 0x33, 
    0x01, 0x03, 0x33, 0x13, 0x23, 0x01, 0x03, 0x23, 0x48, 0x60, 0x7f, 0x4a, 
    0x60, 0x01, 0x4c, 0x81, 0x5e, 0x98, 0x89, 0xfe, 0xb0, 0x4c, 0x8a, 0x00, 
    0x02, 0x5c, 0xfd, 0xa4, 0x02, 0x5c, 0xfd, 0xa4, 0x02, 0xcf, 0xfd, 0xa0, 
    0x02, 0x60, 0x35, 0x36, 0x00, 0x01, 0x00, 0x4c, 0x00, 0x00, 0x03, 0x1f, 
    0x02, 0xcf, 0x00, 0x09, 0x00, 0x2a, 0xb0, 0x09, 0x1f, 0x01, 0xb3, 0x00, 
    0x05, 0x00, 0x04, 0x2b, 0x31, 0xb0, 0x09, 0x1f, 0x00, 0xb7, 0x00, 0x01, 
    0x01, 0x03, 0x04, 0x03, 0x00, 0x00, 0x3f, 0x17, 0x3c, 0x2a, 0xb7, 0x00, 
    0x01, 0x06, 0x08, 0x09, 0x03, 0x05, 0x01, 0x3f, 0x17, 0x3c, 0x2a, 0x30, 
    0x37, 0x33, 0x1b, 0x01, 0x33, 0x13, 0x23, 0x0b, 0x01, 0x23, 0x4c, 0x5e, 
    0x7d, 0xf0, 0x6f, 0x99, 0x5e, 0x7d, 0xec, 0x73, 0x00, 0x02, 0x44, 0xfd, 
    0xbc, 0x02, 0xcf, 0xfd, 0xbc, 0x02, 0x44, 0x00, 0x00, 0x02, 0x00, 0x69, 
    0xff, 0xec, 0x03, 0x3a, 0x02, 0xe2, 0x00, 0x21, 0x00, 0x41, 0x00, 0x68, 
    0xb0, 0x09, 0x1f, 0x01, 0x40, 0x0b, 0x22, 0x3e, 0x40, 0x03, 0x00, 0x00, 
    0x00, 0x18, 0x3c, 0x00, 0x00, 0x2b, 0x40, 0x09, 0x10, 0x01, 0x00, 0x00, 
    0x00, 0x18, 0x12, 0x30, 0x00, 0x2b, 0x31, 0x40, 0x0f, 0x3a, 0x38, 0x36, 
    0x34, 0x32, 0x2e, 0x2c, 0x2a, 0x28, 0x26, 0x24, 0x0b, 0x3c, 0x30, 0x02, 
    0x2b, 0xb0, 0x09, 0x1f, 0x00, 0xb1, 0x00, 0x0c, 0x42, 0xb5, 0x38, 0x01, 
    0x07, 0x00, 0x08, 0x00, 0x3f, 0x17, 0x3c, 0x2a, 0xb1, 0x00, 0x0c, 0x42, 
    0xb5, 0x28, 0x01, 0x07, 0x00, 0x1a, 0x01, 0x3f, 0x17, 0x3c, 0x2a, 0x30, 
    0x40, 0x11, 0x22, 0x40, 0x3e, 0x3c, 0x3a, 0x36, 0x34, 0x32, 0x30, 0x2e, 
    0x2c, 0x26, 0x24, 0x0d, 0x08, 0x1a, 0x02, 0x2b, 0x13, 0x14, 0x17, 0x16, 
    0x17, 0x16, 0x17, 0x16, 0x33, 0x32, 0x37, 0x36, 0x37, 0x36, 0x37, 0x36, 
    0x37, 0x36, 0x35, 0x34, 0x27, 0x26, 0x27, 0x26, 0x27, 0x26, 0x23, 0x22, 
    0x07, 0x06, 0x07, 0x06, 0x07, 0x06, 0x17, 0x36, 0x37, 0x36, 0x37, 0x36, 
    0x33, 0x32, 0x17, 0x16, 0x17, 0x16, 0x17, 0x16, 0x15, 0x14, 0x07, 0x06, 
    0x07, 0x06, 0x07, 0x06, 0x23, 0x22, 0x27, 0x26, 0x35, 0x34, 0x37, 0x34, 
    0x37, 0x36, 0x69, 0x13, 0x13, 0x26, 0x27, 0x34, 0x35, 0x46, 0x5d, 0x4e, 
    0x50, 0x3a, 0x39, 0x20, 0x13, 0x06, 0x08, 0x13, 0x13, 0x24, 0x26, 0x35, 
    0x37, 0x47, 0x7a, 0x65, 0x33, 0x24, 0x26, 0x1b, 0x37, 0x6e, 0x0f, 0x29, 
    0x2a, 0x43, 0x44, 0x57, 0x1b, 0x1b, 0x1a, 0x16, 0x2c, 0x16, 0x16, 0x18, 
    0x19, 0x2d, 0x2d, 0x3a, 0x3b, 0x43, 0x67, 0x2f, 0x2f, 0x02, 0x04, 0x03, 
    0x01, 0x1b, 0x51, 0x36, 0x38, 0x26, 0x26, 0x12, 0x12, 0x28, 0x27, 0x45, 
    0x42, 0x57, 0x34, 0x23, 0x2b, 0x2c, 0x48, 0x33, 0x35, 0x23, 0x23, 0x13, 
    0x12, 0x48, 0x25, 0x2a, 0x2b, 0x36, 0x69, 0x16, 0x46, 0x43, 0x43, 0x2a, 
    0x2b, 0x08, 0x09, 0x0f, 0x1c, 0x2f, 0x2f, 0x3c, 0x47, 0x42, 0x43, 0x34, 
    0x35, 0x1f, 0x20, 0x3f, 0x40, 0x56, 0x0e, 0x12, 0x05, 0x15, 0x11, 0x14, 
    0x00, 0x02, 0x00, 0x56, 0x00, 0x00, 0x02, 0xe0, 0x02, 0xd0, 0x00, 0x0e, 
    0x00, 0x19, 0x00, 0x5e, 0xb0, 0x09, 0x1f, 0x01, 0xb3, 0x18, 0x09, 0x12, 
    0x04, 0x2b, 0x31, 0x40, 0x11, 0x0f, 0x19, 0x18, 0x16, 0x14, 0x10, 0x00, 
    0x0e, 0x0d, 0x05, 0x03, 0x02, 0x01, 0x0d, 0x00, 0x09, 0x02, 0x2b, 0xb5, 
    0x0b, 0x07, 0x02, 0x09, 0x12, 0x02, 0x2b, 0xb0, 0x09, 0x1f, 0x00, 0xb5, 
    0x00, 0x01, 0x01, 0x01, 0x00, 0x00, 0x3f, 0x17, 0x3c, 0x2a, 0x40, 0x0a, 
    0x00, 0x18, 0x01, 0x00, 0x03, 0x01, 0x0c, 0x19, 0x02, 0x00, 0x2b, 0xb1, 
    0x00, 0x0c, 0x42, 0xb7, 0x0f, 0x10, 0x02, 0x07, 0x0e, 0x01, 0x0d, 0x01, 
    0x3f, 0x17, 0x3c, 0x2a, 0x30, 0xb6, 0x16, 0x14, 0x12, 0x03, 0x02, 0x0d, 
    0x02, 0x2b, 0x37, 0x33, 0x13, 0x33, 0x32, 0x37, 0x36, 0x37, 0x36, 0x35, 
    0x34, 0x27, 0x26, 0x23, 0x21, 0x17, 0x33, 0x32, 0x15, 0x14, 0x07, 0x06, 
    0x07, 0x06, 0x2b, 0x01, 0x56, 0x62, 0x40, 0xe5, 0x4d, 0x3d, 0x3a, 0x20, 
    0x1f, 0x29, 0x28, 0x51, 0xfe, 0xb0, 0x50, 0xd5, 0x68, 0x15, 0x16, 0x26, 
    0x27, 0x2e, 0xcb, 0x00, 0x01, 0x2f, 0x26, 0x25, 0x3c, 0x3a, 0x3f, 0x44, 
    0x2f, 0x2e, 0x55, 0x56, 0x2d, 0x26, 0x25, 0x15, 0x15, 0x22, 0x27, 0x26, 
    0x00, 0x02, 0x00, 0x68, 0xff, 0xc7, 0x03, 0x38, 0x02, 0xe2, 0x00, 0x20, 
    0x00, 0x41, 0x00, 0x70, 0xb0, 0x09, 0x1f, 0x01, 0x40, 0x0b, 0x1f, 0x2b, 
    0x02, 0x00, 0x00, 0x01, 0x00, 0x18, 0x29, 0x02, 0x00, 0x2b, 0x40, 0x0c, 
    0x13, 0x01, 0x00, 0x0a, 0x3b, 0x02, 0x39, 0x01, 0x18, 0x15, 0x0f, 0x00, 
    0x2b, 0x31, 0x40, 0x12, 0x21, 0x41, 0x40, 0x3f, 0x3d, 0x37, 0x35, 0x33, 
    0x31, 0x2f, 0x2d, 0x27, 0x25, 0x23, 0x0e, 0x29, 0x0f, 0x02, 0x2b, 0xb0, 
    0x09, 0x1f, 0x00, 0xb1, 0x00, 0x0c, 0x42, 0xb5, 0x25, 0x01, 0x07, 0x00, 
    0x06, 0x00, 0x3f, 0x17, 0x3c, 0x2a, 0xb1, 0x00, 0x0c, 0x42, 0xb5, 0x33, 
    0x01, 0x07, 0x00, 0x19, 0x01, 0x3f, 0x17, 0x3c, 0x2a, 0x30, 0x40, 0x13, 
    0x21, 0x41, 0x40, 0x3f, 0x3d, 0x3b, 0x39, 0x37, 0x35, 0x31, 0x2f, 0x2d, 
    0x2b, 0x29, 0x27, 0x0f, 0x06, 0x19, 0x02, 0x2b, 0x13, 0x06, 0x15, 0x14, 
    0x17, 0x16, 0x33, 0x32, 0x37, 0x17, 0x37, 0x27, 0x36, 0x37, 0x36, 0x37, 
    0x36, 0x37, 0x36, 0x37, 0x36, 0x35, 0x34, 0x27, 0x26, 0x23, 0x22, 0x07, 
    0x06, 0x07, 0x06, 0x07, 0x06, 0x01, 0x06, 0x07, 0x06, 0x23, 0x22, 0x27, 
    0x26, 0x35, 0x34, 0x37, 0x36, 0x37, 0x36, 0x37, 0x36, 0x37, 0x36, 0x33, 
    0x32, 0x17, 0x16, 0x17, 0x16, 0x15, 0x14, 0x07, 0x06, 0x07, 0x06, 0x07, 
    0x27, 0x07, 0x75, 0x0d, 0x4e, 0x4d, 0x78, 0x65, 0x64, 0x5c, 0x3e, 0x52, 
    0x1b, 0x0d, 0x14, 0x0d, 0x1e, 0x18, 0x15, 0x0c, 0x0c, 0x46, 0x47, 0x8c, 
    0x36, 0x36, 0x36, 0x2b, 0x59, 0x37, 0x38, 0x01, 0x7a, 0x1e, 0x1f, 0x1c, 
    0x20, 0x57, 0x35, 0x34, 0x09, 0x07, 0x0d, 0x16, 0x2c, 0x2d, 0x3b, 0x3d, 
    0x4a, 0x33, 0x2b, 0x2b, 0x1a, 0x19, 0x0f, 0x12, 0x1d, 0x1f, 0x2a, 0x4c, 
    0x3f, 0x01, 0x71, 0x3d, 0x36, 0x85, 0x45, 0x46, 0x2f, 0x56, 0x3b, 0x4c, 
    0x19, 0x0e, 0x15, 0x12, 0x2a, 0x31, 0x2f, 0x34, 0x35, 0x34, 0x80, 0x4f, 
    0x50, 0x0e, 0x0f, 0x1b, 0x35, 0x53, 0x55, 0xfe, 0x8d, 0x0b, 0x07, 0x06, 
    0x3b, 0x3a, 0x5c, 0x20, 0x24, 0x1f, 0x27, 0x42, 0x38, 0x38, 0x1e, 0x1f, 
    0x18, 0x18, 0x2f, 0x2f, 0x45, 0x3b, 0x38, 0x3c, 0x2e, 0x31, 0x22, 0x46, 
    0x3b, 0x16, 0x16, 0x13, 0x00, 0x02, 0x00, 0x56, 0xff, 0xfe, 0x03, 0x05, 
    0x02, 0xd0, 0x00, 0x20, 0x00, 0x2b, 0x00, 0x77, 0xb0, 0x09, 0x1f, 0x01, 
    0x40, 0x0b, 0x05, 0x0a, 0x0c, 0x03, 0x00, 0x00, 0x00, 0x00, 0x0e, 0x00, 
    0x00, 0x2b, 0x40, 0x0c, 0x0f, 0x10, 0x13, 0x03, 0x00, 0x09, 0x01, 0x00, 
    0x18, 0x15, 0x07, 0x00, 0x2b, 0xb3, 0x18, 0x1b, 0x25, 0x04, 0x2b, 0x31, 
    0x40, 0x0a, 0x21, 0x2b, 0x29, 0x27, 0x23, 0x22, 0x06, 0x00, 0x1b, 0x02, 
    0x2b, 0xb0, 0x09, 0x1f, 0x00, 0xb5, 0x00, 0x01, 0x01, 0x01, 0x00, 0x00, 
    0x3f, 0x17, 0x3c, 0x2a, 0x40, 0x0a, 0x00, 0x2b, 0x01, 0x00, 0x03, 0x01, 
    0x0c, 0x21, 0x02, 0x00, 0x2b, 0xb5, 0x00, 0x01, 0x0f, 0x01, 0x0e, 0x00, 
    0x3f, 0x17, 0x3c, 0x2a, 0xb1, 0x00, 0x0c, 0x42, 0xb7, 0x22, 0x23, 0x02, 
    0x07, 0x20, 0x01, 0x1f, 0x01, 0x3f, 0x17, 0x3c, 0x2a, 0x30, 0xb6, 0x29, 
    0x27, 0x25, 0x03, 0x02, 0x1f, 0x02, 0x2b, 0x17, 0x33, 0x13, 0x33, 0x32, 
    0x17, 0x16, 0x15, 0x14, 0x0f, 0x01, 0x06, 0x07, 0x06, 0x15, 0x33, 0x37, 
    0x26, 0x27, 0x37, 0x36, 0x35, 0x34, 0x27, 0x36, 0x37, 0x36, 0x35, 0x34, 
    0x27, 0x26, 0x23, 0x21, 0x13, 0x37, 0x33, 0x32, 0x15, 0x14, 0x07, 0x06, 
    0x07, 0x06, 0x23, 0x56, 0x67, 0x3d, 0xe5, 0x3f, 0x19, 0x19, 0x06, 0x0d, 
    0x05, 0x01, 0x01, 0x78, 0x02, 0x17, 0x03, 0x17, 0x08, 0x3e, 0x43, 0x25, 
    0x26, 0x35, 0x34, 0x54, 0xfe, 0xa8, 0x1c, 0x34, 0xeb, 0x73, 0x14, 0x15, 
    0x26, 0x25, 0x30, 0x02, 0x01, 0x37, 0x15, 0x15, 0x26, 0x20, 0x29, 0x52, 
    0x1e, 0x0a, 0x08, 0x1a, 0x10, 0x0b, 0x1c, 0x75, 0x33, 0x27, 0x45, 0x17, 
    0x20, 0x3a, 0x3b, 0x45, 0x4e, 0x24, 0x22, 0xfe, 0xb7, 0xf4, 0x50, 0x2c, 
    0x27, 0x25, 0x17, 0x15, 0x00, 0x01, 0x00, 0x5a, 0xff, 0xec, 0x02, 0xca, 
    0x02, 0xe2, 0x00, 0x55, 0x00, 0x77, 0xb0, 0x09, 0x1f, 0x01, 0x40, 0x0b, 
    0x00, 0x00, 0x00, 0x02, 0x04, 0x03, 0x00, 0x18, 0x54, 0x06, 0x00, 0x2b, 
    0x40, 0x0a, 0x00, 0x00, 0x2c, 0x01, 0x48, 0x01, 0x18, 0x1a, 0x16, 0x00, 
    0x2b, 0x40, 0x09, 0x24, 0x01, 0x00, 0x00, 0x00, 0x18, 0x23, 0x43, 0x00, 
    0x2b, 0x40, 0x0d, 0x31, 0x33, 0x35, 0x03, 0x00, 0x2f, 0x30, 0x02, 0x00, 
    0x18, 0x37, 0x2e, 0x00, 0x2b, 0x31, 0xb0, 0x09, 0x1f, 0x00, 0x40, 0x09, 
    0x00, 0x55, 0x01, 0x00, 0x00, 0x00, 0x00, 0x4e, 0x00, 0x2b, 0xb1, 0x00, 
    0x0c, 0x42, 0xb5, 0x50, 0x01, 0x07, 0x00, 0x0c, 0x00, 0x3f, 0x17, 0x3c, 
    0x2a, 0x40, 0x09, 0x00, 0x30, 0x01, 0x00, 0x00, 0x0c, 0x31, 0x1f, 0x00, 
    0x2b, 0xb1, 0x00, 0x0c, 0x42, 0xb5, 0x2a, 0x01, 0x07, 0x00, 0x3d, 0x01, 
    0x3f, 0x17, 0x3c, 0x2a, 0x30, 0x37, 0x06, 0x07, 0x14, 0x07, 0x06, 0x07, 
    0x14, 0x17, 0x16, 0x17, 0x16, 0x33, 0x32, 0x37, 0x36, 0x37, 0x36, 0x37, 
    0x36, 0x37, 0x36, 0x37, 0x36, 0x37, 0x36, 0x35, 0x34, 0x27, 0x26, 0x2f, 
    0x01, 0x22, 0x27, 0x26, 0x35, 0x37, 0x36, 0x37, 0x36, 0x37, 0x36, 0x33, 
    0x32, 0x17, 0x16, 0x15, 0x0f, 0x01, 0x33, 0x36, 0x37, 0x36, 0x35, 0x36, 
    0x35, 0x34, 0x27, 0x26, 0x27, 0x26, 0x23, 0x22, 0x07, 0x06, 0x07, 0x06, 
    0x07, 0x14, 0x1f, 0x01, 0x16, 0x15, 0x14, 0x07, 0x06, 0x07, 0x06, 0x23, 
    0x2f, 0x01, 0x26, 0x27, 0x26, 0x35, 0x37, 0x62, 0x02, 0x01, 0x01, 0x02, 
    0x02, 0x27, 0x24, 0x35, 0x36, 0x34, 0x24, 0x21, 0x1f, 0x1f, 0x31, 0x17, 
    0x0e, 0x07, 0x09, 0x0b, 0x32, 0x19, 0x19, 0x1f, 0x1f, 0x56, 0xa8, 0x13, 
    0x1d, 0x1d, 0x06, 0x0e, 0x2a, 0x16, 0x1e, 0x1d, 0x25, 0x59, 0x25, 0x26, 
    0x01, 0x01, 0x5c, 0x01, 0x02, 0x01, 0x01, 0x4b, 0x26, 0x2c, 0x2d, 0x29, 
    0x50, 0x3d, 0x3e, 0x29, 0x28, 0x0b, 0x79, 0xc5, 0x4a, 0x1e, 0x20, 0x30, 
    0x33, 0x2e, 0x16, 0x17, 0x44, 0x1f, 0x21, 0x05, 0xe8, 0x07, 0x0b, 0x02, 
    0x09, 0x11, 0x12, 0x46, 0x2c, 0x28, 0x11, 0x11, 0x05, 0x05, 0x07, 0x0d, 
    0x0c, 0x08, 0x04, 0x06, 0x09, 0x29, 0x34, 0x34, 0x3a, 0x37, 0x22, 0x23, 
    0x13, 0x29, 0x0f, 0x0f, 0x28, 0x1f, 0x30, 0x21, 0x12, 0x09, 0x09, 0x22, 
    0x23, 0x32, 0x0e, 0x0d, 0x07, 0x0e, 0x04, 0x03, 0x07, 0x14, 0x70, 0x1e, 
    0x10, 0x09, 0x08, 0x22, 0x22, 0x3b, 0x3c, 0x4a, 0x62, 0x1f, 0x33, 0x12, 
    0x40, 0x33, 0x21, 0x23, 0x10, 0x11, 0x02, 0x01, 0x06, 0x23, 0x24, 0x32, 
    0x27, 0x21, 0x1a, 0x36, 0x00, 0x01, 0x00, 0x94, 0x00, 0x00, 0x02, 0xee, 
    0x02, 0xcf, 0x00, 0x07, 0x00, 0x2f, 0xb0, 0x09, 0x1f, 0x01, 0xb3, 0x00, 
    0x04, 0x06, 0x04, 0x2b, 0x31, 0xb0, 0x09, 0x1f, 0x00, 0xb5, 0x00, 0x01, 
    0x01, 0x01, 0x00, 0x00, 0x3f, 0x17, 0x3c, 0x2a, 0xb1, 0x00, 0x0c, 0x42, 
    0x40, 0x0a, 0x02, 0x03, 0x06, 0x07, 0x04, 0x07, 0x05, 0x01, 0x04, 0x01, 
    0x3f, 0x17, 0x3c, 0x2a, 0x30, 0x25, 0x33, 0x13, 0x33, 0x37, 0x21, 0x07, 
    0x33, 0x01, 0x02, 0x61, 0x85, 0xf4, 0x12, 0xfd, 0xba, 0x14, 0xf5, 0x00, 
    0x02, 0x79, 0x56, 0x56, 0x00, 0x01, 0x00, 0x7b, 0xff, 0xee, 0x03, 0x1d, 
    0x02, 0xcf, 0x00, 0x25, 0x00, 0x3d, 0xb0, 0x09, 0x1f, 0x01, 0x40, 0x0e, 
    0x22, 0x23, 0x25, 0x03, 0x00, 0x00, 0x01, 0x05, 0x03, 0x00, 0x18, 0x21, 
    0x03, 0x00, 0x2b, 0xb3, 0x00, 0x11, 0x06, 0x04, 0x2b, 0x31, 0xb0, 0x09, 
    0x1f, 0x00, 0xb1, 0x00, 0x0c, 0x42, 0xb5, 0x1f, 0x01, 0x07, 0x00, 0x0a, 
    0x00, 0x3f, 0x17, 0x3c, 0x2a, 0xb7, 0x00, 0x01, 0x12, 0x24, 0x25, 0x03, 
    0x11, 0x01, 0x3f, 0x17, 0x3c, 0x2a, 0x30, 0x37, 0x07, 0x06, 0x07, 0x06, 
    0x07, 0x15, 0x14, 0x17, 0x16, 0x33, 0x32, 0x37, 0x36, 0x37, 0x36, 0x37, 
    0x13, 0x23, 0x03, 0x06, 0x07, 0x06, 0x07, 0x06, 0x07, 0x06, 0x07, 0x06, 
    0x07, 0x06, 0x23, 0x22, 0x35, 0x3f, 0x01, 0x13, 0x23, 0x83, 0x01, 0x02, 
    0x01, 0x02, 0x02, 0x41, 0x40, 0x7d, 0x49, 0x45, 0x46, 0x2f, 0x30, 0x11, 
    0x60, 0x60, 0x63, 0x06, 0x05, 0x0a, 0x07, 0x13, 0x1c, 0x1c, 0x23, 0x16, 
    0x10, 0x0f, 0x16, 0xa6, 0x05, 0x02, 0x64, 0x62, 0xf0, 0x06, 0x0f, 0x0a, 
    0x0d, 0x15, 0x03, 0x5b, 0x32, 0x31, 0x22, 0x23, 0x3f, 0x42, 0x56, 0x01, 
    0xc5, 0xfe, 0x2f, 0x1a, 0x0c, 0x18, 0x0c, 0x22, 0x19, 0x19, 0x0e, 0x09, 
    0x03, 0x04, 0x87, 0x1f, 0x16, 0x01, 0xd1, 0x36, 0x00, 0x01, 0x00, 0xae, 
    0x00, 0x00, 0x03, 0x21, 0x02, 0xcf, 0x00, 0x06, 0x00, 0x28, 0xb0, 0x09, 
    0x1f, 0x01, 0xb3, 0x00, 0x02, 0x06, 0x04, 0x2b, 0x31, 0xb0, 0x09, 0x1f, 
    0x00, 0xb5, 0x00, 0x01, 0x01, 0x01, 0x00, 0x00, 0x3f, 0x17, 0x3c, 0x2a, 
    0xb7, 0x00, 0x01, 0x03, 0x05, 0x06, 0x03, 0x02, 0x01, 0x3f, 0x17, 0x3c, 
    0x2a, 0x30, 0x25, 0x33, 0x01, 0x23, 0x01, 0x03, 0x23, 0x01, 0x1b, 0x66, 
    0x01, 0xa0, 0x6e, 0xfe, 0xb0, 0x4a, 0x6b, 0x00, 0x02, 0xcf, 0xfd, 0x9a, 
    0x02, 0x66, 0x07, 0x06, 0x00, 0x01, 0x00, 0xa8, 0x00, 0x00, 0x04, 0x3a, 
    0x02, 0xcf, 0x00, 0x0d, 0x00, 0x45, 0xb0, 0x09, 0x1f, 0x01, 0xb3, 0x18, 
    0x0b, 0x00, 0x04, 0x2b, 0xb3, 0x18, 0x09, 0x02, 0x04, 0x2b, 0x40, 0x09, 
    0x07, 0x01, 0x00, 0x00, 0x00, 0x18, 0x08, 0x03, 0x00, 0x2b, 0xb3, 0x18, 
    0x0c, 0x0d, 0x04, 0x2b, 0x31, 0xb0, 0x09, 0x1f, 0x00, 0xb7, 0x00, 0x01, 
    0x01, 0x03, 0x04, 0x03, 0x00, 0x00, 0x3f, 0x17, 0x3c, 0x2a, 0x40, 0x0a, 
    0x00, 0x01, 0x06, 0x09, 0x0a, 0x0c, 0x0d, 0x05, 0x05, 0x01, 0x3f, 0x17, 
    0x3c, 0x2a, 0x30, 0x37, 0x33, 0x01, 0x13, 0x33, 0x01, 0x23, 0x01, 0x23, 
    0x03, 0x23, 0x01, 0x03, 0x23, 0xcb, 0x68, 0x01, 0x25, 0x25, 0x67, 0x01, 
    0x56, 0x6b, 0xfe, 0xfe, 0x04, 0x23, 0x6a, 0xfe, 0xdf, 0x0a, 0x69, 0x00, 
    0x02, 0x54, 0xfd, 0xac, 0x02, 0xcf, 0xfd, 0xb8, 0x02, 0x48, 0xfd, 0xb8, 
    0x02, 0x48, 0x63, 0x06, 0x00, 0x01, 0x00, 0x14, 0x00, 0x00, 0x03, 0x17, 
    0x02, 0xcf, 0x00, 0x0b, 0x00, 0x2a, 0xb0, 0x09, 0x1f, 0x01, 0xb3, 0x00, 
    0x06, 0x00, 0x04, 0x2b, 0x31, 0xb0, 0x09, 0x1f, 0x00, 0xb7, 0x00, 0x01, 
    0x01, 0x03, 0x04, 0x03, 0x00, 0x00, 0x3f, 0x17, 0x3c, 0x2a, 0xb7, 0x00, 
    0x01, 0x07, 0x09, 0x0a, 0x03, 0x06, 0x01, 0x3f, 0x17, 0x3c, 0x2a, 0x30, 
    0x37, 0x33, 0x01, 0x13, 0x33, 0x03, 0x01, 0x23, 0x0b, 0x01, 0x23, 0x13, 
    0x14, 0x75, 0x01, 0x05, 0x81, 0x79, 0xad, 0x01, 0x3c, 0x75, 0xf0, 0x7b, 
    0x7b, 0xa6, 0x00, 0x01, 0x27, 0xfe, 0xd9, 0x01, 0x71, 0x01, 0x5e, 0xfe, 
    0xec, 0x01, 0x14, 0xfe, 0xa2, 0xcb, 0x68, 0x01, 0x00, 0x01, 0x00, 0xa8, 
    0x00, 0x00, 0x03, 0x27, 0x02, 0xcf, 0x00, 0x08, 0x00, 0x28, 0xb0, 0x09, 
    0x1f, 0x01, 0xb3, 0x00, 0x03, 0x07, 0x04, 0x2b, 0x31, 0xb0, 0x09, 0x1f, 
    0x00, 0xb5, 0x00, 0x01, 0x01, 0x01, 0x00, 0x00, 0x3f, 0x17, 0x3c, 0x2a, 
    0xb7, 0x00, 0x01, 0x04, 0x06, 0x07, 0x03, 0x03, 0x01, 0x3f, 0x17, 0x3c, 
    0x2a, 0x30, 0x25, 0x33, 0x13, 0x01, 0x23, 0x01, 0x03, 0x23, 0x13, 0x01, 
    0x1d, 0x62, 0x3c, 0x01, 0x6c, 0x72, 0xfe, 0xe7, 0x85, 0x6f, 0xb2, 0x00, 
    0x01, 0x21, 0x01, 0xae, 0xfe, 0xa6, 0x01, 0x5a, 0xfe, 0x54, 0xd9, 0x01, 
    0x00, 0x01, 0x00, 0x17, 0x00, 0x00, 0x02, 0xe4, 0x02, 0xcf, 0x00, 0x09, 
    0x00, 0x32, 0xb0, 0x09, 0x1f, 0x01, 0xb3, 0x00, 0x05, 0x00, 0x04, 0x2b, 
    0x31, 0xb0, 0x09, 0x1f, 0x00, 0xb1, 0x00, 0x0c, 0x42, 0xb7, 0x02, 0x03, 
    0x02, 0x07, 0x01, 0x01, 0x00, 0x00, 0x3f, 0x17, 0x3c, 0x2a, 0xb1, 0x00, 
    0x0c, 0x42, 0xb7, 0x07, 0x08, 0x02, 0x07, 0x06, 0x01, 0x05, 0x01, 0x3f, 
    0x17, 0x3c, 0x2a, 0x30, 0x37, 0x21, 0x37, 0x21, 0x01, 0x37, 0x21, 0x07, 
    0x21, 0x01, 0x17, 0x02, 0x35, 0x11, 0xfe, 0x47, 0x02, 0x2f, 0x11, 0xfd, 
    0xed, 0x14, 0x01, 0x99, 0xfd, 0xd1, 0x00, 0x56, 0x02, 0x25, 0x54, 0x56, 
    0xfd, 0xd7, 0x68, 0x01, 0x00, 0x01, 0x00, 0x15, 0xff, 0x3d, 0x01, 0x92, 
    0x02, 0xd3, 0x00, 0x07, 0x00, 0x38, 0xb0, 0x09, 0x1f, 0x01, 0x40, 0x09, 
    0x05, 0x01, 0x00, 0x00, 0x00, 0x00, 0x06, 0x00, 0x00, 0x2b, 0x31, 0xb0, 
    0x09, 0x1f, 0x00, 0xb1, 0x00, 0x0c, 0x42, 0xb7, 0x02, 0x03, 0x02, 0x07, 
    0x01, 0x01, 0x00, 0x07, 0x3f, 0x17, 0x3c, 0x2a, 0xb1, 0x00, 0x0c, 0x42, 
    0xb7, 0x04, 0x05, 0x02, 0x07, 0x07, 0x01, 0x06, 0x01, 0x3f, 0x17, 0x3c, 
    0x2a, 0x30, 0x17, 0x33, 0x37, 0x23, 0x13, 0x33, 0x37, 0x23, 0x15, 0xbc, 
    0x0e, 0x6c, 0xa6, 0x6c, 0x0d, 0xb9, 0xc3, 0x46, 0x03, 0x07, 0x49, 0x56, 
    0x00, 0x01, 0x00, 0x8d, 0xff, 0xec, 0x01, 0x23, 0x02, 0xe2, 0x00, 0x03, 
    0x00, 0x26, 0xb0, 0x09, 0x1f, 0x01, 0xb3, 0x00, 0x01, 0x03, 0x04, 0x2b, 
    0x31, 0xb0, 0x09, 0x1f, 0x00, 0xb5, 0x00, 0x01, 0x01, 0x01, 0x00, 0x00, 
    0x3f, 0x17, 0x3c, 0x2a, 0xb5, 0x00, 0x01, 0x03, 0x01, 0x02, 0x01, 0x3f, 
    0x17, 0x3c, 0x2a, 0x30, 0x17, 0x33, 0x03, 0x23, 0xe1, 0x42, 0x56, 0x40, 
    0x14, 0x02, 0xf6, 0x06, 0x00, 0x01, 0xff, 0xf1, 0xff, 0x3d, 0x01, 0x71, 
    0x02, 0xd3, 0x00, 0x07, 0x00, 0x32, 0xb0, 0x09, 0x1f, 0x01, 0xb3, 0x00, 
    0x04, 0x02, 0x04, 0x2b, 0x31, 0xb0, 0x09, 0x1f, 0x00, 0xb1, 0x00, 0x0c, 
    0x42, 0xb7, 0x00, 0x01, 0x02, 0x07, 0x03, 0x01, 0x02, 0x07, 0x3f, 0x17, 
    0x3c, 0x2a, 0xb1, 0x00, 0x0c, 0x42, 0xb7, 0x06, 0x07, 0x02, 0x07, 0x05, 
    0x01, 0x04, 0x01, 0x3f, 0x17, 0x3c, 0x2a, 0x30, 0x17, 0x23, 0x07, 0x33, 
    0x13, 0x23, 0x07, 0x33, 0x6c, 0x6b, 0x10, 0xbd, 0xc3, 0xbb, 0x10, 0x6a, 
    0x7d, 0x46, 0x03, 0x96, 0x49, 0xb9, 0xc3, 0x46, 0x00, 0x01, 0x00, 0x2b, 
    0x01, 0x08, 0x02, 0x1b, 0x02, 0xb1, 0x00, 0x06, 0x00, 0x1f, 0xb0, 0x09, 
    0x1f, 0x01, 0xb3, 0x00, 0x04, 0x00, 0x04, 0x2b, 0x31, 0xb0, 0x09, 0x1f, 
    0x00, 0x40, 0x0c, 0x00, 0x01, 0x03, 0x04, 0x03, 0x00, 0x06, 0x01, 0x00, 
    0x00, 0x05, 0x00, 0x2b, 0x30, 0x13, 0x33, 0x1b, 0x01, 0x33, 0x03, 0x23, 
    0x2b, 0x4c, 0xf6, 0x62, 0x4c, 0x79, 0x48, 0x01, 0x08, 0x01, 0x57, 0xfe, 
    0xa9, 0x01, 0xa9, 0x33, 0x00, 0x01, 0xff, 0xe5, 0xff, 0x83, 0x02, 0x1d, 
    0xff, 0xb6, 0x00, 0x03, 0x00, 0x24, 0xb0, 0x09, 0x1f, 0x01, 0x40, 0x0a, 
    0x01, 0x01, 0x00, 0x03, 0x01, 0x00, 0x00, 0x02, 0x00, 0x00, 0x2b, 0x31, 
    0xb0, 0x09, 0x1f, 0x00, 0x40, 0x0a, 0x00, 0x01, 0x01, 0x00, 0x03, 0x01, 
    0x0c, 0x00, 0x02, 0x00, 0x2b, 0x30, 0x07, 0x21, 0x37, 0x21, 0x1b, 0x02, 
    0x2c, 0x0c, 0xfd, 0xd3, 0x7d, 0x33, 0x57, 0xfe, 0x00, 0x01, 0x00, 0xaa, 
    0x02, 0x52, 0x01, 0x50, 0x02, 0xde, 0x00, 0x03, 0x00, 0x26, 0xb0, 0x09, 
    0x1f, 0x01, 0xb3, 0x00, 0x01, 0x03, 0x04, 0x2b, 0x31, 0xb0, 0x09, 0x1f, 
    0x00, 0xb5, 0x00, 0x01, 0x01, 0x01, 0x00, 0x08, 0x3f, 0x17, 0x3c, 0x2a, 
    0xb5, 0x00, 0x01, 0x03, 0x01, 0x02, 0x01, 0x3f, 0x17, 0x3c, 0x2a, 0x30, 
    0x01, 0x33, 0x27, 0x23, 0x01, 0x0e, 0x42, 0x3b, 0x6b, 0x02, 0x52, 0x8c, 
    0x00, 0x02, 0x00, 0x3d, 0xff, 0xf0, 0x02, 0x2f, 0x02, 0x1b, 0x00, 0x41, 
    0x00, 0x54, 0x00, 0x8f, 0xb0, 0x09, 0x1f, 0x01, 0x40, 0x0a, 0x00, 0x00, 
    0x08, 0x09, 0x02, 0x00, 0x18, 0x42, 0x0a, 0x00, 0x2b, 0x40, 0x0c, 0x1c, 
    0x24, 0x02, 0x00, 0x00, 0x19, 0x02, 0x00, 0x18, 0x23, 0x1a, 0x00, 0x2b, 
    0x40, 0x0c, 0x00, 0x2a, 0x01, 0x3c, 0x3d, 0x3e, 0x03, 0x00, 0x18, 0x29, 
    0x3b, 0x00, 0x2b, 0x31, 0x40, 0x0e, 0x53, 0x51, 0x50, 0x4e, 0x4c, 0x4a, 
    0x49, 0x47, 0x46, 0x44, 0x0a, 0x42, 0x3b, 0x02, 0x2b, 0xb0, 0x09, 0x1f, 
    0x00, 0x40, 0x0a, 0x00, 0x00, 0x00, 0x35, 0x3e, 0x02, 0x0c, 0x00, 0x34, 
    0x00, 0x2b, 0xb1, 0x00, 0x0c, 0x42, 0xb5, 0x51, 0x01, 0x07, 0x00, 0x0e, 
    0x00, 0x3f, 0x17, 0x3c, 0x2a, 0xb1, 0x00, 0x0c, 0x42, 0xb5, 0x1f, 0x01, 
    0x07, 0x00, 0x1c, 0x00, 0x3f, 0x17, 0x3c, 0x2a, 0xb1, 0x00, 0x0c, 0x42, 
    0xb5, 0x39, 0x01, 0x07, 0x00, 0x2e, 0x02, 0x3f, 0x17, 0x3c, 0x2a, 0x30, 
    0x40, 0x0c, 0x42, 0x53, 0x4c, 0x4a, 0x49, 0x47, 0x46, 0x44, 0x08, 0x0e, 
    0x34, 0x02, 0x2b, 0x01, 0x06, 0x07, 0x06, 0x07, 0x06, 0x07, 0x06, 0x0f, 
    0x02, 0x14, 0x17, 0x16, 0x33, 0x32, 0x37, 0x36, 0x37, 0x36, 0x37, 0x36, 
    0x3f, 0x01, 0x36, 0x37, 0x07, 0x14, 0x33, 0x32, 0x3f, 0x01, 0x22, 0x07, 
    0x26, 0x35, 0x37, 0x13, 0x36, 0x37, 0x36, 0x37, 0x35, 0x34, 0x27, 0x26, 
    0x23, 0x22, 0x07, 0x06, 0x07, 0x06, 0x07, 0x33, 0x36, 0x37, 0x36, 0x33, 
    0x32, 0x15, 0x0f, 0x02, 0x06, 0x07, 0x06, 0x05, 0x34, 0x37, 0x36, 0x3f, 
    0x01, 0x36, 0x37, 0x07, 0x06, 0x07, 0x06, 0x07, 0x06, 0x23, 0x07, 0x22, 
    0x27, 0x26, 0x01, 0x9e, 0x3f, 0x4a, 0x33, 0x2e, 0x2a, 0x1d, 0x1e, 0x0d, 
    0x03, 0x02, 0x28, 0x29, 0x3f, 0x1e, 0x26, 0x05, 0x04, 0x16, 0x06, 0x07, 
    0x11, 0x08, 0x25, 0x19, 0x04, 0x4d, 0x21, 0x15, 0x0e, 0x12, 0x0f, 0x18, 
    0x04, 0x3f, 0x01, 0x01, 0x01, 0x01, 0x2a, 0x2b, 0x5d, 0x48, 0x33, 0x32, 
    0x1d, 0x1e, 0x0a, 0x52, 0x13, 0x25, 0x23, 0x2f, 0x70, 0x01, 0x01, 0x06, 
    0x03, 0x0d, 0x0d, 0xfe, 0xea, 0x1e, 0x1d, 0x1a, 0x64, 0x49, 0x1b, 0x15, 
    0x0c, 0x36, 0x1f, 0x19, 0x20, 0x1c, 0x08, 0x28, 0x11, 0x11, 0x01, 0x3e, 
    0x06, 0x0a, 0x07, 0x12, 0x10, 0x22, 0x20, 0x38, 0x13, 0x14, 0x35, 0x1f, 
    0x20, 0x0b, 0x01, 0x02, 0x07, 0x03, 0x02, 0x0a, 0x04, 0x15, 0x19, 0x15, 
    0x39, 0x0a, 0x3d, 0x04, 0x05, 0x0c, 0x12, 0x01, 0x2b, 0x02, 0x04, 0x04, 
    0x05, 0x10, 0x35, 0x1f, 0x1f, 0x18, 0x19, 0x26, 0x27, 0x30, 0x3d, 0x14, 
    0x13, 0x43, 0x08, 0x07, 0x12, 0x12, 0x0d, 0x0d, 0xc0, 0x2d, 0x18, 0x18, 
    0x04, 0x10, 0x0a, 0x0e, 0x5c, 0x38, 0x1d, 0x0f, 0x07, 0x08, 0x02, 0x12, 
    0x13, 0x19, 0x18, 0x0d, 0x00, 0x02, 0x00, 0x3b, 0xff, 0xf0, 0x02, 0x48, 
    0x02, 0xcf, 0x00, 0x14, 0x00, 0x2a, 0x00, 0x7c, 0xb0, 0x09, 0x1f, 0x01, 
    0x40, 0x09, 0x15, 0x01, 0x00, 0x00, 0x00, 0x18, 0x2a, 0x00, 0x00, 0x2b, 
    0x40, 0x09, 0x00, 0x00, 0x22, 0x01, 0x00, 0x18, 0x0c, 0x20, 0x00, 0x2b, 
    0x31, 0x40, 0x0c, 0x28, 0x26, 0x24, 0x1e, 0x1c, 0x1a, 0x18, 0x16, 0x08, 
    0x2a, 0x20, 0x02, 0x2b, 0xb0, 0x09, 0x1f, 0x00, 0xb5, 0x00, 0x01, 0x01, 
    0x01, 0x00, 0x00, 0x3f, 0x17, 0x3c, 0x2a, 0xb1, 0x00, 0x0c, 0x42, 0xb5, 
    0x28, 0x01, 0x07, 0x00, 0x04, 0x00, 0x3f, 0x17, 0x3c, 0x2a, 0xb1, 0x00, 
    0x0c, 0x42, 0xb5, 0x1e, 0x01, 0x07, 0x00, 0x10, 0x02, 0x3f, 0x17, 0x3c, 
    0x2a, 0xb5, 0x00, 0x01, 0x14, 0x01, 0x13, 0x01, 0x3f, 0x17, 0x3c, 0x2a, 
    0x30, 0x40, 0x0d, 0x15, 0x26, 0x24, 0x22, 0x20, 0x1c, 0x1a, 0x18, 0x16, 
    0x09, 0x00, 0x10, 0x02, 0x2b, 0xb4, 0x2a, 0x01, 0x04, 0x13, 0x02, 0x2b, 
    0x37, 0x33, 0x37, 0x16, 0x33, 0x32, 0x37, 0x36, 0x37, 0x36, 0x37, 0x36, 
    0x35, 0x34, 0x27, 0x26, 0x23, 0x22, 0x07, 0x13, 0x23, 0x03, 0x37, 0x36, 
    0x37, 0x36, 0x37, 0x36, 0x37, 0x36, 0x33, 0x32, 0x15, 0x14, 0x07, 0x06, 
    0x07, 0x06, 0x07, 0x06, 0x23, 0x22, 0x35, 0x3b, 0x52, 0x0f, 0x20, 0x5f, 
    0x2e, 0x28, 0x28, 0x22, 0x43, 0x26, 0x24, 0x2b, 0x2b, 0x5a, 0x55, 0x4f, 
    0x37, 0x58, 0x12, 0x14, 0x06, 0x08, 0x08, 0x0a, 0x18, 0x23, 0x26, 0x33, 
    0x63, 0x0c, 0x0d, 0x18, 0x19, 0x26, 0x26, 0x33, 0x69, 0x00, 0x40, 0x50, 
    0x0e, 0x0e, 0x1c, 0x37, 0x58, 0x56, 0x58, 0x52, 0x31, 0x31, 0x50, 0x01, 
    0x06, 0xfe, 0x23, 0x45, 0x10, 0x12, 0x12, 0x0e, 0x24, 0x17, 0x17, 0x75, 
    0x2d, 0x2f, 0x32, 0x2a, 0x2b, 0x1a, 0x1a, 0x75, 0x00, 0x01, 0x00, 0x4a, 
    0xff, 0xf0, 0x02, 0x29, 0x02, 0x1b, 0x00, 0x2e, 0x00, 0x4e, 0xb0, 0x09, 
    0x1f, 0x01, 0x40, 0x09, 0x00, 0x00, 0x08, 0x01, 0x00, 0x18, 0x1e, 0x09, 
    0x00, 0x2b, 0x40, 0x0a, 0x29, 0x2a, 0x02, 0x00, 0x00, 0x00, 0x18, 0x2b, 
    0x28, 0x00, 0x2b, 0x31, 0xb0, 0x09, 0x1f, 0x00, 0xb1, 0x00, 0x0c, 0x42, 
    0xb5, 0x24, 0x01, 0x07, 0x00, 0x00, 0x02, 0x3f, 0x17, 0x3c, 0x2a, 0xb1, 
    0x00, 0x0c, 0x42, 0xb5, 0x1a, 0x01, 0x07, 0x00, 0x0d, 0x00, 0x3f, 0x17, 
    0x3c, 0x2a, 0x40, 0x0a, 0x00, 0x28, 0x01, 0x00, 0x12, 0x01, 0x00, 0x29, 
    0x11, 0x00, 0x2b, 0x30, 0x01, 0x22, 0x07, 0x06, 0x07, 0x06, 0x07, 0x06, 
    0x0f, 0x01, 0x14, 0x17, 0x16, 0x33, 0x32, 0x37, 0x36, 0x37, 0x23, 0x06, 
    0x07, 0x06, 0x07, 0x06, 0x07, 0x06, 0x23, 0x26, 0x27, 0x26, 0x35, 0x36, 
    0x37, 0x36, 0x37, 0x36, 0x33, 0x32, 0x17, 0x16, 0x15, 0x33, 0x3f, 0x01, 
    0x34, 0x27, 0x26, 0x01, 0x81, 0x25, 0x21, 0x25, 0x1d, 0x3e, 0x2c, 0x2c, 
    0x13, 0x06, 0x30, 0x30, 0x5a, 0x5a, 0x43, 0x42, 0x23, 0x56, 0x08, 0x15, 
    0x0f, 0x0b, 0x0b, 0x13, 0x22, 0x2d, 0x31, 0x17, 0x1a, 0x07, 0x15, 0x14, 
    0x2a, 0x2b, 0x42, 0x3b, 0x13, 0x14, 0x54, 0x01, 0x01, 0x31, 0x32, 0x02, 
    0x1b, 0x09, 0x0c, 0x11, 0x22, 0x44, 0x44, 0x65, 0x3a, 0x51, 0x35, 0x36, 
    0x34, 0x33, 0x63, 0x1b, 0x1a, 0x12, 0x0a, 0x0a, 0x0c, 0x16, 0x05, 0x1c, 
    0x20, 0x38, 0x42, 0x42, 0x40, 0x28, 0x29, 0x1f, 0x20, 0x30, 0x12, 0x13, 
    0x55, 0x22, 0x23, 0x50, 0x00, 0x02, 0x00, 0x52, 0xff, 0xf0, 0x02, 0x8c, 
    0x02, 0xcf, 0x00, 0x20, 0x00, 0x32, 0x00, 0x76, 0xb0, 0x09, 0x1f, 0x01, 
    0x40, 0x0d, 0x0a, 0x16, 0x25, 0x03, 0x00, 0x0e, 0x12, 0x02, 0x00, 0x18, 
    0x23, 0x10, 0x00, 0x2b, 0xb3, 0x00, 0x1f, 0x2d, 0x04, 0x2b, 0x31, 0x40, 
    0x09, 0x31, 0x2f, 0x2b, 0x29, 0x27, 0x05, 0x23, 0x2d, 0x02, 0x2b, 0xb4, 
    0x21, 0x01, 0x10, 0x1f, 0x02, 0x2b, 0xb0, 0x09, 0x1f, 0x00, 0xb1, 0x00, 
    0x0c, 0x42, 0xb5, 0x2b, 0x01, 0x07, 0x00, 0x04, 0x02, 0x3f, 0x17, 0x3c, 
    0x2a, 0xb1, 0x00, 0x0c, 0x42, 0xb5, 0x21, 0x01, 0x07, 0x00, 0x18, 0x00, 
    0x3f, 0x17, 0x3c, 0x2a, 0xb6, 0x00, 0x01, 0x1d, 0x1e, 0x02, 0x16, 0x00, 
    0x3f, 0x17, 0x3c, 0x2a, 0xb5, 0x00, 0x01, 0x20, 0x01, 0x1f, 0x01, 0x3f, 
    0x17, 0x3c, 0x2a, 0x30, 0x40, 0x0b, 0x31, 0x2f, 0x2d, 0x29, 0x27, 0x25, 
    0x23, 0x07, 0x18, 0x04, 0x02, 0x2b, 0x01, 0x26, 0x27, 0x26, 0x23, 0x22, 
    0x07, 0x06, 0x07, 0x06, 0x07, 0x06, 0x07, 0x06, 0x07, 0x06, 0x15, 0x14, 
    0x17, 0x16, 0x17, 0x16, 0x17, 0x16, 0x33, 0x32, 0x37, 0x36, 0x37, 0x07, 
    0x33, 0x13, 0x23, 0x01, 0x22, 0x35, 0x34, 0x37, 0x36, 0x37, 0x36, 0x37, 
    0x36, 0x33, 0x32, 0x15, 0x14, 0x07, 0x06, 0x07, 0x06, 0x01, 0xfa, 0x13, 
    0x26, 0x27, 0x37, 0x1f, 0x1d, 0x20, 0x17, 0x31, 0x21, 0x23, 0x13, 0x0d, 
    0x04, 0x05, 0x0b, 0x0b, 0x15, 0x15, 0x20, 0x1f, 0x29, 0x37, 0x2a, 0x2d, 
    0x28, 0x10, 0x54, 0x98, 0x58, 0xfe, 0xe7, 0x6f, 0x07, 0x05, 0x0c, 0x12, 
    0x2a, 0x2a, 0x3f, 0x6e, 0x13, 0x13, 0x2a, 0x2b, 0x01, 0xbd, 0x34, 0x15, 
    0x15, 0x09, 0x0b, 0x0f, 0x1f, 0x33, 0x35, 0x3c, 0x2a, 0x17, 0x1e, 0x1c, 
    0x2a, 0x24, 0x23, 0x1d, 0x1d, 0x0f, 0x10, 0x13, 0x13, 0x32, 0x48, 0x02, 
    0xcf, 0xfd, 0x6e, 0x80, 0x23, 0x1d, 0x1a, 0x25, 0x3b, 0x2a, 0x2a, 0x79, 
    0x44, 0x3c, 0x3f, 0x2b, 0x2b, 0x3f, 0x01, 0x01, 0x00, 0x02, 0x00, 0x54, 
    0xff, 0xf0, 0x02, 0x42, 0x02, 0x1b, 0x00, 0x22, 0x00, 0x2c, 0x00, 0x6f, 
    0xb0, 0x09, 0x1f, 0x01, 0x40, 0x0c, 0x12, 0x14, 0x16, 0x03, 0x00, 0x00, 
    0x01, 0x00, 0x18, 0x10, 0x01, 0x00, 0x2b, 0x40, 0x0a, 0x19, 0x01, 0x00, 
    0x2c, 0x01, 0x00, 0x18, 0x1b, 0x2b, 0x00, 0x2b, 0x31, 0xb7, 0x23, 0x29, 
    0x27, 0x25, 0x04, 0x01, 0x1b, 0x02, 0x2b, 0xb0, 0x09, 0x1f, 0x00, 0xb1, 
    0x00, 0x0c, 0x42, 0xb5, 0x0e, 0x01, 0x07, 0x00, 0x05, 0x00, 0x3f, 0x17, 
    0x3c, 0x2a, 0x40, 0x09, 0x00, 0x00, 0x00, 0x0a, 0x01, 0x0c, 0x19, 0x09, 
    0x00, 0x2b, 0x40, 0x09, 0x00, 0x2c, 0x01, 0x00, 0x00, 0x0c, 0x23, 0x18, 
    0x00, 0x2b, 0xb1, 0x00, 0x0c, 0x42, 0xb5, 0x29, 0x01, 0x07, 0x00, 0x1f, 
    0x02, 0x3f, 0x17, 0x3c, 0x2a, 0x30, 0xb6, 0x2b, 0x27, 0x25, 0x03, 0x18, 
    0x1f, 0x02, 0x2b, 0x37, 0x07, 0x14, 0x17, 0x16, 0x33, 0x32, 0x37, 0x36, 
    0x37, 0x23, 0x06, 0x07, 0x06, 0x23, 0x22, 0x35, 0x36, 0x35, 0x36, 0x37, 
    0x36, 0x37, 0x30, 0x37, 0x21, 0x36, 0x35, 0x34, 0x27, 0x26, 0x23, 0x22, 
    0x07, 0x06, 0x17, 0x36, 0x37, 0x36, 0x37, 0x36, 0x33, 0x32, 0x15, 0x07, 
    0x5e, 0x0a, 0x32, 0x32, 0x5b, 0x5a, 0x48, 0x47, 0x25, 0x58, 0x12, 0x2c, 
    0x2c, 0x30, 0x7f, 0x01, 0x02, 0x01, 0x01, 0x02, 0x01, 0x01, 0x7e, 0x0c, 
    0x28, 0x28, 0x5c, 0x7d, 0x51, 0x51, 0x4e, 0x0c, 0x1e, 0x1c, 0x27, 0x25, 
    0x24, 0x71, 0x02, 0xf6, 0x4c, 0x55, 0x32, 0x33, 0x30, 0x30, 0x54, 0x29, 
    0x1f, 0x1f, 0x73, 0x04, 0x05, 0x0e, 0x07, 0x0b, 0x0d, 0x04, 0x38, 0x38, 
    0x59, 0x34, 0x34, 0x52, 0x52, 0x48, 0x31, 0x22, 0x22, 0x14, 0x13, 0x73, 
    0x29, 0x17, 0x1e, 0x1c, 0x00, 0x01, 0x00, 0x56, 0x00, 0x00, 0x01, 0xa0, 
    0x02, 0xd9, 0x00, 0x16, 0x00, 0x42, 0xb0, 0x09, 0x1f, 0x01, 0xb3, 0x00, 
    0x0e, 0x00, 0x04, 0x2b, 0x31, 0xb0, 0x09, 0x1f, 0x00, 0xb5, 0x00, 0x01, 
    0x01, 0x01, 0x00, 0x00, 0x3f, 0x17, 0x3c, 0x2a, 0xb1, 0x00, 0x0c, 0x42, 
    0x40, 0x0c, 0x02, 0x03, 0x15, 0x16, 0x04, 0x07, 0x05, 0x13, 0x14, 0x03, 
    0x04, 0x02, 0x3f, 0x17, 0x3c, 0x2a, 0xb1, 0x00, 0x0c, 0x42, 0xb7, 0x0b, 
    0x0c, 0x02, 0x07, 0x0f, 0x01, 0x10, 0x01, 0x3f, 0x17, 0x3c, 0x2a, 0x30, 
    0x37, 0x33, 0x13, 0x33, 0x37, 0x23, 0x36, 0x37, 0x36, 0x37, 0x36, 0x33, 
    0x1f, 0x01, 0x37, 0x2f, 0x01, 0x22, 0x0f, 0x01, 0x23, 0x07, 0x33, 0x56, 
    0x58, 0x60, 0x57, 0x10, 0x58, 0x0a, 0x09, 0x08, 0x0c, 0x0d, 0x1a, 0x12, 
    0x13, 0x10, 0x15, 0x14, 0x85, 0x19, 0x14, 0x48, 0x10, 0x49, 0x00, 0x01, 
    0xc3, 0x48, 0x36, 0x1c, 0x18, 0x09, 0x0a, 0x01, 0x01, 0x51, 0x01, 0x01, 
    0x70, 0x5e, 0x48, 0x35, 0x00, 0x02, 0x00, 0x2b, 0xff, 0x23, 0x02, 0x63, 
    0x02, 0x19, 0x00, 0x28, 0x00, 0x35, 0x00, 0x72, 0xb0, 0x09, 0x1f, 0x01, 
    0x40, 0x0c, 0x29, 0x01, 0x00, 0x06, 0x07, 0x09, 0x03, 0x00, 0x18, 0x35, 
    0x0b, 0x00, 0x2b, 0xb3, 0x18, 0x17, 0x18, 0x04, 0x2b, 0x40, 0x09, 0x00, 
    0x00, 0x22, 0x01, 0x00, 0x00, 0x25, 0x2d, 0x00, 0x2b, 0x31, 0xb7, 0x33, 
    0x31, 0x2f, 0x2b, 0x04, 0x35, 0x2d, 0x02, 0x2b, 0xb0, 0x09, 0x1f, 0x00, 
    0xb1, 0x00, 0x0c, 0x42, 0xb5, 0x2b, 0x01, 0x07, 0x00, 0x00, 0x02, 0x3f, 
    0x17, 0x3c, 0x2a, 0xb1, 0x00, 0x0c, 0x42, 0xb5, 0x33, 0x01, 0x07, 0x00, 
    0x0f, 0x00, 0x3f, 0x17, 0x3c, 0x2a, 0xb3, 0x0c, 0x15, 0x1c, 0x04, 0x2b, 
    0xb7, 0x17, 0x18, 0x02, 0x01, 0x26, 0x01, 0x25, 0x02, 0x3f, 0x17, 0x3c, 
    0x2a, 0x30, 0x40, 0x09, 0x29, 0x35, 0x31, 0x2f, 0x2d, 0x05, 0x0f, 0x00, 
    0x02, 0x2b, 0x01, 0x22, 0x07, 0x06, 0x07, 0x06, 0x0f, 0x01, 0x06, 0x07, 
    0x06, 0x15, 0x14, 0x17, 0x16, 0x33, 0x32, 0x37, 0x36, 0x37, 0x06, 0x23, 
    0x22, 0x35, 0x23, 0x14, 0x17, 0x16, 0x33, 0x32, 0x37, 0x36, 0x37, 0x36, 
    0x37, 0x36, 0x37, 0x13, 0x23, 0x07, 0x26, 0x01, 0x36, 0x33, 0x32, 0x15, 
    0x14, 0x07, 0x06, 0x07, 0x06, 0x23, 0x22, 0x35, 0x01, 0x85, 0x4b, 0x3b, 
    0x3c, 0x27, 0x28, 0x10, 0x01, 0x08, 0x02, 0x03, 0x30, 0x30, 0x5b, 0x2b, 
    0x2b, 0x2b, 0x16, 0x25, 0x9e, 0x62, 0x58, 0x2e, 0x2e, 0x4e, 0x3e, 0x33, 
    0x33, 0x24, 0x24, 0x18, 0x18, 0x0d, 0x65, 0x54, 0x0f, 0x2b, 0xfe, 0xe7, 
    0x28, 0x91, 0x68, 0x14, 0x14, 0x2d, 0x2b, 0x44, 0x67, 0x02, 0x19, 0x21, 
    0x21, 0x39, 0x3c, 0x49, 0x06, 0x24, 0x0c, 0x15, 0x1c, 0x5a, 0x33, 0x33, 
    0x15, 0x15, 0x1f, 0xcd, 0x52, 0x59, 0x22, 0x22, 0x11, 0x11, 0x21, 0x21, 
    0x31, 0x34, 0x3b, 0x01, 0xe4, 0x4c, 0x5a, 0xfe, 0xf1, 0xc1, 0x7b, 0x3d, 
    0x41, 0x3f, 0x2b, 0x2b, 0x7f, 0x3f, 0x01, 0x01, 0x00, 0x01, 0x00, 0x40, 
    0x00, 0x00, 0x02, 0x3c, 0x02, 0xcf, 0x00, 0x1f, 0x00, 0x5c, 0xb0, 0x09, 
    0x1f, 0x01, 0x40, 0x0c, 0x14, 0x01, 0x00, 0x11, 0x13, 0x19, 0x03, 0x00, 
    0x18, 0x15, 0x10, 0x00, 0x2b, 0x31, 0x40, 0x12, 0x00, 0x1f, 0x1e, 0x1d, 
    0x1b, 0x12, 0x0e, 0x0c, 0x0a, 0x08, 0x06, 0x04, 0x02, 0x01, 0x0e, 0x00, 
    0x15, 0x02, 0x2b, 0xb4, 0x17, 0x01, 0x15, 0x10, 0x02, 0x2b, 0xb0, 0x09, 
    0x1f, 0x00, 0xb7, 0x00, 0x01, 0x01, 0x12, 0x13, 0x03, 0x00, 0x00, 0x3f, 
    0x17, 0x3c, 0x2a, 0xb1, 0x00, 0x0c, 0x42, 0xb5, 0x0c, 0x01, 0x07, 0x00, 
    0x1b, 0x02, 0x3f, 0x17, 0x3c, 0x2a, 0xb5, 0x00, 0x01, 0x1f, 0x01, 0x1e, 
    0x01, 0x3f, 0x17, 0x3c, 0x2a, 0x30, 0x37, 0x33, 0x13, 0x36, 0x37, 0x36, 
    0x37, 0x36, 0x37, 0x30, 0x37, 0x36, 0x33, 0x32, 0x17, 0x16, 0x15, 0x07, 
    0x03, 0x33, 0x13, 0x37, 0x34, 0x27, 0x26, 0x27, 0x26, 0x23, 0x22, 0x07, 
    0x13, 0x23, 0x40, 0x58, 0x3d, 0x11, 0x21, 0x24, 0x1d, 0x06, 0x13, 0x07, 
    0x0f, 0x0c, 0x37, 0x14, 0x14, 0x05, 0x4b, 0x5a, 0x4c, 0x04, 0x14, 0x16, 
    0x21, 0x22, 0x27, 0x59, 0x55, 0x39, 0x58, 0x00, 0x01, 0x19, 0x4d, 0x26, 
    0x28, 0x0a, 0x02, 0x06, 0x02, 0x03, 0x11, 0x11, 0x22, 0x31, 0xfe, 0xaa, 
    0x01, 0x6b, 0x2f, 0x27, 0x1f, 0x1e, 0x0e, 0x0f, 0x56, 0x01, 0x0a, 0x03, 
    0x00, 0x02, 0x00, 0x42, 0x00, 0x00, 0x01, 0x35, 0x02, 0xcf, 0x00, 0x03, 
    0x00, 0x07, 0x00, 0x3d, 0xb0, 0x09, 0x1f, 0x01, 0xb3, 0x00, 0x02, 0x00, 
    0x04, 0x2b, 0xb3, 0x18, 0x06, 0x04, 0x04, 0x2b, 0x31, 0xb0, 0x09, 0x1f, 
    0x00, 0xb5, 0x00, 0x01, 0x01, 0x01, 0x00, 0x00, 0x3f, 0x17, 0x3c, 0x2a, 
    0xb5, 0x00, 0x01, 0x03, 0x01, 0x02, 0x02, 0x3f, 0x17, 0x3c, 0x2a, 0xb1, 
    0x00, 0x0c, 0x42, 0xb7, 0x04, 0x05, 0x02, 0x07, 0x07, 0x01, 0x06, 0x01, 
    0x3f, 0x17, 0x3c, 0x2a, 0x30, 0x37, 0x33, 0x13, 0x23, 0x37, 0x33, 0x37, 
    0x23, 0x42, 0x58, 0x70, 0x58, 0x13, 0x5a, 0x16, 0x58, 0x00, 0x02, 0x0b, 
    0x60, 0x64, 0x01, 0x1e, 0x00, 0x02, 0xff, 0xc3, 0xff, 0x2f, 0x01, 0x35, 
    0x02, 0xcf, 0x00, 0x11, 0x00, 0x15, 0x00, 0x3f, 0xb0, 0x09, 0x1f, 0x01, 
    0xb3, 0x00, 0x08, 0x01, 0x04, 0x2b, 0xb3, 0x18, 0x14, 0x12, 0x04, 0x2b, 
    0x31, 0xb0, 0x09, 0x1f, 0x00, 0x40, 0x0a, 0x00, 0x11, 0x01, 0x00, 0x03, 
    0x01, 0x0c, 0x00, 0x02, 0x00, 0x2b, 0xb5, 0x00, 0x01, 0x09, 0x01, 0x08, 
    0x02, 0x3f, 0x17, 0x3c, 0x2a, 0xb1, 0x00, 0x0c, 0x42, 0xb7, 0x12, 0x13, 
    0x02, 0x07, 0x15, 0x01, 0x14, 0x01, 0x3f, 0x17, 0x3c, 0x2a, 0x30, 0x0f, 
    0x01, 0x1f, 0x01, 0x32, 0x3f, 0x02, 0x13, 0x23, 0x03, 0x07, 0x06, 0x07, 
    0x06, 0x07, 0x06, 0x23, 0x13, 0x33, 0x37, 0x23, 0x2d, 0x10, 0x12, 0x19, 
    0x84, 0x19, 0x08, 0x0b, 0x6c, 0x58, 0x7d, 0x09, 0x05, 0x06, 0x08, 0x0e, 
    0x0d, 0x19, 0xe0, 0x5a, 0x16, 0x58, 0x83, 0x4c, 0x01, 0x01, 0x85, 0x27, 
    0x31, 0x01, 0xff, 0xfd, 0xb3, 0x1e, 0x0f, 0x06, 0x08, 0x03, 0x03, 0x02, 
    0xee, 0x64, 0x21, 0x24, 0x00, 0x01, 0x00, 0x42, 0x00, 0x00, 0x02, 0x58, 
    0x02, 0xcf, 0x00, 0x0b, 0x00, 0x33, 0xb0, 0x09, 0x1f, 0x01, 0xb3, 0x00, 
    0x07, 0x00, 0x04, 0x2b, 0x31, 0xb0, 0x09, 0x1f, 0x00, 0xb7, 0x00, 0x01, 
    0x01, 0x04, 0x05, 0x03, 0x00, 0x00, 0x3f, 0x17, 0x3c, 0x2a, 0xb5, 0x00, 
    0x01, 0x08, 0x01, 0x07, 0x02, 0x3f, 0x17, 0x3c, 0x2a, 0xb5, 0x00, 0x01, 
    0x0b, 0x01, 0x0a, 0x01, 0x3f, 0x17, 0x3c, 0x2a, 0x30, 0x37, 0x33, 0x3f, 
    0x01, 0x13, 0x33, 0x03, 0x37, 0x23, 0x05, 0x13, 0x23, 0x42, 0x56, 0x29, 
    0x58, 0x6c, 0x71, 0x8f, 0xf1, 0x70, 0xfe, 0xf1, 0x58, 0x54, 0x00, 0xc5, 
    0x43, 0xfe, 0xf8, 0x01, 0x48, 0xc3, 0xdc, 0x01, 0xa0, 0x10, 0x12, 0x19, 
    0x00, 0x01, 0x00, 0x42, 0x00, 0x00, 0x01, 0x35, 0x02, 0xcf, 0x00, 0x03, 
    0x00, 0x26, 0xb0, 0x09, 0x1f, 0x01, 0xb3, 0x00, 0x02, 0x00, 0x04, 0x2b, 
    0x31, 0xb0, 0x09, 0x1f, 0x00, 0xb5, 0x00, 0x01, 0x01, 0x01, 0x00, 0x00, 
    0x3f, 0x17, 0x3c, 0x2a, 0xb5, 0x00, 0x01, 0x03, 0x01, 0x02, 0x01, 0x3f, 
    0x17, 0x3c, 0x2a, 0x30, 0x37, 0x33, 0x13, 0x23, 0x42, 0x5a, 0x99, 0x58, 
    0x00, 0x02, 0xcf, 0x2a, 0x00, 0x01, 0x00, 0x40, 0x00, 0x00, 0x03, 0x54, 
    0x02, 0x1b, 0x00, 0x32, 0x00, 0x54, 0xb0, 0x09, 0x1f, 0x01, 0x40, 0x0b, 
    0x0b, 0x0c, 0x0e, 0x03, 0x00, 0x00, 0x00, 0x00, 0x0a, 0x00, 0x00, 0x2b, 
    0x40, 0x0d, 0x1d, 0x01, 0x00, 0x18, 0x19, 0x1a, 0x1c, 0x04, 0x00, 0x18, 
    0x1f, 0x17, 0x00, 0x2b, 0x31, 0xb0, 0x09, 0x1f, 0x00, 0x40, 0x0a, 0x00, 
    0x01, 0x01, 0x0d, 0x0e, 0x1b, 0x1c, 0x05, 0x00, 0x00, 0x3f, 0x17, 0x3c, 
    0x2a, 0xb1, 0x00, 0x0c, 0x42, 0xb7, 0x08, 0x15, 0x02, 0x07, 0x2d, 0x01, 
    0x25, 0x02, 0x3f, 0x17, 0x3c, 0x2a, 0xb5, 0x00, 0x01, 0x31, 0x01, 0x30, 
    0x02, 0x3f, 0x17, 0x3c, 0x2a, 0x30, 0x37, 0x33, 0x13, 0x36, 0x37, 0x36, 
    0x37, 0x36, 0x33, 0x32, 0x15, 0x0f, 0x01, 0x03, 0x33, 0x13, 0x36, 0x37, 
    0x36, 0x37, 0x36, 0x33, 0x32, 0x15, 0x0f, 0x02, 0x03, 0x33, 0x13, 0x36, 
    0x35, 0x34, 0x27, 0x26, 0x27, 0x26, 0x23, 0x22, 0x07, 0x06, 0x07, 0x26, 
    0x27, 0x26, 0x23, 0x22, 0x07, 0x37, 0x23, 0x07, 0x40, 0x58, 0x3f, 0x0e, 
    0x1f, 0x21, 0x20, 0x24, 0x1c, 0x40, 0x01, 0x01, 0x4e, 0x58, 0x44, 0x08, 
    0x17, 0x18, 0x20, 0x22, 0x22, 0x4c, 0x01, 0x02, 0x03, 0x48, 0x58, 0x4e, 
    0x04, 0x15, 0x15, 0x1d, 0x1b, 0x21, 0x36, 0x23, 0x20, 0x39, 0x0a, 0x1a, 
    0x19, 0x3c, 0x62, 0x50, 0x10, 0x54, 0x02, 0x00, 0x01, 0x1d, 0x44, 0x27, 
    0x27, 0x0e, 0x0e, 0x42, 0x10, 0x0e, 0xfe, 0x95, 0x01, 0x3e, 0x24, 0x20, 
    0x23, 0x12, 0x14, 0x4a, 0x0c, 0x11, 0x12, 0xfe, 0xae, 0x01, 0x6b, 0x0f, 
    0x24, 0x30, 0x1c, 0x1c, 0x0b, 0x0a, 0x13, 0x11, 0x32, 0x23, 0x1a, 0x19, 
    0x5a, 0x4a, 0x0b, 0x49, 0x00, 0x01, 0x00, 0x40, 0x00, 0x00, 0x02, 0x3e, 
    0x02, 0x1b, 0x00, 0x20, 0x00, 0x3f, 0xb0, 0x09, 0x1f, 0x01, 0x40, 0x0b, 
    0x00, 0x01, 0x00, 0x1e, 0x20, 0x02, 0x00, 0x18, 0x02, 0x1c, 0x00, 0x2b, 
    0x31, 0xb0, 0x09, 0x1f, 0x00, 0xb1, 0x00, 0x0c, 0x42, 0xb5, 0x18, 0x01, 
    0x07, 0x00, 0x08, 0x02, 0x3f, 0x17, 0x3c, 0x2a, 0xb5, 0x00, 0x01, 0x0e, 
    0x01, 0x0d, 0x02, 0x3f, 0x17, 0x3c, 0x2a, 0xb7, 0x00, 0x01, 0x11, 0x1f, 
    0x20, 0x03, 0x10, 0x00, 0x3f, 0x17, 0x3c, 0x2a, 0x30, 0x01, 0x36, 0x35, 
    0x34, 0x27, 0x26, 0x27, 0x26, 0x23, 0x22, 0x07, 0x06, 0x07, 0x37, 0x23, 
    0x07, 0x03, 0x33, 0x13, 0x36, 0x37, 0x36, 0x37, 0x36, 0x33, 0x32, 0x17, 
    0x16, 0x15, 0x14, 0x07, 0x03, 0x33, 0x02, 0x38, 0x06, 0x17, 0x17, 0x22, 
    0x21, 0x27, 0x3a, 0x2e, 0x2b, 0x1f, 0x10, 0x54, 0x02, 0x6e, 0x58, 0x3f, 
    0x0e, 0x1f, 0x21, 0x20, 0x24, 0x1c, 0x31, 0x13, 0x14, 0x06, 0x43, 0x58, 
    0x01, 0x63, 0x1e, 0x17, 0x32, 0x1f, 0x1e, 0x0a, 0x0a, 0x1c, 0x1b, 0x23, 
    0x4a, 0x0b, 0xfe, 0x00, 0x01, 0x1d, 0x44, 0x27, 0x27, 0x0e, 0x0e, 0x13, 
    0x14, 0x27, 0x1b, 0x20, 0xfe, 0xbe, 0x01, 0x02, 0x00, 0x02, 0x00, 0x52, 
    0xff, 0xf2, 0x02, 0x48, 0x02, 0x1b, 0x00, 0x23, 0x00, 0x35, 0x00, 0x63, 
    0xb0, 0x09, 0x1f, 0x01, 0x40, 0x0e, 0x24, 0x35, 0x02, 0x00, 0x00, 0x02, 
    0x04, 0x08, 0x04, 0x00, 0x18, 0x34, 0x06, 0x00, 0x2b, 0x40, 0x0c, 0x16, 
    0x01, 0x00, 0x10, 0x1c, 0x2c, 0x03, 0x00, 0x18, 0x18, 0x2a, 0x00, 0x2b, 
    0x31, 0x40, 0x09, 0x32, 0x30, 0x2e, 0x28, 0x26, 0x05, 0x34, 0x2a, 0x02, 
    0x2b, 0xb0, 0x09, 0x1f, 0x00, 0xb1, 0x00, 0x0c, 0x42, 0xb5, 0x32, 0x01, 
    0x07, 0x00, 0x0c, 0x00, 0x3f, 0x17, 0x3c, 0x2a, 0xb1, 0x00, 0x0c, 0x42, 
    0xb5, 0x28, 0x01, 0x07, 0x00, 0x1e, 0x02, 0x3f, 0x17, 0x3c, 0x2a, 0x30, 
    0x40, 0x0c, 0x24, 0x35, 0x34, 0x30, 0x2e, 0x2c, 0x2a, 0x26, 0x08, 0x0c, 
    0x1e, 0x02, 0x2b, 0x13, 0x14, 0x07, 0x06, 0x07, 0x06, 0x15, 0x14, 0x17, 
    0x16, 0x17, 0x16, 0x33, 0x32, 0x37, 0x36, 0x37, 0x36, 0x37, 0x36, 0x37, 
    0x36, 0x37, 0x36, 0x35, 0x34, 0x27, 0x26, 0x27, 0x26, 0x23, 0x22, 0x07, 
    0x06, 0x07, 0x06, 0x17, 0x36, 0x37, 0x36, 0x33, 0x32, 0x15, 0x14, 0x07, 
    0x06, 0x07, 0x06, 0x07, 0x06, 0x23, 0x22, 0x35, 0x37, 0x5c, 0x01, 0x01, 
    0x03, 0x05, 0x0d, 0x0c, 0x18, 0x30, 0x60, 0x40, 0x3b, 0x3a, 0x29, 0x14, 
    0x12, 0x11, 0x09, 0x0c, 0x05, 0x06, 0x14, 0x13, 0x2c, 0x2b, 0x41, 0x50, 
    0x3e, 0x3f, 0x29, 0x2a, 0x4d, 0x11, 0x2f, 0x2e, 0x55, 0x73, 0x06, 0x05, 
    0x0c, 0x18, 0x2e, 0x2e, 0x3e, 0x75, 0x04, 0x01, 0x06, 0x01, 0x05, 0x0e, 
    0x0d, 0x19, 0x12, 0x2d, 0x23, 0x23, 0x1d, 0x38, 0x1d, 0x1d, 0x32, 0x16, 
    0x20, 0x1e, 0x1c, 0x23, 0x1c, 0x20, 0x1f, 0x38, 0x31, 0x2f, 0x1c, 0x1b, 
    0x28, 0x28, 0x3f, 0x41, 0x45, 0x4a, 0x3f, 0x40, 0x8b, 0x1d, 0x20, 0x1d, 
    0x1f, 0x3d, 0x27, 0x28, 0x84, 0x27, 0x3b, 0x01, 0x00, 0x02, 0x00, 0x0e, 
    0xff, 0x31, 0x02, 0x48, 0x02, 0x1b, 0x00, 0x1e, 0x00, 0x33, 0x00, 0x78, 
    0xb0, 0x09, 0x1f, 0x01, 0x40, 0x0a, 0x1d, 0x1f, 0x02, 0x00, 0x00, 0x00, 
    0x00, 0x33, 0x00, 0x00, 0x2b, 0x40, 0x0a, 0x00, 0x00, 0x10, 0x29, 0x02, 
    0x00, 0x18, 0x0c, 0x27, 0x00, 0x2b, 0x31, 0xb6, 0x25, 0x23, 0x21, 0x03, 
    0x00, 0x0c, 0x02, 0x2b, 0xb7, 0x31, 0x2f, 0x2d, 0x2b, 0x04, 0x33, 0x27, 
    0x02, 0x2b, 0xb0, 0x09, 0x1f, 0x00, 0xb7, 0x00, 0x01, 0x02, 0x01, 0x1d, 
    0x01, 0x1c, 0x02, 0x3f, 0x17, 0x3c, 0x2a, 0xb1, 0x00, 0x0c, 0x42, 0xb5, 
    0x2f, 0x01, 0x07, 0x00, 0x06, 0x00, 0x3f, 0x17, 0x3c, 0x2a, 0xb1, 0x00, 
    0x0c, 0x42, 0xb5, 0x25, 0x01, 0x07, 0x00, 0x12, 0x02, 0x3f, 0x17, 0x3c, 
    0x2a, 0x30, 0xb6, 0x1f, 0x23, 0x21, 0x03, 0x00, 0x1c, 0x02, 0x2b, 0x40, 
    0x0a, 0x33, 0x31, 0x2d, 0x2b, 0x29, 0x27, 0x06, 0x06, 0x12, 0x02, 0x2b, 
    0x17, 0x33, 0x13, 0x16, 0x17, 0x16, 0x33, 0x32, 0x37, 0x36, 0x37, 0x36, 
    0x35, 0x34, 0x27, 0x26, 0x27, 0x26, 0x23, 0x22, 0x07, 0x06, 0x07, 0x06, 
    0x0f, 0x01, 0x06, 0x07, 0x37, 0x23, 0x07, 0x17, 0x36, 0x37, 0x36, 0x37, 
    0x36, 0x33, 0x32, 0x15, 0x14, 0x07, 0x06, 0x07, 0x06, 0x07, 0x06, 0x23, 
    0x22, 0x27, 0x26, 0x35, 0x0e, 0x58, 0x3a, 0x0d, 0x21, 0x20, 0x2d, 0x57, 
    0x47, 0x44, 0x26, 0x25, 0x13, 0x13, 0x27, 0x26, 0x37, 0x1f, 0x1a, 0x19, 
    0x13, 0x0b, 0x16, 0x03, 0x0c, 0x1d, 0x10, 0x52, 0x31, 0x46, 0x0c, 0x16, 
    0x14, 0x28, 0x26, 0x3a, 0x6f, 0x0b, 0x0a, 0x19, 0x1b, 0x23, 0x26, 0x2f, 
    0x2d, 0x23, 0x23, 0xcf, 0x01, 0x06, 0x1f, 0x14, 0x14, 0x38, 0x37, 0x56, 
    0x54, 0x59, 0x39, 0x29, 0x2a, 0x17, 0x16, 0x06, 0x06, 0x0d, 0x08, 0x11, 
    0x03, 0x0a, 0x1b, 0x4a, 0xda, 0x45, 0x31, 0x38, 0x32, 0x22, 0x22, 0x73, 
    0x29, 0x34, 0x30, 0x2d, 0x2f, 0x18, 0x1a, 0x1d, 0x1d, 0x3d, 0x01, 0x01, 
    0x00, 0x02, 0x00, 0x52, 0xff, 0x31, 0x02, 0x5d, 0x02, 0x1b, 0x00, 0x1b, 
    0x00, 0x2f, 0x00, 0x76, 0xb0, 0x09, 0x1f, 0x01, 0x40, 0x0b, 0x00, 0x00, 
    0x04, 0x06, 0x1c, 0x03, 0x00, 0x18, 0x00, 0x2e, 0x00, 0x2b, 0x40, 0x0b, 
    0x24, 0x28, 0x02, 0x00, 0x0e, 0x01, 0x00, 0x18, 0x26, 0x10, 0x00, 0x2b, 
    0x31, 0x40, 0x09, 0x2c, 0x2a, 0x22, 0x20, 0x1e, 0x05, 0x26, 0x2e, 0x02, 
    0x2b, 0xb0, 0x09, 0x1f, 0x00, 0xb7, 0x19, 0x1a, 0x02, 0x01, 0x01, 0x01, 
    0x00, 0x02, 0x3f, 0x17, 0x3c, 0x2a, 0xb1, 0x00, 0x0c, 0x42, 0xb5, 0x2c, 
    0x01, 0x07, 0x00, 0x08, 0x02, 0x3f, 0x17, 0x3c, 0x2a, 0xb1, 0x00, 0x0c, 
    0x42, 0xb5, 0x20, 0x01, 0x07, 0x00, 0x14, 0x00, 0x3f, 0x17, 0x3c, 0x2a, 
    0xb1, 0x00, 0x02, 0x3f, 0x30, 0x40, 0x0b, 0x1c, 0x2a, 0x28, 0x26, 0x24, 
    0x22, 0x1e, 0x07, 0x14, 0x00, 0x02, 0x2b, 0xb4, 0x2e, 0x01, 0x19, 0x08, 
    0x02, 0x2b, 0x01, 0x23, 0x07, 0x26, 0x27, 0x26, 0x27, 0x26, 0x23, 0x22, 
    0x07, 0x06, 0x07, 0x06, 0x07, 0x06, 0x15, 0x14, 0x17, 0x16, 0x33, 0x32, 
    0x37, 0x36, 0x37, 0x03, 0x33, 0x37, 0x27, 0x06, 0x07, 0x06, 0x23, 0x22, 
    0x27, 0x26, 0x27, 0x26, 0x35, 0x34, 0x37, 0x36, 0x37, 0x36, 0x33, 0x32, 
    0x15, 0x14, 0x02, 0x5d, 0x52, 0x13, 0x09, 0x0b, 0x0b, 0x0f, 0x1d, 0x3e, 
    0x5c, 0x3d, 0x3f, 0x1f, 0x11, 0x0b, 0x0a, 0x2b, 0x2b, 0x5e, 0x31, 0x28, 
    0x22, 0x21, 0x37, 0x58, 0x2f, 0x25, 0x13, 0x37, 0x38, 0x34, 0x34, 0x1b, 
    0x0d, 0x08, 0x07, 0x0f, 0x0f, 0x18, 0x2c, 0x61, 0x6a, 0x02, 0x0b, 0x4a, 
    0x13, 0x10, 0x0f, 0x0e, 0x1a, 0x34, 0x35, 0x51, 0x2d, 0x2b, 0x27, 0x2a, 
    0x56, 0x38, 0x3a, 0x15, 0x10, 0x22, 0xfe, 0xfa, 0xdb, 0xe0, 0x5d, 0x29, 
    0x29, 0x22, 0x14, 0x16, 0x15, 0x1f, 0x34, 0x30, 0x2f, 0x2b, 0x50, 0x7d, 
    0x2a, 0x22, 0x22, 0x73, 0x00, 0x01, 0x00, 0x4c, 0x00, 0x00, 0x01, 0xbf, 
    0x02, 0x1b, 0x00, 0x11, 0x00, 0x36, 0xb0, 0x09, 0x1f, 0x01, 0xb3, 0x00, 
    0x08, 0x10, 0x04, 0x2b, 0x31, 0xb0, 0x09, 0x1f, 0x00, 0xb1, 0x00, 0x0c, 
    0x42, 0xb6, 0x06, 0x07, 0x02, 0x07, 0x00, 0x0a, 0x02, 0x3f, 0x17, 0x3c, 
    0x2a, 0xb5, 0x00, 0x01, 0x0e, 0x01, 0x0d, 0x02, 0x3f, 0x17, 0x3c, 0x2a, 
    0xb5, 0x00, 0x01, 0x11, 0x01, 0x10, 0x00, 0x3f, 0x17, 0x3c, 0x2a, 0x30, 
    0x13, 0x36, 0x37, 0x36, 0x37, 0x36, 0x3b, 0x01, 0x37, 0x26, 0x23, 0x22, 
    0x07, 0x37, 0x23, 0x07, 0x03, 0x33, 0xe6, 0x08, 0x17, 0x16, 0x24, 0x23, 
    0x27, 0x21, 0x15, 0x0c, 0x0b, 0x59, 0x51, 0x11, 0x53, 0x02, 0x6e, 0x58, 
    0x01, 0x31, 0x26, 0x20, 0x1e, 0x14, 0x12, 0x5c, 0x04, 0x67, 0x57, 0x0b, 
    0xfe, 0x00, 0x26, 0x24, 0x00, 0x01, 0x00, 0x3f, 0xff, 0xf0, 0x02, 0x11, 
    0x02, 0x1b, 0x00, 0x3e, 0x00, 0x68, 0xb0, 0x09, 0x1f, 0x01, 0x40, 0x0d, 
    0x00, 0x01, 0x04, 0x03, 0x00, 0x3d, 0x3e, 0x02, 0x00, 0x18, 0x02, 0x3c, 
    0x00, 0x2b, 0x40, 0x0b, 0x12, 0x01, 0x00, 0x0e, 0x0f, 0x02, 0x00, 0x18, 
    0x38, 0x10, 0x00, 0x2b, 0xb3, 0x18, 0x2d, 0x17, 0x04, 0x2b, 0x40, 0x0b, 
    0x20, 0x01, 0x00, 0x21, 0x25, 0x02, 0x00, 0x18, 0x1f, 0x23, 0x00, 0x2b, 
    0x31, 0xb0, 0x09, 0x1f, 0x00, 0x40, 0x0a, 0x00, 0x3e, 0x01, 0x00, 0x21, 
    0x01, 0x00, 0x00, 0x20, 0x00, 0x2b, 0xb1, 0x00, 0x0c, 0x42, 0xb6, 0x0c, 
    0x3a, 0x02, 0x07, 0x00, 0x08, 0x02, 0x3f, 0x17, 0x3c, 0x2a, 0xb1, 0x00, 
    0x0c, 0x42, 0xb5, 0x1d, 0x01, 0x07, 0x00, 0x27, 0x00, 0x3f, 0x17, 0x3c, 
    0x2a, 0x30, 0x01, 0x3f, 0x01, 0x34, 0x27, 0x26, 0x27, 0x26, 0x23, 0x22, 
    0x07, 0x06, 0x07, 0x06, 0x0f, 0x02, 0x14, 0x1f, 0x01, 0x16, 0x17, 0x16, 
    0x15, 0x14, 0x07, 0x06, 0x07, 0x06, 0x23, 0x22, 0x35, 0x37, 0x23, 0x06, 
    0x15, 0x06, 0x15, 0x14, 0x33, 0x32, 0x37, 0x36, 0x37, 0x36, 0x35, 0x34, 
    0x27, 0x26, 0x2f, 0x01, 0x26, 0x27, 0x26, 0x27, 0x26, 0x35, 0x36, 0x33, 
    0x32, 0x15, 0x0f, 0x01, 0x02, 0x0f, 0x01, 0x01, 0x0d, 0x0c, 0x26, 0x25, 
    0x44, 0x33, 0x32, 0x33, 0x22, 0x23, 0x0b, 0x02, 0x02, 0x62, 0x5f, 0x30, 
    0x15, 0x15, 0x15, 0x16, 0x1f, 0x21, 0x1f, 0x7a, 0x04, 0x54, 0x04, 0x01, 
    0xbf, 0x38, 0x3c, 0x39, 0x25, 0x24, 0x1c, 0x1a, 0x41, 0x54, 0x18, 0x0f, 
    0x0c, 0x0d, 0x14, 0x18, 0x63, 0x6b, 0x01, 0x01, 0x01, 0x77, 0x0b, 0x12, 
    0x24, 0x1a, 0x1d, 0x17, 0x15, 0x12, 0x14, 0x25, 0x26, 0x37, 0x0f, 0x10, 
    0x49, 0x17, 0x19, 0x0a, 0x0e, 0x0f, 0x18, 0x20, 0x15, 0x15, 0x0a, 0x0b, 
    0x52, 0x19, 0x17, 0x0a, 0x06, 0x0c, 0x85, 0x1a, 0x19, 0x30, 0x2f, 0x3b, 
    0x2a, 0x19, 0x18, 0x11, 0x15, 0x06, 0x06, 0x04, 0x07, 0x0c, 0x12, 0x5c, 
    0x43, 0x0b, 0x0a, 0x32, 0x00, 0x01, 0x00, 0x66, 0xff, 0xf8, 0x01, 0x71, 
    0x02, 0x9e, 0x00, 0x15, 0x00, 0x42, 0xb0, 0x09, 0x1f, 0x01, 0x40, 0x0f, 
    0x08, 0x0d, 0x12, 0x03, 0x14, 0x01, 0x07, 0x09, 0x0a, 0x03, 0x00, 0x18, 
    0x05, 0x0b, 0x00, 0x2b, 0x31, 0xb0, 0x09, 0x1f, 0x00, 0xb1, 0x00, 0x0c, 
    0x42, 0x40, 0x0c, 0x00, 0x07, 0x08, 0x15, 0x04, 0x07, 0x02, 0x05, 0x06, 
    0x03, 0x01, 0x02, 0x3f, 0x17, 0x3c, 0x2a, 0xb1, 0x00, 0x0c, 0x42, 0xb6, 
    0x0f, 0x10, 0x02, 0x07, 0x00, 0x0d, 0x00, 0x3f, 0x17, 0x3c, 0x2a, 0x30, 
    0x01, 0x37, 0x23, 0x37, 0x23, 0x07, 0x23, 0x07, 0x33, 0x03, 0x0f, 0x01, 
    0x14, 0x33, 0x3f, 0x01, 0x23, 0x22, 0x27, 0x26, 0x35, 0x13, 0x01, 0x62, 
    0x0f, 0x56, 0x1f, 0x57, 0x20, 0x46, 0x10, 0x49, 0x4b, 0x03, 0x02, 0x57, 
    0x45, 0x0d, 0x1f, 0x13, 0x0d, 0x0d, 0x4b, 0x01, 0xc3, 0x48, 0x93, 0x93, 
    0x48, 0xfe, 0xa6, 0x15, 0x15, 0x47, 0x08, 0x44, 0x07, 0x07, 0x1b, 0x01, 
    0x56, 0x14, 0x07, 0x06, 0x00, 0x01, 0x00, 0x5e, 0xff, 0xf0, 0x02, 0x58, 
    0x02, 0x0b, 0x00, 0x1e, 0x00, 0x3f, 0xb0, 0x09, 0x1f, 0x01, 0x40, 0x0b, 
    0x0d, 0x0f, 0x02, 0x00, 0x10, 0x01, 0x00, 0x18, 0x0c, 0x11, 0x00, 0x2b, 
    0x31, 0xb0, 0x09, 0x1f, 0x00, 0xb5, 0x00, 0x01, 0x1e, 0x01, 0x00, 0x00, 
    0x3f, 0x17, 0x3c, 0x2a, 0xb7, 0x00, 0x01, 0x03, 0x0e, 0x0f, 0x03, 0x02, 
    0x02, 0x3f, 0x17, 0x3c, 0x2a, 0xb1, 0x00, 0x0c, 0x42, 0xb5, 0x0a, 0x01, 
    0x07, 0x00, 0x17, 0x00, 0x3f, 0x17, 0x3c, 0x2a, 0x30, 0x25, 0x37, 0x13, 
    0x23, 0x03, 0x06, 0x07, 0x06, 0x07, 0x06, 0x23, 0x22, 0x35, 0x37, 0x13, 
    0x23, 0x03, 0x07, 0x14, 0x17, 0x16, 0x17, 0x16, 0x33, 0x32, 0x37, 0x36, 
    0x37, 0x36, 0x37, 0x07, 0x01, 0xea, 0x02, 0x6c, 0x58, 0x3d, 0x08, 0x15, 
    0x16, 0x27, 0x27, 0x34, 0x52, 0x05, 0x4b, 0x58, 0x50, 0x06, 0x15, 0x17, 
    0x1f, 0x21, 0x20, 0x3c, 0x2c, 0x14, 0x17, 0x11, 0x18, 0x10, 0x00, 0x0c, 
    0x01, 0xff, 0xfe, 0xdf, 0x2a, 0x26, 0x27, 0x1b, 0x1b, 0x4c, 0x27, 0x01, 
    0x5b, 0xfe, 0x87, 0x2c, 0x28, 0x1d, 0x1c, 0x0a, 0x0b, 0x17, 0x09, 0x14, 
    0x0f, 0x19, 0x4c, 0x01, 0x00, 0x01, 0x00, 0x77, 0x00, 0x00, 0x02, 0x5c, 
    0x02, 0x0b, 0x00, 0x08, 0x00, 0x2e, 0xb0, 0x09, 0x1f, 0x01, 0x40, 0x09, 
    0x00, 0x00, 0x08, 0x01, 0x00, 0x00, 0x03, 0x07, 0x00, 0x2b, 0x31, 0xb0, 
    0x09, 0x1f, 0x00, 0xb5, 0x00, 0x01, 0x01, 0x01, 0x00, 0x00, 0x3f, 0x17, 
    0x3c, 0x2a, 0xb7, 0x00, 0x01, 0x04, 0x06, 0x07, 0x03, 0x03, 0x02, 0x3f, 
    0x17, 0x3c, 0x2a, 0x30, 0x37, 0x33, 0x37, 0x01, 0x23, 0x0b, 0x01, 0x23, 
    0x17, 0xc7, 0x5e, 0x08, 0x01, 0x2f, 0x60, 0xf0, 0x2f, 0x66, 0x02, 0x00, 
    0x0c, 0x01, 0xff, 0xfe, 0x57, 0x01, 0xa9, 0x0b, 0x00, 0x01, 0x00, 0x7d, 
    0x00, 0x00, 0x03, 0x34, 0x02, 0x0b, 0x00, 0x10, 0x00, 0x51, 0xb0, 0x09, 
    0x1f, 0x01, 0xb3, 0x18, 0x0d, 0x00, 0x04, 0x2b, 0x40, 0x09, 0x00, 0x00, 
    0x02, 0x01, 0x00, 0x18, 0x0b, 0x03, 0x00, 0x2b, 0x40, 0x09, 0x09, 0x01, 
    0x00, 0x00, 0x00, 0x18, 0x0a, 0x04, 0x00, 0x2b, 0x40, 0x09, 0x00, 0x00, 
    0x0f, 0x01, 0x00, 0x18, 0x0e, 0x10, 0x00, 0x2b, 0x31, 0xb0, 0x09, 0x1f, 
    0x00, 0xb7, 0x00, 0x01, 0x01, 0x04, 0x05, 0x03, 0x00, 0x00, 0x3f, 0x17, 
    0x3c, 0x2a, 0x40, 0x0a, 0x00, 0x01, 0x08, 0x0b, 0x0c, 0x0e, 0x0f, 0x05, 
    0x07, 0x02, 0x3f, 0x17, 0x3c, 0x2a, 0x30, 0x37, 0x33, 0x13, 0x33, 0x13, 
    0x33, 0x37, 0x01, 0x23, 0x03, 0x07, 0x03, 0x23, 0x0b, 0x01, 0x23, 0x17, 
    0xa4, 0x5c, 0xbb, 0x04, 0x14, 0x5c, 0x05, 0x01, 0x00, 0x58, 0xc1, 0x02, 
    0x0e, 0x63, 0xbe, 0x0d, 0x60, 0x02, 0x00, 0x01, 0x96, 0xfe, 0x6a, 0x0c, 
    0x01, 0xff, 0xfe, 0x66, 0x02, 0x01, 0x9c, 0xfe, 0x64, 0x01, 0x9c, 0x0b, 
    0x00, 0x01, 0x00, 0x0c, 0x00, 0x00, 0x02, 0x52, 0x02, 0x0b, 0x00, 0x0b, 
    0x00, 0x2a, 0xb0, 0x09, 0x1f, 0x01, 0xb3, 0x00, 0x06, 0x00, 0x04, 0x2b, 
    0x31, 0xb0, 0x09, 0x1f, 0x00, 0xb7, 0x00, 0x01, 0x01, 0x03, 0x04, 0x03, 
    0x00, 0x00, 0x3f, 0x17, 0x3c, 0x2a, 0xb7, 0x00, 0x01, 0x07, 0x09, 0x0a, 
    0x03, 0x06, 0x02, 0x3f, 0x17, 0x3c, 0x2a, 0x30, 0x37, 0x33, 0x37, 0x17, 
    0x33, 0x03, 0x37, 0x23, 0x07, 0x27, 0x23, 0x17, 0x0c, 0x6d, 0xaa, 0x58, 
    0x6f, 0x7f, 0xe7, 0x6c, 0xa0, 0x52, 0x71, 0x79, 0x00, 0xc5, 0xc5, 0x01, 
    0x0e, 0xfd, 0xb7, 0xb7, 0xfd, 0x02, 0x3f, 0x17, 0x00, 0x01, 0x00, 0x10, 
    0xff, 0x29, 0x02, 0x58, 0x02, 0x0b, 0x00, 0x17, 0x00, 0x29, 0xb0, 0x09, 
    0x1f, 0x01, 0x40, 0x09, 0x00, 0x00, 0x0b, 0x01, 0x00, 0x00, 0x17, 0x0c, 
    0x00, 0x2b, 0x31, 0xb0, 0x09, 0x1f, 0x00, 0xb7, 0x00, 0x01, 0x02, 0x03, 
    0x17, 0x03, 0x00, 0x02, 0x3f, 0x17, 0x3c, 0x2a, 0xb3, 0x0c, 0x09, 0x0e, 
    0x04, 0x2b, 0x30, 0x01, 0x0b, 0x01, 0x23, 0x13, 0x07, 0x06, 0x07, 0x06, 
    0x23, 0x22, 0x27, 0x07, 0x16, 0x33, 0x32, 0x37, 0x36, 0x37, 0x36, 0x3f, 
    0x03, 0x01, 0xf8, 0xe9, 0x30, 0x66, 0x52, 0x35, 0x0f, 0x0f, 0x10, 0x16, 
    0x19, 0x1a, 0x0f, 0x18, 0x2a, 0x25, 0x1d, 0x1c, 0x24, 0x2c, 0x2f, 0x61, 
    0x57, 0x71, 0x02, 0x0b, 0xfe, 0x57, 0x01, 0xa9, 0xfd, 0xe7, 0x53, 0x17, 
    0x07, 0x08, 0x08, 0x50, 0x08, 0x11, 0x10, 0x32, 0x3e, 0x50, 0xa4, 0x95, 
    0xc8, 0x63, 0xbe, 0x0d, 0x00, 0x01, 0x00, 0x1f, 0x00, 0x00, 0x02, 0x3c, 
    0x02, 0x0b, 0x00, 0x09, 0x00, 0x3a, 0xb0, 0x09, 0x1f, 0x01, 0x40, 0x09, 
    0x05, 0x01, 0x00, 0x00, 0x00, 0x00, 0x06, 0x01, 0x00, 0x2b, 0x31, 0xb0, 
    0x09, 0x1f, 0x00, 0xb1, 0x00, 0x0c, 0x42, 0xb7, 0x03, 0x04, 0x02, 0x07, 
    0x02, 0x01, 0x01, 0x00, 0x3f, 0x17, 0x3c, 0x2a, 0xb1, 0x00, 0x0c, 0x42, 
    0x40, 0x09, 0x05, 0x08, 0x09, 0x03, 0x07, 0x07, 0x01, 0x06, 0x02, 0x3f, 
    0x17, 0x3c, 0x2a, 0x30, 0x37, 0x07, 0x21, 0x37, 0x21, 0x01, 0x37, 0x21, 
    0x07, 0x21, 0x2f, 0x10, 0x01, 0xb6, 0x0f, 0xfe, 0xc0, 0x01, 0x89, 0x0f, 
    0xfe, 0x6a, 0x10, 0x01, 0x23, 0x44, 0x44, 0x48, 0x01, 0x7b, 0x48, 0x48, 
    0x00, 0x01, 0x00, 0x5c, 0xff, 0x3d, 0x01, 0xbd, 0x02, 0xd3, 0x00, 0x30, 
    0x00, 0x79, 0xb0, 0x09, 0x1f, 0x01, 0x40, 0x0c, 0x1a, 0x01, 0x00, 0x02, 
    0x05, 0x06, 0x03, 0x00, 0x18, 0x16, 0x04, 0x00, 0x2b, 0x40, 0x0b, 0x0c, 
    0x12, 0x13, 0x03, 0x00, 0x00, 0x00, 0x18, 0x11, 0x08, 0x00, 0x2b, 0x31, 
    0x40, 0x17, 0x00, 0x30, 0x2b, 0x29, 0x27, 0x25, 0x24, 0x23, 0x22, 0x20, 
    0x1f, 0x1e, 0x1c, 0x15, 0x14, 0x0f, 0x0e, 0x0d, 0x07, 0x13, 0x00, 0x24, 
    0x02, 0x2b, 0xb4, 0x0a, 0x01, 0x11, 0x08, 0x02, 0x2b, 0xb6, 0x2e, 0x2c, 
    0x18, 0x03, 0x16, 0x04, 0x02, 0x2b, 0xb0, 0x09, 0x1f, 0x00, 0xb3, 0x0c, 
    0x30, 0x00, 0x04, 0x2b, 0xb1, 0x00, 0x0c, 0x42, 0xb7, 0x0e, 0x0f, 0x02, 
    0x07, 0x0d, 0x01, 0x0c, 0x07, 0x3f, 0x17, 0x3c, 0x2a, 0xb1, 0x00, 0x0c, 
    0x42, 0xb7, 0x22, 0x23, 0x02, 0x07, 0x25, 0x01, 0x24, 0x01, 0x3f, 0x17, 
    0x3c, 0x2a, 0x30, 0x37, 0x32, 0x17, 0x16, 0x15, 0x0f, 0x03, 0x14, 0x17, 
    0x16, 0x3b, 0x01, 0x37, 0x23, 0x22, 0x35, 0x3f, 0x02, 0x35, 0x37, 0x34, 
    0x27, 0x36, 0x37, 0x36, 0x37, 0x36, 0x3f, 0x02, 0x36, 0x3b, 0x01, 0x37, 
    0x23, 0x22, 0x07, 0x06, 0x07, 0x06, 0x0f, 0x01, 0x06, 0x07, 0x06, 0x23, 
    0x5c, 0x1a, 0x0f, 0x0f, 0x01, 0x02, 0x24, 0x05, 0x18, 0x17, 0x21, 0x42, 
    0x0e, 0x2b, 0x21, 0x01, 0x02, 0x26, 0x01, 0x3c, 0x28, 0x1b, 0x11, 0x07, 
    0x05, 0x08, 0x0f, 0x23, 0x12, 0x2f, 0x2b, 0x0d, 0x42, 0x1a, 0x1b, 0x1c, 
    0x13, 0x14, 0x09, 0x25, 0x0c, 0x1f, 0x20, 0x22, 0xea, 0x17, 0x16, 0x29, 
    0x15, 0x17, 0xaa, 0x24, 0x2a, 0x19, 0x1a, 0x40, 0x2f, 0x12, 0x11, 0xa8, 
    0x0b, 0x16, 0x56, 0x1c, 0x0e, 0x1e, 0x14, 0x0a, 0x07, 0x12, 0x29, 0xaa, 
    0x52, 0x41, 0x0f, 0x13, 0x1a, 0x1e, 0x27, 0xac, 0x39, 0x22, 0x24, 0x0a, 
    0x00, 0x01, 0x00, 0x5a, 0xff, 0xec, 0x01, 0x45, 0x02, 0xe2, 0x00, 0x05, 
    0x00, 0x26, 0xb0, 0x09, 0x1f, 0x01, 0xb3, 0x00, 0x03, 0x00, 0x04, 0x2b, 
    0x31, 0xb0, 0x09, 0x1f, 0x00, 0xb5, 0x00, 0x01, 0x01, 0x01, 0x00, 0x00, 
    0x3f, 0x17, 0x3c, 0x2a, 0xb5, 0x00, 0x01, 0x04, 0x01, 0x03, 0x01, 0x3f, 
    0x17, 0x3c, 0x2a, 0x30, 0x17, 0x33, 0x37, 0x13, 0x23, 0x07, 0x5a, 0x48, 
    0x37, 0x6c, 0x49, 0x37, 0x14, 0xf7, 0x01, 0xff, 0xf6, 0x13, 0x00, 0x24, 
    0x00, 0x01, 0x00, 0x00, 0xff, 0x3d, 0x01, 0x62, 0x02, 0xd3, 0x00, 0x34, 
    0x00, 0x4d, 0xb0, 0x09, 0x1f, 0x01, 0x40, 0x0b, 0x05, 0x06, 0x02, 0x00, 
    0x1b, 0x01, 0x00, 0x18, 0x04, 0x15, 0x00, 0x2b, 0x40, 0x0a, 0x00, 0x00, 
    0x0d, 0x13, 0x02, 0x00, 0x18, 0x09, 0x12, 0x00, 0x2b, 0x31, 0xb0, 0x09, 
    0x1f, 0x00, 0xb3, 0x0c, 0x34, 0x00, 0x04, 0x2b, 0xb1, 0x00, 0x0c, 0x42, 
    0xb7, 0x0f, 0x10, 0x02, 0x07, 0x0e, 0x01, 0x0d, 0x01, 0x3f, 0x17, 0x3c, 
    0x2a, 0xb1, 0x00, 0x0c, 0x42, 0xb7, 0x26, 0x27, 0x02, 0x07, 0x29, 0x01, 
    0x28, 0x07, 0x3f, 0x17, 0x3c, 0x2a, 0x30, 0x01, 0x22, 0x27, 0x26, 0x35, 
    0x3f, 0x02, 0x36, 0x35, 0x34, 0x27, 0x26, 0x2b, 0x01, 0x07, 0x33, 0x32, 
    0x15, 0x0f, 0x02, 0x14, 0x17, 0x16, 0x17, 0x06, 0x07, 0x06, 0x07, 0x14, 
    0x07, 0x06, 0x07, 0x06, 0x0f, 0x01, 0x06, 0x2b, 0x01, 0x07, 0x33, 0x32, 
    0x37, 0x36, 0x37, 0x36, 0x3f, 0x01, 0x36, 0x37, 0x36, 0x33, 0x01, 0x62, 
    0x1a, 0x11, 0x10, 0x03, 0x03, 0x25, 0x04, 0x18, 0x17, 0x21, 0x43, 0x0d, 
    0x2d, 0x1f, 0x04, 0x23, 0x04, 0x10, 0x0f, 0x1d, 0x28, 0x19, 0x18, 0x0c, 
    0x03, 0x02, 0x02, 0x06, 0x03, 0x25, 0x0f, 0x2f, 0x2d, 0x0e, 0x42, 0x1c, 
    0x19, 0x1c, 0x16, 0x14, 0x08, 0x23, 0x0c, 0x20, 0x1f, 0x23, 0x01, 0x27, 
    0x17, 0x16, 0x25, 0x13, 0x1a, 0xac, 0x11, 0x12, 0x2c, 0x19, 0x19, 0x41, 
    0x2b, 0x27, 0xaa, 0x25, 0x29, 0x19, 0x19, 0x0e, 0x10, 0x1f, 0x1e, 0x19, 
    0x02, 0x07, 0x04, 0x05, 0x0c, 0x0d, 0xa8, 0x52, 0x40, 0x10, 0x0e, 0x20, 
    0x1d, 0x26, 0xaa, 0x37, 0x26, 0x25, 0x1a, 0x40, 0x00, 0x01, 0x00, 0x6f, 
    0x00, 0xb4, 0x02, 0x44, 0x01, 0x46, 0x00, 0x14, 0x00, 0x1c, 0xb0, 0x09, 
    0x1f, 0x01, 0xb3, 0x00, 0x14, 0x0a, 0x04, 0x2b, 0x31, 0xb0, 0x09, 0x1f, 
    0x00, 0xb3, 0x0c, 0x04, 0x12, 0x04, 0x2b, 0xb3, 0x0c, 0x08, 0x0d, 0x04, 
    0x2b, 0x30, 0x01, 0x06, 0x07, 0x06, 0x23, 0x22, 0x27, 0x26, 0x23, 0x22, 
    0x07, 0x17, 0x36, 0x33, 0x32, 0x1f, 0x01, 0x16, 0x33, 0x32, 0x37, 0x02, 
    0x2d, 0x19, 0x1c, 0x17, 0x1c, 0x15, 0x49, 0x41, 0x28, 0x4b, 0x44, 0x18, 
    0x2e, 0x35, 0x1e, 0x25, 0x46, 0x25, 0x1e, 0x47, 0x47, 0x01, 0x46, 0x1d, 
    0x18, 0x13, 0x25, 0x1f, 0x56, 0x38, 0x48, 0x11, 0x22, 0x11, 0x56, 0x35, 
    0x00, 0x01, 0x00, 0x39, 0xff, 0x6e, 0x00, 0xd7, 0x00, 0x69, 0x00, 0x0a, 
    0x00, 0x1c, 0xb0, 0x09, 0x1f, 0x01, 0x40, 0x09, 0x00, 0x00, 0x03, 0x01, 
    0x00, 0x00, 0x09, 0x04, 0x00, 0x2b, 0x31, 0xb0, 0x09, 0x1f, 0x00, 0xb3, 
    0x00, 0x03, 0x04, 0x04, 0x2b, 0x30, 0x37, 0x33, 0x06, 0x0f, 0x01, 0x36, 
    0x37, 0x36, 0x3f, 0x01, 0x23, 0x58, 0x35, 0x18, 0x33, 0x09, 0x36, 0x22, 
    0x22, 0x0c, 0x18, 0x6a, 0x00, 0x62, 0x04, 0x2c, 0x08, 0x28, 0x28, 0x3a, 
    0x69, 0x4b, 0x44, 0x18, 0x00, 0x01, 0xff, 0xcb, 0xff, 0x31, 0x02, 0x8e, 
    0x02, 0xe0, 0x00, 0x2c, 0x00, 0x36, 0xb0, 0x09, 0x1f, 0x01, 0xb3, 0x00, 
    0x00, 0x17, 0x04, 0x2b, 0x31, 0xb0, 0x09, 0x1f, 0x00, 0xb1, 0x00, 0x0c, 
    0x42, 0xb5, 0x2a, 0x01, 0x07, 0x00, 0x02, 0x01, 0x3f, 0x17, 0x3c, 0x2a, 
    0x40, 0x0e, 0x00, 0x07, 0x08, 0x26, 0x03, 0x00, 0x0a, 0x24, 0x25, 0x03, 
    0x0c, 0x27, 0x09, 0x00, 0x2b, 0xb3, 0x0c, 0x14, 0x19, 0x04, 0x2b, 0x30, 
    0x01, 0x26, 0x23, 0x22, 0x07, 0x06, 0x0f, 0x01, 0x23, 0x07, 0x33, 0x03, 
    0x07, 0x06, 0x07, 0x06, 0x07, 0x06, 0x07, 0x06, 0x23, 0x22, 0x27, 0x07, 
    0x16, 0x33, 0x32, 0x37, 0x36, 0x37, 0x36, 0x37, 0x36, 0x37, 0x36, 0x37, 
    0x13, 0x33, 0x37, 0x23, 0x37, 0x36, 0x33, 0x32, 0x17, 0x02, 0x8e, 0x20, 
    0x2a, 0x3c, 0x35, 0x35, 0x19, 0x37, 0x7b, 0x0e, 0x6c, 0x89, 0x18, 0x03, 
    0x03, 0x0a, 0x03, 0x12, 0x19, 0x19, 0x1e, 0x0f, 0x21, 0x20, 0x15, 0x26, 
    0x14, 0x16, 0x13, 0x0a, 0x23, 0x20, 0x22, 0x1e, 0x1f, 0x1d, 0x82, 0x7f, 
    0x0e, 0x71, 0x29, 0x2c, 0x3b, 0x0d, 0x28, 0x02, 0xd3, 0x0d, 0x2d, 0x2f, 
    0x3c, 0x7b, 0x46, 0xfe, 0xa6, 0x39, 0x07, 0x05, 0x18, 0x05, 0x22, 0x16, 
    0x14, 0x0e, 0x50, 0x0c, 0x05, 0x05, 0x04, 0x0e, 0x1e, 0x22, 0x32, 0x34, 
    0x4c, 0x01, 0x48, 0x46, 0x67, 0x60, 0x0f, 0x13, 0x00, 0x02, 0xff, 0xfa, 
    0xff, 0x6a, 0x01, 0x3c, 0x00, 0x69, 0x00, 0x0e, 0x00, 0x19, 0x00, 0x2a, 
    0xb0, 0x09, 0x1f, 0x01, 0xb3, 0x18, 0x0d, 0x01, 0x04, 0x2b, 0xb3, 0x00, 
    0x18, 0x13, 0x04, 0x2b, 0x31, 0xb0, 0x09, 0x1f, 0x00, 0x40, 0x0b, 0x00, 
    0x0d, 0x0e, 0x18, 0x03, 0x00, 0x00, 0x00, 0x19, 0x06, 0x00, 0x2b, 0xb3, 
    0x00, 0x13, 0x19, 0x04, 0x2b, 0x30, 0x37, 0x33, 0x06, 0x07, 0x06, 0x0f, 
    0x01, 0x36, 0x37, 0x36, 0x37, 0x36, 0x3f, 0x01, 0x23, 0x07, 0x33, 0x06, 
    0x0f, 0x01, 0x36, 0x37, 0x36, 0x3f, 0x01, 0x23, 0xbd, 0x35, 0x04, 0x16, 
    0x15, 0x19, 0x0c, 0x22, 0x1c, 0x1b, 0x14, 0x14, 0x08, 0x15, 0x67, 0xbc, 
    0x35, 0x0d, 0x3d, 0x0a, 0x3b, 0x20, 0x20, 0x0c, 0x17, 0x67, 0x00, 0x2c, 
    0x1d, 0x1c, 0x03, 0x2c, 0x03, 0x15, 0x14, 0x22, 0x20, 0x26, 0x69, 0x69, 
    0x58, 0x10, 0x2e, 0x0f, 0x26, 0x26, 0x3b, 0x69, 0x00, 0x03, 0x00, 0x73, 
    0x00, 0x00, 0x03, 0x8c, 0x00, 0x69, 0x00, 0x03, 0x00, 0x07, 0x00, 0x0b, 
    0x00, 0x36, 0xb0, 0x09, 0x1f, 0x01, 0xb3, 0x18, 0x02, 0x00, 0x04, 0x2b, 
    0xb3, 0x18, 0x06, 0x04, 0x04, 0x2b, 0xb3, 0x18, 0x0a, 0x08, 0x04, 0x2b, 
    0x31, 0xb0, 0x09, 0x1f, 0x00, 0xb1, 0x00, 0x0c, 0x42, 0x40, 0x10, 0x02, 
    0x03, 0x06, 0x07, 0x0a, 0x0b, 0x06, 0x07, 0x01, 0x04, 0x05, 0x08, 0x09, 
    0x05, 0x00, 0x00, 0x3f, 0x17, 0x3c, 0x2a, 0x30, 0x37, 0x33, 0x37, 0x23, 
    0x05, 0x33, 0x37, 0x23, 0x05, 0x33, 0x37, 0x23, 0x73, 0x68, 0x17, 0x67, 
    0x01, 0x34, 0x6a, 0x17, 0x69, 0x01, 0x36, 0x6a, 0x15, 0x67, 0x00, 0x69, 
    0x69, 0x69, 0x69, 0x69, 0x00, 0x01, 0x00, 0x87, 0xff, 0x60, 0x02, 0x6f, 
    0x02, 0xcf, 0x00, 0x0b, 0x00, 0x34, 0xb0, 0x09, 0x1f, 0x01, 0x40, 0x09, 
    0x00, 0x00, 0x01, 0x01, 0x00, 0x00, 0x08, 0x02, 0x00, 0x2b, 0x31, 0xb0, 
    0x09, 0x1f, 0x00, 0x40, 0x0e, 0x00, 0x01, 0x08, 0x09, 0x03, 0x00, 0x03, 
    0x06, 0x07, 0x03, 0x0c, 0x00, 0x02, 0x00, 0x2b, 0xb7, 0x04, 0x05, 0x02, 
    0x01, 0x0b, 0x01, 0x0a, 0x01, 0x3f, 0x17, 0x3c, 0x2a, 0x30, 0x01, 0x23, 
    0x07, 0x33, 0x03, 0x33, 0x13, 0x33, 0x37, 0x23, 0x37, 0x23, 0x01, 0x54, 
    0xbe, 0x0f, 0xbd, 0x7f, 0x5e, 0x7f, 0xba, 0x13, 0xbd, 0x2d, 0x5e, 0x01, 
    0xfc, 0x4e, 0xfd, 0xb2, 0x02, 0x4e, 0x4e, 0xd3, 0x00, 0x01, 0x00, 0x33, 
    0xff, 0x60, 0x02, 0x6f, 0x02, 0xcd, 0x00, 0x13, 0x00, 0x3f, 0xb0, 0x09, 
    0x1f, 0x01, 0xb3, 0x00, 0x0c, 0x02, 0x04, 0x2b, 0x31, 0xb0, 0x09, 0x1f, 
    0x00, 0x40, 0x0e, 0x00, 0x01, 0x08, 0x09, 0x03, 0x00, 0x03, 0x06, 0x07, 
    0x03, 0x0c, 0x00, 0x02, 0x00, 0x2b, 0x40, 0x0a, 0x00, 0x0e, 0x01, 0x00, 
    0x05, 0x01, 0x00, 0x0f, 0x04, 0x00, 0x2b, 0x40, 0x0e, 0x00, 0x0a, 0x0b, 
    0x12, 0x03, 0x00, 0x0d, 0x10, 0x11, 0x03, 0x0c, 0x13, 0x0c, 0x00, 0x2b, 
    0x30, 0x25, 0x23, 0x07, 0x33, 0x07, 0x33, 0x37, 0x33, 0x37, 0x23, 0x13, 
    0x33, 0x37, 0x23, 0x37, 0x23, 0x07, 0x23, 0x07, 0x33, 0x01, 0x00, 0xbc, 
    0x11, 0xbd, 0x2b, 0x5e, 0x2b, 0xbb, 0x12, 0xbb, 0x42, 0xbd, 0x10, 0xbd, 
    0x2e, 0x5f, 0x2d, 0xbc, 0x11, 0xbd, 0x75, 0x4a, 0xcb, 0xcb, 0x4a, 0x01, 
    0x42, 0x4d, 0xc9, 0xc9, 0x4d, 0x26, 0x3b, 0x69, 0x00, 0x01, 0x00, 0x92, 
    0x02, 0x50, 0x01, 0xb6, 0x02, 0xde, 0x00, 0x06, 0x00, 0x20, 0xb0, 0x09, 
    0x1f, 0x01, 0xb3, 0x00, 0x02, 0x05, 0x04, 0x2b, 0x31, 0xb0, 0x09, 0x1f, 
    0x00, 0x40, 0x0a, 0x01, 0x02, 0x05, 0x06, 0x04, 0x01, 0x04, 0x01, 0x03, 
    0x01, 0x3f, 0x17, 0x3c, 0x2a, 0x30, 0x01, 0x17, 0x33, 0x27, 0x23, 0x07, 
    0x33, 0x01, 0x37, 0x2e, 0x51, 0x45, 0x5e, 0x81, 0x4f, 0x02, 0xae, 0x5e, 
    0x8e, 0x8e, 0x00, 0x0d, 0x00, 0x07, 0x00, 0x58, 0xff, 0xec, 0x04, 0x09, 
    0x02, 0xc1, 0x00, 0x17, 0x00, 0x29, 0x00, 0x41, 0x00, 0x53, 0x00, 0x75, 
    0x00, 0x89, 0x00, 0x8d, 0x00, 0xe3, 0xb0, 0x09, 0x1f, 0x01, 0x40, 0x0a, 
    0x68, 0x01, 0x00, 0x02, 0x01, 0x00, 0x18, 0x28, 0x04, 0x00, 0x2b, 0x40, 
    0x09, 0x00, 0x00, 0x00, 0x20, 0x01, 0x18, 0x0e, 0x12, 0x00, 0x2b, 0x40, 
    0x0b, 0x32, 0x01, 0x00, 0x2c, 0x30, 0x02, 0x00, 0x18, 0x52, 0x2e, 0x00, 
    0x2b, 0xb3, 0x18, 0x3a, 0x48, 0x04, 0x2b, 0x40, 0x0d, 0x5e, 0x88, 0x02, 
    0x00, 0x56, 0x5a, 0x5c, 0x03, 0x00, 0x18, 0x86, 0x58, 0x00, 0x2b, 0x40, 
    0x09, 0x00, 0x00, 0x6e, 0x01, 0x00, 0x18, 0x6a, 0x7c, 0x00, 0x2b, 0xb3, 
    0x00, 0x8a, 0x8c, 0x04, 0x2b, 0x31, 0x40, 0x0b, 0x18, 0x26, 0x24, 0x22, 
    0x1e, 0x1c, 0x1a, 0x07, 0x28, 0x12, 0x02, 0x2b, 0x40, 0x0b, 0x42, 0x50, 
    0x4e, 0x4c, 0x4a, 0x46, 0x44, 0x07, 0x52, 0x48, 0x02, 0x2b, 0x40, 0x0b, 
    0x76, 0x84, 0x82, 0x80, 0x7e, 0x7a, 0x78, 0x07, 0x86, 0x7c, 0x02, 0x2b, 
    0xb0, 0x09, 0x1f, 0x00, 0xb1, 0x00, 0x0c, 0x42, 0x40, 0x09, 0x26, 0x30, 
    0x4e, 0x03, 0x07, 0x34, 0x01, 0x08, 0x00, 0x3f, 0x17, 0x3c, 0x2a, 0x40, 
    0x0a, 0x00, 0x1c, 0x01, 0x00, 0x3e, 0x01, 0x0c, 0x44, 0x14, 0x00, 0x2b, 
    0x40, 0x09, 0x00, 0x5c, 0x01, 0x00, 0x00, 0x0c, 0x82, 0x60, 0x00, 0x2b, 
    0xb3, 0x0c, 0x70, 0x78, 0x04, 0x2b, 0xb7, 0x8a, 0x8b, 0x02, 0x01, 0x8d, 
    0x01, 0x8c, 0x00, 0x3f, 0x17, 0x3c, 0x2a, 0x30, 0x40, 0x0f, 0x42, 0x52, 
    0x50, 0x4a, 0x48, 0x46, 0x18, 0x28, 0x22, 0x20, 0x1e, 0x0b, 0x08, 0x14, 
    0x02, 0x2b, 0x40, 0x0c, 0x76, 0x88, 0x86, 0x84, 0x80, 0x7e, 0x7c, 0x7a, 
    0x08, 0x60, 0x70, 0x02, 0x2b, 0x25, 0x06, 0x07, 0x06, 0x15, 0x14, 0x17, 
    0x16, 0x33, 0x32, 0x37, 0x36, 0x37, 0x36, 0x35, 0x34, 0x27, 0x26, 0x27, 
    0x26, 0x23, 0x22, 0x07, 0x06, 0x17, 0x36, 0x37, 0x36, 0x33, 0x32, 0x17, 
    0x16, 0x15, 0x14, 0x07, 0x06, 0x07, 0x06, 0x23, 0x26, 0x27, 0x36, 0x25, 
    0x06, 0x07, 0x06, 0x15, 0x14, 0x17, 0x16, 0x17, 0x16, 0x33, 0x32, 0x37, 
    0x36, 0x37, 0x36, 0x35, 0x34, 0x27, 0x26, 0x23, 0x22, 0x07, 0x06, 0x17, 
    0x36, 0x33, 0x32, 0x17, 0x16, 0x15, 0x14, 0x07, 0x06, 0x07, 0x06, 0x23, 
    0x26, 0x27, 0x26, 0x27, 0x36, 0x01, 0x06, 0x07, 0x06, 0x15, 0x14, 0x17, 
    0x16, 0x17, 0x16, 0x17, 0x16, 0x17, 0x32, 0x37, 0x36, 0x37, 0x36, 0x37, 
    0x36, 0x37, 0x36, 0x35, 0x34, 0x27, 0x26, 0x27, 0x26, 0x23, 0x22, 0x07, 
    0x06, 0x07, 0x06, 0x17, 0x36, 0x33, 0x32, 0x17, 0x16, 0x15, 0x14, 0x07, 
    0x06, 0x07, 0x06, 0x23, 0x22, 0x27, 0x26, 0x27, 0x34, 0x37, 0x36, 0x25, 
    0x23, 0x01, 0x33, 0x01, 0x83, 0x12, 0x08, 0x09, 0x21, 0x1e, 0x36, 0x30, 
    0x2f, 0x2e, 0x1c, 0x1c, 0x11, 0x12, 0x1d, 0x21, 0x20, 0x2c, 0x26, 0x28, 
    0x15, 0x11, 0x18, 0x18, 0x18, 0x21, 0x16, 0x16, 0x24, 0x13, 0x13, 0x15, 
    0x17, 0x44, 0x06, 0x05, 0x01, 0x53, 0x10, 0x0b, 0x0a, 0x0f, 0x0e, 0x1b, 
    0x1a, 0x23, 0x31, 0x2f, 0x2f, 0x1c, 0x1c, 0x26, 0x26, 0x37, 0x2c, 0x26, 
    0x28, 0x17, 0x23, 0x35, 0x22, 0x16, 0x16, 0x24, 0x16, 0x12, 0x13, 0x16, 
    0x22, 0x13, 0x13, 0x03, 0x04, 0xfd, 0x8d, 0x11, 0x0a, 0x0a, 0x04, 0x05, 
    0x06, 0x0c, 0x14, 0x14, 0x30, 0x10, 0x16, 0x1a, 0x0b, 0x24, 0x1d, 0x1c, 
    0x10, 0x10, 0x11, 0x0f, 0x20, 0x1e, 0x23, 0x14, 0x16, 0x14, 0x15, 0x29, 
    0x18, 0x24, 0x34, 0x1f, 0x17, 0x16, 0x10, 0x10, 0x1a, 0x1a, 0x1d, 0x1d, 
    0x17, 0x17, 0x03, 0x08, 0x08, 0x01, 0xf7, 0x3a, 0xfd, 0xdb, 0x37, 0xe3, 
    0x18, 0x16, 0x19, 0x1f, 0x38, 0x27, 0x24, 0x1a, 0x1a, 0x2b, 0x2b, 0x34, 
    0x22, 0x1d, 0x1b, 0x0f, 0x0e, 0x13, 0x14, 0x45, 0x16, 0x0b, 0x0c, 0x15, 
    0x14, 0x23, 0x2d, 0x1e, 0x12, 0x07, 0x09, 0x09, 0x43, 0x26, 0x3a, 0x19, 
    0x1c, 0x1b, 0x1c, 0x20, 0x20, 0x1a, 0x12, 0x11, 0x1a, 0x1a, 0x2b, 0x2b, 
    0x34, 0x37, 0x20, 0x20, 0x13, 0x13, 0x46, 0x2d, 0x15, 0x16, 0x21, 0x2a, 
    0x20, 0x13, 0x07, 0x09, 0x05, 0x12, 0x12, 0x23, 0x2a, 0x01, 0xb4, 0x18, 
    0x1c, 0x1a, 0x1d, 0x13, 0x0d, 0x14, 0x0b, 0x1a, 0x0e, 0x10, 0x04, 0x05, 
    0x06, 0x05, 0x0d, 0x1a, 0x19, 0x21, 0x20, 0x2a, 0x22, 0x1d, 0x1b, 0x11, 
    0x0f, 0x05, 0x05, 0x0a, 0x14, 0x44, 0x2b, 0x14, 0x14, 0x22, 0x1e, 0x19, 
    0x19, 0x0e, 0x11, 0x15, 0x16, 0x1f, 0x11, 0x13, 0x14, 0x89, 0xfd, 0x2b, 
    0x00, 0x02, 0x00, 0x5a, 0xff, 0xec, 0x02, 0xca, 0x03, 0xa1, 0x00, 0x55, 
    0x00, 0x5c, 0x00, 0x8c, 0xb0, 0x09, 0x1f, 0x01, 0x40, 0x0b, 0x00, 0x00, 
    0x00, 0x02, 0x04, 0x03, 0x00, 0x18, 0x54, 0x06, 0x00, 0x2b, 0x40, 0x0a, 
    0x00, 0x00, 0x2c, 0x01, 0x48, 0x01, 0x18, 0x1a, 0x16, 0x00, 0x2b, 0x40, 
    0x09, 0x24, 0x01, 0x00, 0x00, 0x00, 0x18, 0x23, 0x43, 0x00, 0x2b, 0x40, 
    0x0d, 0x31, 0x33, 0x35, 0x03, 0x00, 0x2f, 0x30, 0x02, 0x00, 0x18, 0x37, 
    0x2e, 0x00, 0x2b, 0xb3, 0x00, 0x5b, 0x58, 0x04, 0x2b, 0x31, 0xb0, 0x09, 
    0x1f, 0x00, 0x40, 0x09, 0x00, 0x55, 0x01, 0x00, 0x00, 0x00, 0x00, 0x4e, 
    0x00, 0x2b, 0xb1, 0x00, 0x0c, 0x42, 0xb5, 0x50, 0x01, 0x07, 0x00, 0x0c, 
    0x00, 0x3f, 0x17, 0x3c, 0x2a, 0x40, 0x09, 0x00, 0x30, 0x01, 0x00, 0x00, 
    0x0c, 0x31, 0x1f, 0x00, 0x2b, 0xb1, 0x00, 0x0c, 0x42, 0xb5, 0x2a, 0x01, 
    0x07, 0x00, 0x3d, 0x01, 0x3f, 0x17, 0x3c, 0x2a, 0x40, 0x0c, 0x00, 0x57, 
    0x58, 0x5b, 0x03, 0x00, 0x5a, 0x01, 0x00, 0x5c, 0x59, 0x00, 0x2b, 0x30, 
    0x37, 0x06, 0x07, 0x14, 0x07, 0x06, 0x07, 0x14, 0x17, 0x16, 0x17, 0x16, 
    0x33, 0x32, 0x37, 0x36, 0x37, 0x36, 0x37, 0x36, 0x37, 0x36, 0x37, 0x36, 
    0x37, 0x36, 0x35, 0x34, 0x27, 0x26, 0x2f, 0x01, 0x22, 0x27, 0x26, 0x35, 
    0x37, 0x36, 0x37, 0x36, 0x37, 0x36, 0x33, 0x32, 0x17, 0x16, 0x15, 0x0f, 
    0x01, 0x33, 0x36, 0x37, 0x36, 0x35, 0x36, 0x35, 0x34, 0x27, 0x26, 0x27, 
    0x26, 0x23, 0x22, 0x07, 0x06, 0x07, 0x06, 0x07, 0x14, 0x1f, 0x01, 0x16, 
    0x15, 0x14, 0x07, 0x06, 0x07, 0x06, 0x23, 0x2f, 0x01, 0x26, 0x27, 0x26, 
    0x35, 0x37, 0x01, 0x27, 0x23, 0x17, 0x33, 0x37, 0x23, 0x62, 0x02, 0x01, 
    0x01, 0x02, 0x02, 0x27, 0x24, 0x35, 0x36, 0x34, 0x24, 0x21, 0x1f, 0x1f, 
    0x31, 0x17, 0x0e, 0x07, 0x09, 0x0b, 0x32, 0x19, 0x19, 0x1f, 0x1f, 0x56, 
    0xa8, 0x13, 0x1d, 0x1d, 0x06, 0x0e, 0x2a, 0x16, 0x1e, 0x1d, 0x25, 0x59, 
    0x25, 0x26, 0x01, 0x01, 0x5c, 0x01, 0x02, 0x01, 0x01, 0x4b, 0x26, 0x2c, 
    0x2d, 0x29, 0x50, 0x3d, 0x3e, 0x29, 0x28, 0x0b, 0x79, 0xc5, 0x4a, 0x1e, 
    0x20, 0x30, 0x33, 0x2e, 0x16, 0x17, 0x44, 0x1f, 0x21, 0x05, 0x01, 0x4b, 
    0x2e, 0x52, 0x45, 0x5f, 0x81, 0x4f, 0xe8, 0x07, 0x0b, 0x02, 0x09, 0x11, 
    0x12, 0x46, 0x2c, 0x28, 0x11, 0x11, 0x05, 0x05, 0x07, 0x0d, 0x0c, 0x08, 
    0x04, 0x06, 0x09, 0x29, 0x34, 0x34, 0x3a, 0x37, 0x22, 0x23, 0x13, 0x29, 
    0x0f, 0x0f, 0x28, 0x1f, 0x30, 0x21, 0x12, 0x09, 0x09, 0x22, 0x23, 0x32, 
    0x0e, 0x0d, 0x07, 0x0e, 0x04, 0x03, 0x07, 0x14, 0x70, 0x1e, 0x10, 0x09, 
    0x08, 0x22, 0x22, 0x3b, 0x3c, 0x4a, 0x62, 0x1f, 0x33, 0x12, 0x40, 0x33, 
    0x21, 0x23, 0x10, 0x11, 0x02, 0x01, 0x06, 0x23, 0x24, 0x32, 0x27, 0x02, 
    0x5c, 0x5d, 0x8d, 0x8d, 0x00, 0x01, 0x00, 0x89, 0x00, 0x6b, 0x01, 0x54, 
    0x01, 0xbd, 0x00, 0x06, 0x00, 0x16, 0xb0, 0x09, 0x1f, 0x01, 0xb3, 0x00, 
    0x06, 0x01, 0x04, 0x2b, 0x31, 0xb0, 0x09, 0x1f, 0x00, 0xb3, 0x00, 0x02, 
    0x06, 0x04, 0x2b, 0x30, 0x13, 0x07, 0x17, 0x37, 0x27, 0x3f, 0x01, 0x9c, 
    0x13, 0x83, 0x13, 0x58, 0x79, 0x14, 0x01, 0x42, 0x5c, 0x7b, 0x58, 0x52, 
    0x50, 0x58, 0x2b, 0x40, 0x00, 0x02, 0x00, 0x60, 0xff, 0xec, 0x04, 0x5d, 
    0x02, 0xe0, 0x00, 0x24, 0x00, 0x42, 0x00, 0xa6, 0xb0, 0x09, 0x1f, 0x01, 
    0x40, 0x10, 0x07, 0x13, 0x31, 0x32, 0x35, 0x37, 0x39, 0x07, 0x00, 0x0d, 
    0x01, 0x00, 0x18, 0x33, 0x0f, 0x00, 0x2b, 0x40, 0x0a, 0x00, 0x00, 0x1d, 
    0x42, 0x02, 0x00, 0x00, 0x24, 0x41, 0x00, 0x2b, 0x31, 0xb7, 0x25, 0x2b, 
    0x29, 0x27, 0x04, 0x0f, 0x24, 0x02, 0x2b, 0x40, 0x09, 0x3f, 0x3d, 0x3b, 
    0x2f, 0x2d, 0x05, 0x33, 0x41, 0x02, 0x2b, 0xb0, 0x09, 0x1f, 0x00, 0xb1, 
    0x00, 0x0c, 0x42, 0xb7, 0x22, 0x23, 0x02, 0x07, 0x24, 0x01, 0x00, 0x01, 
    0x3f, 0x17, 0x3c, 0x2a, 0xb1, 0x00, 0x0c, 0x42, 0xb5, 0x3b, 0x01, 0x07, 
    0x00, 0x03, 0x01, 0x3f, 0x17, 0x3c, 0x2a, 0xb1, 0x00, 0x0c, 0x42, 0xb5, 
    0x2b, 0x01, 0x07, 0x00, 0x15, 0x00, 0x3f, 0x17, 0x3c, 0x2a, 0xb1, 0x00, 
    0x0c, 0x42, 0xb7, 0x1c, 0x1d, 0x02, 0x07, 0x1b, 0x01, 0x1a, 0x00, 0x3f, 
    0x17, 0x3c, 0x2a, 0x40, 0x0a, 0x00, 0x20, 0x01, 0x00, 0x1f, 0x01, 0x0c, 
    0x21, 0x1e, 0x00, 0x2b, 0x30, 0xb5, 0x25, 0x27, 0x02, 0x1a, 0x21, 0x02, 
    0x2b, 0x40, 0x0e, 0x42, 0x41, 0x3f, 0x39, 0x37, 0x35, 0x33, 0x32, 0x31, 
    0x2f, 0x0a, 0x15, 0x03, 0x02, 0x2b, 0x01, 0x07, 0x26, 0x23, 0x22, 0x07, 
    0x06, 0x07, 0x06, 0x07, 0x06, 0x07, 0x06, 0x07, 0x06, 0x15, 0x14, 0x17, 
    0x16, 0x17, 0x16, 0x33, 0x32, 0x37, 0x36, 0x37, 0x07, 0x21, 0x37, 0x21, 
    0x37, 0x21, 0x37, 0x21, 0x37, 0x21, 0x37, 0x01, 0x06, 0x07, 0x06, 0x07, 
    0x06, 0x23, 0x22, 0x27, 0x26, 0x27, 0x26, 0x2f, 0x02, 0x34, 0x37, 0x36, 
    0x37, 0x36, 0x37, 0x12, 0x33, 0x32, 0x17, 0x16, 0x17, 0x16, 0x15, 0x07, 
    0x02, 0xa4, 0x12, 0x25, 0x79, 0x62, 0x49, 0x4c, 0x31, 0x19, 0x13, 0x17, 
    0x0b, 0x10, 0x06, 0x08, 0x1b, 0x19, 0x33, 0x31, 0x4c, 0x51, 0x2a, 0x2b, 
    0x2f, 0x10, 0x01, 0xbc, 0x11, 0xfe, 0xa1, 0x35, 0x01, 0x4c, 0x13, 0xfe, 
    0xb2, 0x2f, 0x01, 0x5e, 0x13, 0xfd, 0xd9, 0x0d, 0x20, 0x22, 0x28, 0x2b, 
    0x21, 0x35, 0x25, 0x24, 0x11, 0x13, 0x08, 0x03, 0x03, 0x04, 0x02, 0x02, 
    0x03, 0x01, 0x46, 0xcd, 0x2c, 0x1f, 0x23, 0x10, 0x11, 0x04, 0x02, 0xcf, 
    0x4a, 0x5b, 0x2b, 0x2c, 0x4a, 0x25, 0x28, 0x31, 0x27, 0x37, 0x22, 0x2d, 
    0x28, 0x4a, 0x3c, 0x3a, 0x21, 0x1f, 0x18, 0x19, 0x2d, 0x4a, 0x56, 0xf0, 
    0x56, 0xdb, 0x58, 0xfe, 0x17, 0x39, 0x26, 0x27, 0x10, 0x11, 0x0e, 0x0e, 
    0x1b, 0x1b, 0x2c, 0x1a, 0x1b, 0x18, 0x17, 0x0b, 0x0c, 0x15, 0x05, 0x01, 
    0x3c, 0x0f, 0x0d, 0x1d, 0x1d, 0x25, 0x27, 0x0e, 0x00, 0x01, 0x00, 0xa6, 
    0x01, 0xd7, 0x01, 0x42, 0x02, 0xd5, 0x00, 0x0a, 0x00, 0x22, 0xb0, 0x09, 
    0x1f, 0x01, 0x40, 0x09, 0x07, 0x01, 0x00, 0x00, 0x00, 0x00, 0x08, 0x00, 
    0x00, 0x2b, 0x31, 0xb0, 0x09, 0x1f, 0x00, 0xb6, 0x00, 0x01, 0x02, 0x01, 
    0x00, 0x08, 0x01, 0x3f, 0x17, 0x3c, 0x2a, 0x30, 0x13, 0x33, 0x37, 0x23, 
    0x36, 0x37, 0x36, 0x3f, 0x01, 0x06, 0x07, 0xa6, 0x68, 0x15, 0x35, 0x0c, 
    0x0f, 0x0d, 0x23, 0x09, 0x69, 0x1d, 0x01, 0xd7, 0x69, 0x2f, 0x19, 0x1a, 
    0x04, 0x2f, 0x15, 0x80, 0x00, 0x01, 0x00, 0x96, 0x01, 0xcf, 0x01, 0x37, 
    0x02, 0xd0, 0x00, 0x0c, 0x00, 0x22, 0xb0, 0x09, 0x1f, 0x01, 0x40, 0x09, 
    0x00, 0x00, 0x00, 0x01, 0x00, 0x00, 0x08, 0x01, 0x00, 0x2b, 0x31, 0xb0, 
    0x09, 0x1f, 0x00, 0xb6, 0x01, 0x01, 0x01, 0x09, 0x01, 0x08, 0x01, 0x3f, 
    0x17, 0x3c, 0x2a, 0x30, 0x13, 0x07, 0x36, 0x37, 0x36, 0x37, 0x36, 0x3f, 
    0x01, 0x23, 0x07, 0x33, 0x06, 0xa0, 0x0a, 0x24, 0x1d, 0x1b, 0x14, 0x11, 
    0x08, 0x18, 0x68, 0x17, 0x34, 0x11, 0x02, 0x00, 0x31, 0x07, 0x17, 0x14, 
    0x20, 0x20, 0x25, 0x6a, 0x6b, 0x5e, 0x02, 0x07, 0x00, 0x02, 0x00, 0x89, 
    0x01, 0xd5, 0x01, 0xcd, 0x02, 0xd5, 0x00, 0x0c, 0x00, 0x17, 0x00, 0x34, 
    0xb0, 0x09, 0x1f, 0x01, 0x40, 0x0a, 0x07, 0x01, 0x00, 0x13, 0x01, 0x00, 
    0x00, 0x08, 0x00, 0x00, 0x2b, 0x40, 0x0a, 0x00, 0x12, 0x02, 0x00, 0x00, 
    0x00, 0x00, 0x13, 0x0d, 0x00, 0x2b, 0x31, 0xb0, 0x09, 0x1f, 0x00, 0x40, 
    0x0a, 0x00, 0x01, 0x0d, 0x0e, 0x04, 0x01, 0x13, 0x01, 0x08, 0x01, 0x3f, 
    0x17, 0x3c, 0x2a, 0x30, 0x01, 0x33, 0x37, 0x23, 0x36, 0x37, 0x36, 0x3f, 
    0x01, 0x06, 0x07, 0x06, 0x0f, 0x01, 0x33, 0x37, 0x23, 0x36, 0x3f, 0x01, 
    0x06, 0x07, 0x06, 0x07, 0x01, 0x2f, 0x67, 0x18, 0x37, 0x0e, 0x0f, 0x0f, 
    0x20, 0x0a, 0x31, 0x25, 0x25, 0x0e, 0xbb, 0x69, 0x16, 0x35, 0x13, 0x37, 
    0x0a, 0x2d, 0x25, 0x26, 0x0d, 0x01, 0xd5, 0x6b, 0x31, 0x17, 0x19, 0x05, 
    0x2f, 0x06, 0x28, 0x28, 0x3f, 0x6b, 0x6b, 0x5f, 0x07, 0x2f, 0x06, 0x25, 
    0x26, 0x3e, 0x00, 0x3f, 0x00, 0x02, 0x00, 0x7b, 0x01, 0xcf, 0x01, 0xc1, 
    0x02, 0xcf, 0x00, 0x0a, 0x00, 0x15, 0x00, 0x34, 0xb0, 0x09, 0x1f, 0x01, 
    0x40, 0x0a, 0x00, 0x00, 0x00, 0x11, 0x02, 0x00, 0x00, 0x06, 0x01, 0x00, 
    0x2b, 0x40, 0x0a, 0x01, 0x01, 0x00, 0x0b, 0x01, 0x00, 0x00, 0x11, 0x0c, 
    0x00, 0x2b, 0x31, 0xb0, 0x09, 0x1f, 0x00, 0x40, 0x0a, 0x01, 0x0c, 0x02, 
    0x01, 0x07, 0x11, 0x12, 0x03, 0x06, 0x01, 0x3f, 0x17, 0x3c, 0x2a, 0x30, 
    0x01, 0x07, 0x36, 0x37, 0x36, 0x3f, 0x01, 0x23, 0x07, 0x33, 0x06, 0x0f, 
    0x01, 0x36, 0x37, 0x36, 0x3f, 0x01, 0x23, 0x07, 0x33, 0x06, 0x01, 0x2b, 
    0x0a, 0x3c, 0x1f, 0x1e, 0x0e, 0x19, 0x69, 0x18, 0x35, 0x13, 0xdd, 0x0a, 
    0x39, 0x23, 0x23, 0x0a, 0x17, 0x69, 0x16, 0x35, 0x13, 0x01, 0xfe, 0x2f, 
    0x0e, 0x25, 0x26, 0x3b, 0x6c, 0x6c, 0x5e, 0x07, 0x2f, 0x0c, 0x29, 0x29, 
    0x36, 0x6c, 0x6c, 0x5d, 0x00, 0x01, 0x00, 0x59, 0x00, 0xc9, 0x01, 0x9a, 
    0x02, 0x06, 0x00, 0x18, 0x00, 0x1d, 0xb0, 0x09, 0x1f, 0x01, 0x40, 0x0a, 
    0x00, 0x01, 0x00, 0x0f, 0x01, 0x00, 0x00, 0x01, 0x0d, 0x00, 0x2b, 0x31, 
    0xb0, 0x09, 0x1f, 0x00, 0xb3, 0x00, 0x07, 0x13, 0x04, 0x2b, 0x30, 0x01, 
    0x37, 0x34, 0x27, 0x26, 0x27, 0x26, 0x23, 0x22, 0x07, 0x06, 0x07, 0x06, 
    0x07, 0x14, 0x17, 0x16, 0x17, 0x16, 0x33, 0x32, 0x37, 0x36, 0x37, 0x36, 
    0x01, 0x98, 0x02, 0x10, 0x0f, 0x1d, 0x1c, 0x25, 0x35, 0x2a, 0x2c, 0x17, 
    0x19, 0x09, 0x0b, 0x07, 0x13, 0x24, 0x37, 0x2b, 0x2a, 0x2a, 0x1c, 0x1d, 
    0x01, 0x67, 0x22, 0x25, 0x1c, 0x1b, 0x11, 0x10, 0x1b, 0x1d, 0x2a, 0x2a, 
    0x34, 0x1a, 0x18, 0x15, 0x13, 0x23, 0x15, 0x16, 0x25, 0x26, 0xfe, 0x2f, 
    0x00, 0x01, 0x00, 0x35, 0x00, 0xf0, 0x04, 0x28, 0x01, 0x39, 0x00, 0x03, 
    0x00, 0x24, 0xb0, 0x09, 0x1f, 0x01, 0x40, 0x0a, 0x00, 0x01, 0x00, 0x02, 
    0x01, 0x00, 0x00, 0x01, 0x03, 0x00, 0x2b, 0x31, 0xb0, 0x09, 0x1f, 0x00, 
    0x40, 0x0a, 0x00, 0x03, 0x01, 0x00, 0x02, 0x01, 0x0c, 0x00, 0x01, 0x00, 
    0x2b, 0x30, 0x25, 0x37, 0x21, 0x07, 0x04, 0x1b, 0x0d, 0xfc, 0x1a, 0x0d, 
    0xf0, 0x49, 0x49, 0x32, 0x00, 0x01, 0x00, 0x33, 0x00, 0xf0, 0x02, 0x6f, 
    0x01, 0x39, 0x00, 0x03, 0x00, 0x23, 0xb0, 0x09, 0x1f, 0x01, 0x40, 0x09, 
    0x00, 0x00, 0x00, 0x01, 0x00, 0x00, 0x03, 0x01, 0x00, 0x2b, 0x31, 0xb0, 
    0x09, 0x1f, 0x00, 0x40, 0x0a, 0x00, 0x03, 0x01, 0x00, 0x02, 0x01, 0x0c, 
    0x00, 0x01, 0x00, 0x2b, 0x30, 0x13, 0x07, 0x21, 0x37, 0x42, 0x0f, 0x02, 
    0x2c, 0x10, 0x01, 0x39, 0x49, 0x49, 0x49, 0x32, 0x00, 0x01, 0x00, 0x7d, 
    0x02, 0x5d, 0x01, 0xea, 0x02, 0xd3, 0x00, 0x1b, 0x00, 0x34, 0xb0, 0x09, 
    0x1f, 0x01, 0xb3, 0x00, 0x1b, 0x0f, 0x04, 0x2b, 0x31, 0xb0, 0x09, 0x1f, 
    0x00, 0xb6, 0x07, 0x01, 0x01, 0x1b, 0x01, 0x00, 0x01, 0x3f, 0x17, 0x3c, 
    0x2a, 0xb3, 0x0c, 0x04, 0x19, 0x04, 0x2b, 0xb3, 0x0c, 0x09, 0x14, 0x04, 
    0x2b, 0xb6, 0x17, 0x01, 0x01, 0x10, 0x01, 0x0f, 0x08, 0x3f, 0x17, 0x3c, 
    0x2a, 0x30, 0x01, 0x06, 0x07, 0x06, 0x23, 0x26, 0x2f, 0x01, 0x26, 0x23, 
    0x22, 0x07, 0x06, 0x07, 0x06, 0x07, 0x33, 0x36, 0x37, 0x36, 0x33, 0x32, 
    0x1f, 0x01, 0x16, 0x17, 0x32, 0x37, 0x01, 0xb7, 0x04, 0x0f, 0x10, 0x15, 
    0x13, 0x12, 0x2b, 0x1b, 0x1c, 0x1c, 0x17, 0x18, 0x12, 0x14, 0x0a, 0x2f, 
    0x0a, 0x0d, 0x0a, 0x18, 0x09, 0x14, 0x37, 0x12, 0x26, 0x50, 0x29, 0x02, 
    0xd3, 0x14, 0x0f, 0x0e, 0x03, 0x07, 0x13, 0x0c, 0x0d, 0x0d, 0x1a, 0x1a, 
    0x20, 0x14, 0x0d, 0x0c, 0x05, 0x14, 0x07, 0x05, 0x6e, 0x00, 0x20, 0x01, 
    0x00, 0x02, 0x00, 0xba, 0x01, 0x31, 0x04, 0x21, 0x02, 0xcf, 0x00, 0x0c, 
    0x00, 0x14, 0x00, 0x3b, 0xb0, 0x09, 0x1f, 0x01, 0xb3, 0x00, 0x0a, 0x02, 
    0x04, 0x2b, 0x40, 0x0a, 0x14, 0x01, 0x00, 0x0e, 0x01, 0x00, 0x00, 0x0d, 
    0x0f, 0x00, 0x2b, 0x31, 0xb0, 0x09, 0x1f, 0x00, 0x40, 0x14, 0x02, 0x03, 
    0x05, 0x06, 0x08, 0x09, 0x0f, 0x10, 0x13, 0x14, 0x0a, 0x01, 0x01, 0x0a, 
    0x0b, 0x0d, 0x0e, 0x05, 0x00, 0x01, 0x3f, 0x17, 0x3c, 0x2a, 0xb1, 0x00, 
    0x01, 0x3f, 0x30, 0x01, 0x23, 0x03, 0x33, 0x1b, 0x01, 0x33, 0x13, 0x03, 
    0x33, 0x13, 0x23, 0x0b, 0x01, 0x21, 0x07, 0x33, 0x03, 0x33, 0x13, 0x33, 
    0x02, 0xc7, 0x71, 0x58, 0x48, 0x4a, 0x3b, 0x31, 0xcb, 0x48, 0x4a, 0x58, 
    0x72, 0xb3, 0xef, 0xfe, 0xba, 0x0d, 0x7f, 0x4b, 0x49, 0x4a, 0x81, 0x02, 
    0xcf, 0xfe, 0x62, 0x01, 0x50, 0xfe, 0xb0, 0x01, 0x50, 0xfe, 0xb0, 0x01, 
    0x9e, 0xfe, 0xcf, 0x01, 0x31, 0x3d, 0xfe, 0x9f, 0x01, 0x61, 0x07, 0x05, 
    0x00, 0x02, 0x00, 0x3f, 0xff, 0xf0, 0x02, 0x2b, 0x02, 0xdb, 0x00, 0x3e, 
    0x00, 0x45, 0x00, 0x7e, 0xb0, 0x09, 0x1f, 0x01, 0x40, 0x0d, 0x00, 0x01, 
    0x04, 0x03, 0x00, 0x3d, 0x3e, 0x02, 0x00, 0x18, 0x02, 0x3c, 0x00, 0x2b, 
    0x40, 0x0b, 0x12, 0x01, 0x00, 0x0e, 0x0f, 0x02, 0x00, 0x18, 0x38, 0x10, 
    0x00, 0x2b, 0xb3, 0x18, 0x2d, 0x17, 0x04, 0x2b, 0x40, 0x0b, 0x20, 0x01, 
    0x00, 0x21, 0x25, 0x02, 0x00, 0x18, 0x1f, 0x23, 0x00, 0x2b, 0xb3, 0x00, 
    0x44, 0x41, 0x04, 0x2b, 0x31, 0xb0, 0x09, 0x1f, 0x00, 0x40, 0x0a, 0x00, 
    0x3e, 0x01, 0x00, 0x21, 0x01, 0x00, 0x00, 0x20, 0x00, 0x2b, 0xb1, 0x00, 
    0x0c, 0x42, 0xb6, 0x0c, 0x3a, 0x02, 0x07, 0x00, 0x08, 0x02, 0x3f, 0x17, 
    0x3c, 0x2a, 0xb1, 0x00, 0x0c, 0x42, 0xb5, 0x1d, 0x01, 0x07, 0x00, 0x27, 
    0x00, 0x3f, 0x17, 0x3c, 0x2a, 0x40, 0x0a, 0x42, 0x43, 0x02, 0x01, 0x41, 
    0x44, 0x45, 0x03, 0x40, 0x01, 0x3f, 0x17, 0x3c, 0x2a, 0x30, 0x01, 0x3f, 
    0x01, 0x34, 0x27, 0x26, 0x27, 0x26, 0x23, 0x22, 0x07, 0x06, 0x07, 0x06, 
    0x0f, 0x02, 0x14, 0x1f, 0x01, 0x16, 0x17, 0x16, 0x15, 0x14, 0x07, 0x06, 
    0x07, 0x06, 0x23, 0x22, 0x35, 0x37, 0x23, 0x06, 0x15, 0x06, 0x15, 0x14, 
    0x33, 0x32, 0x37, 0x36, 0x37, 0x36, 0x35, 0x34, 0x27, 0x26, 0x2f, 0x01, 
    0x26, 0x27, 0x26, 0x27, 0x26, 0x35, 0x36, 0x33, 0x32, 0x15, 0x0f, 0x01, 
    0x03, 0x27, 0x23, 0x17, 0x33, 0x37, 0x23, 0x02, 0x0f, 0x01, 0x01, 0x0d, 
    0x0c, 0x26, 0x25, 0x44, 0x33, 0x32, 0x33, 0x22, 0x23, 0x0b, 0x02, 0x02, 
    0x62, 0x5f, 0x30, 0x15, 0x15, 0x15, 0x16, 0x1f, 0x21, 0x1f, 0x7a, 0x04, 
    0x54, 0x04, 0x01, 0xbf, 0x38, 0x3c, 0x39, 0x25, 0x24, 0x1c, 0x1a, 0x41, 
    0x54, 0x18, 0x0f, 0x0c, 0x0d, 0x14, 0x18, 0x63, 0x6b, 0x01, 0x01, 0x34, 
    0x2d, 0x52, 0x45, 0x5f, 0x81, 0x4f, 0x01, 0x77, 0x0b, 0x12, 0x24, 0x1a, 
    0x1d, 0x17, 0x15, 0x12, 0x14, 0x25, 0x26, 0x37, 0x0f, 0x10, 0x49, 0x17, 
    0x19, 0x0a, 0x0e, 0x0f, 0x18, 0x20, 0x15, 0x15, 0x0a, 0x0b, 0x52, 0x19, 
    0x17, 0x0a, 0x06, 0x0c, 0x85, 0x1a, 0x19, 0x30, 0x2f, 0x3b, 0x2a, 0x19, 
    0x18, 0x11, 0x15, 0x06, 0x06, 0x04, 0x07, 0x0c, 0x12, 0x5c, 0x43, 0x0b, 
    0x0a, 0x01, 0x06, 0x5e, 0x8e, 0x8e, 0x22, 0x2d, 0x00, 0x01, 0x00, 0x6d, 
    0x00, 0x6b, 0x01, 0x3a, 0x01, 0xbd, 0x00, 0x06, 0x00, 0x16, 0xb0, 0x09, 
    0x1f, 0x01, 0xb3, 0x00, 0x04, 0x02, 0x04, 0x2b, 0x31, 0xb0, 0x09, 0x1f, 
    0x00, 0xb3, 0x00, 0x02, 0x05, 0x04, 0x2b, 0x30, 0x13, 0x0f, 0x01, 0x3f, 
    0x01, 0x27, 0x07, 0xfc, 0x7b, 0x14, 0xb8, 0x15, 0x82, 0x14, 0x01, 0x15, 
    0x52, 0x58, 0x7b, 0x5c, 0x7b, 0x58, 0x20, 0x01, 0x00, 0x03, 0x00, 0x50, 
    0xff, 0xf0, 0x03, 0xc5, 0x02, 0x19, 0x00, 0x3c, 0x00, 0x47, 0x00, 0x5d, 
    0x00, 0xa9, 0xb0, 0x09, 0x1f, 0x01, 0x40, 0x0a, 0x0d, 0x0e, 0x02, 0x00, 
    0x00, 0x00, 0x18, 0x0c, 0x4e, 0x00, 0x2b, 0x40, 0x0b, 0x10, 0x01, 0x00, 
    0x16, 0x47, 0x02, 0x00, 0x18, 0x12, 0x45, 0x00, 0x2b, 0x40, 0x0b, 0x5a, 
    0x5c, 0x48, 0x03, 0x00, 0x00, 0x00, 0x18, 0x58, 0x2c, 0x00, 0x2b, 0x31, 
    0x40, 0x0a, 0x4c, 0x4a, 0x3d, 0x43, 0x41, 0x3f, 0x06, 0x2c, 0x12, 0x02, 
    0x2b, 0xb7, 0x56, 0x54, 0x52, 0x50, 0x04, 0x58, 0x4e, 0x02, 0x2b, 0xb0, 
    0x09, 0x1f, 0x00, 0x40, 0x0b, 0x00, 0x0f, 0x10, 0x02, 0x00, 0x3c, 0x01, 
    0x0c, 0x5c, 0x00, 0x00, 0x2b, 0xb1, 0x00, 0x0c, 0x42, 0xb7, 0x08, 0x54, 
    0x02, 0x07, 0x38, 0x01, 0x30, 0x00, 0x3f, 0x17, 0x3c, 0x2a, 0x40, 0x09, 
    0x00, 0x00, 0x00, 0x47, 0x01, 0x0c, 0x5c, 0x3d, 0x00, 0x2b, 0xb1, 0x00, 
    0x0c, 0x42, 0xb7, 0x43, 0x4c, 0x02, 0x07, 0x26, 0x01, 0x18, 0x02, 0x3f, 
    0x17, 0x3c, 0x2a, 0xb1, 0x18, 0x02, 0x3f, 0x30, 0xb7, 0x4a, 0x45, 0x41, 
    0x3f, 0x04, 0x5c, 0x18, 0x02, 0x2b, 0x40, 0x0b, 0x5c, 0x5a, 0x58, 0x56, 
    0x52, 0x50, 0x4e, 0x07, 0x30, 0x18, 0x02, 0x2b, 0xb4, 0x48, 0x01, 0x5c, 
    0x3d, 0x02, 0x2b, 0x25, 0x06, 0x07, 0x06, 0x07, 0x06, 0x07, 0x06, 0x23, 
    0x22, 0x27, 0x26, 0x35, 0x3f, 0x02, 0x21, 0x36, 0x35, 0x34, 0x27, 0x26, 
    0x27, 0x26, 0x23, 0x22, 0x07, 0x06, 0x07, 0x06, 0x07, 0x06, 0x07, 0x06, 
    0x07, 0x26, 0x27, 0x26, 0x23, 0x22, 0x07, 0x06, 0x07, 0x06, 0x07, 0x14, 
    0x17, 0x16, 0x33, 0x32, 0x37, 0x36, 0x37, 0x36, 0x37, 0x16, 0x33, 0x32, 
    0x37, 0x36, 0x37, 0x25, 0x36, 0x37, 0x36, 0x37, 0x36, 0x33, 0x32, 0x15, 
    0x14, 0x07, 0x05, 0x36, 0x37, 0x36, 0x33, 0x32, 0x15, 0x14, 0x07, 0x06, 
    0x07, 0x06, 0x23, 0x22, 0x27, 0x26, 0x35, 0x34, 0x37, 0x36, 0x37, 0x36, 
    0x03, 0x4a, 0x06, 0x17, 0x0a, 0x0f, 0x0d, 0x11, 0x25, 0x23, 0x3d, 0x20, 
    0x20, 0x02, 0x02, 0x03, 0x01, 0x81, 0x0c, 0x13, 0x13, 0x28, 0x28, 0x38, 
    0x18, 0x15, 0x0f, 0x1a, 0x13, 0x12, 0x10, 0x13, 0x24, 0x1f, 0x15, 0x2c, 
    0x2e, 0x3e, 0x5c, 0x44, 0x46, 0x25, 0x27, 0x07, 0x31, 0x32, 0x60, 0x16, 
    0x1e, 0x1b, 0x1c, 0x3b, 0x2b, 0x30, 0x7c, 0x5b, 0x4f, 0x4e, 0x1a, 0xfe, 
    0xa4, 0x0b, 0x1c, 0x1b, 0x26, 0x25, 0x29, 0x73, 0x04, 0xfd, 0x4b, 0x10, 
    0x2f, 0x2f, 0x53, 0x75, 0x18, 0x18, 0x2d, 0x2c, 0x40, 0x39, 0x1e, 0x1e, 
    0x01, 0x01, 0x02, 0x01, 0xa4, 0x13, 0x1a, 0x0b, 0x0c, 0x0a, 0x08, 0x11, 
    0x1d, 0x1d, 0x39, 0x11, 0x15, 0x12, 0x3b, 0x31, 0x43, 0x2a, 0x2b, 0x17, 
    0x16, 0x03, 0x02, 0x06, 0x06, 0x08, 0x07, 0x0d, 0x17, 0x25, 0x35, 0x1a, 
    0x1a, 0x32, 0x32, 0x4f, 0x52, 0x58, 0x57, 0x3a, 0x3b, 0x05, 0x05, 0x0a, 
    0x15, 0x3d, 0x66, 0x30, 0x2e, 0x56, 0x8b, 0x2b, 0x22, 0x22, 0x17, 0x16, 
    0x71, 0x17, 0x14, 0x29, 0x49, 0x3f, 0x3f, 0x8b, 0x39, 0x3e, 0x3d, 0x29, 
    0x28, 0x22, 0x23, 0x41, 0x03, 0x04, 0x11, 0x0d, 0x0f, 0x1c, 0x1c, 0x26, 
    0x00, 0x03, 0x00, 0xa8, 0x00, 0x00, 0x03, 0x27, 0x03, 0x83, 0x00, 0x08, 
    0x00, 0x0c, 0x00, 0x10, 0x00, 0x45, 0xb0, 0x09, 0x1f, 0x01, 0xb3, 0x00, 
    0x03, 0x07, 0x04, 0x2b, 0xb3, 0x18, 0x0c, 0x0a, 0x04, 0x2b, 0xb3, 0x18, 
    0x10, 0x0e, 0x04, 0x2b, 0x31, 0xb0, 0x09, 0x1f, 0x00, 0xb5, 0x00, 0x01, 
    0x01, 0x01, 0x00, 0x00, 0x3f, 0x17, 0x3c, 0x2a, 0xb7, 0x00, 0x01, 0x04, 
    0x06, 0x07, 0x03, 0x03, 0x01, 0x3f, 0x17, 0x3c, 0x2a, 0x40, 0x0e, 0x00, 
    0x09, 0x0c, 0x10, 0x03, 0x00, 0x0b, 0x0e, 0x0f, 0x03, 0x0c, 0x0d, 0x0a, 
    0x00, 0x2b, 0x30, 0x25, 0x33, 0x13, 0x01, 0x23, 0x01, 0x03, 0x23, 0x1b, 
    0x01, 0x07, 0x33, 0x37, 0x33, 0x07, 0x33, 0x37, 0x01, 0x1d, 0x62, 0x3c, 
    0x01, 0x6c, 0x72, 0xfe, 0xe7, 0x85, 0x6f, 0xb2, 0x2d, 0x17, 0x5c, 0x15, 
    0x49, 0x16, 0x5a, 0x15, 0x00, 0x01, 0x21, 0x01, 0xae, 0xfe, 0xa6, 0x01, 
    0x5a, 0xfe, 0x54, 0x02, 0x60, 0x66, 0x66, 0x66, 0x66, 0x02, 0x07, 0x26, 
    0x00, 0x02, 0x00, 0x4c, 0xff, 0x3d, 0x01, 0x46, 0x02, 0x0b, 0x00, 0x05, 
    0x00, 0x09, 0x00, 0x34, 0xb0, 0x09, 0x1f, 0x01, 0xb3, 0x00, 0x05, 0x02, 
    0x04, 0x2b, 0xb3, 0x18, 0x09, 0x07, 0x04, 0x2b, 0x31, 0xb0, 0x09, 0x1f, 
    0x00, 0xb7, 0x00, 0x05, 0x02, 0x01, 0x03, 0x01, 0x02, 0x07, 0x3f, 0x17, 
    0x3c, 0x2a, 0xb1, 0x00, 0x0c, 0x42, 0xb7, 0x07, 0x08, 0x02, 0x07, 0x09, 
    0x01, 0x06, 0x02, 0x3f, 0x17, 0x3c, 0x2a, 0x30, 0x13, 0x03, 0x07, 0x33, 
    0x37, 0x13, 0x27, 0x07, 0x33, 0x37, 0xd9, 0x5c, 0x31, 0x62, 0x31, 0x2b, 
    0x25, 0x16, 0x60, 0x17, 0x01, 0x60, 0xfe, 0xc3, 0xe6, 0xea, 0x01, 0x39, 
    0xab, 0x67, 0x67, 0x37, 0x00, 0x02, 0x00, 0x5e, 0xff, 0x8d, 0x02, 0x47, 
    0x02, 0x6f, 0x00, 0x2a, 0x00, 0x38, 0x00, 0x78, 0xb0, 0x09, 0x1f, 0x01, 
    0x40, 0x0c, 0x04, 0x01, 0x00, 0x07, 0x09, 0x21, 0x03, 0x00, 0x18, 0x05, 
    0x03, 0x00, 0x2b, 0x40, 0x0e, 0x10, 0x18, 0x1a, 0x2f, 0x31, 0x05, 0x00, 
    0x14, 0x01, 0x00, 0x18, 0x2d, 0x16, 0x00, 0x2b, 0x31, 0x40, 0x09, 0x2b, 
    0x38, 0x37, 0x35, 0x33, 0x05, 0x2d, 0x03, 0x02, 0x2b, 0xb0, 0x09, 0x1f, 
    0x00, 0x40, 0x0a, 0x00, 0x23, 0x01, 0x00, 0x04, 0x01, 0x00, 0x24, 0x03, 
    0x00, 0x2b, 0xb1, 0x00, 0x0c, 0x42, 0xb5, 0x37, 0x01, 0x07, 0x00, 0x0c, 
    0x02, 0x3f, 0x17, 0x3c, 0x2a, 0xb1, 0x00, 0x0c, 0x42, 0xb5, 0x2a, 0x01, 
    0x07, 0x00, 0x1d, 0x00, 0x3f, 0x17, 0x3c, 0x2a, 0x30, 0xb5, 0x31, 0x2f, 
    0x02, 0x24, 0x03, 0x02, 0x2b, 0xb5, 0x35, 0x33, 0x02, 0x24, 0x0c, 0x02, 
    0x2b, 0xb4, 0x2b, 0x01, 0x1d, 0x03, 0x02, 0x2b, 0x25, 0x13, 0x16, 0x15, 
    0x33, 0x37, 0x34, 0x27, 0x37, 0x23, 0x07, 0x26, 0x23, 0x22, 0x07, 0x06, 
    0x07, 0x06, 0x07, 0x06, 0x07, 0x06, 0x15, 0x14, 0x17, 0x07, 0x33, 0x37, 
    0x16, 0x33, 0x32, 0x37, 0x36, 0x37, 0x36, 0x37, 0x23, 0x06, 0x07, 0x06, 
    0x07, 0x06, 0x23, 0x27, 0x26, 0x35, 0x34, 0x37, 0x36, 0x37, 0x36, 0x37, 
    0x36, 0x37, 0x36, 0x33, 0x17, 0x01, 0x06, 0xbf, 0x2f, 0x52, 0x01, 0x5d, 
    0x2f, 0x27, 0x2d, 0x19, 0x1e, 0x45, 0x37, 0x38, 0x26, 0x28, 0x16, 0x0d, 
    0x05, 0x06, 0x5f, 0x3a, 0x29, 0x33, 0x20, 0x20, 0x38, 0x32, 0x34, 0x29, 
    0x2a, 0x19, 0x56, 0x06, 0x15, 0x18, 0x20, 0x23, 0x2e, 0x4a, 0x2b, 0x04, 
    0x05, 0x04, 0x0b, 0x1b, 0x1d, 0x27, 0x26, 0x2e, 0x1d, 0x3d, 0x01, 0x82, 
    0x14, 0x53, 0x1a, 0x77, 0x22, 0x64, 0x5c, 0x06, 0x1f, 0x20, 0x33, 0x35, 
    0x42, 0x28, 0x1c, 0x1c, 0x22, 0x72, 0x3e, 0x71, 0x67, 0x06, 0x16, 0x15, 
    0x2e, 0x2f, 0x40, 0x19, 0x1c, 0x1e, 0x15, 0x17, 0x15, 0x25, 0x49, 0x1f, 
    0x15, 0x19, 0x10, 0x2f, 0x2a, 0x2d, 0x18, 0x19, 0x03, 0x02, 0x02, 0x03, 
    0x00, 0x01, 0x00, 0x31, 0xff, 0xf2, 0x02, 0x77, 0x02, 0xcd, 0x00, 0x4f, 
    0x00, 0x68, 0xb0, 0x09, 0x1f, 0x01, 0x40, 0x0d, 0x13, 0x22, 0x02, 0x00, 
    0x03, 0x0b, 0x0c, 0x03, 0x00, 0x18, 0x29, 0x05, 0x00, 0x2b, 0x40, 0x0a, 
    0x48, 0x01, 0x00, 0x4e, 0x01, 0x00, 0x18, 0x30, 0x4c, 0x00, 0x2b, 0x40, 
    0x0a, 0x3e, 0x01, 0x00, 0x3d, 0x01, 0x00, 0x18, 0x40, 0x3c, 0x00, 0x2b, 
    0x31, 0xb0, 0x09, 0x1f, 0x00, 0x40, 0x0e, 0x00, 0x01, 0x2b, 0x2c, 0x03, 
    0x00, 0x03, 0x29, 0x2a, 0x03, 0x0c, 0x00, 0x02, 0x00, 0x2b, 0x40, 0x0b, 
    0x00, 0x22, 0x01, 0x00, 0x0c, 0x0d, 0x02, 0x0c, 0x23, 0x0b, 0x00, 0x2b, 
    0xb1, 0x00, 0x0c, 0x42, 0xb5, 0x1d, 0x01, 0x07, 0x00, 0x16, 0x00, 0x3f, 
    0x17, 0x3c, 0x2a, 0xb3, 0x0c, 0x36, 0x42, 0x04, 0x2b, 0x30, 0x13, 0x23, 
    0x07, 0x33, 0x16, 0x15, 0x14, 0x07, 0x17, 0x37, 0x36, 0x3b, 0x01, 0x17, 
    0x16, 0x17, 0x16, 0x17, 0x16, 0x1f, 0x01, 0x16, 0x33, 0x32, 0x37, 0x27, 
    0x06, 0x07, 0x06, 0x07, 0x22, 0x2f, 0x01, 0x26, 0x2b, 0x01, 0x22, 0x07, 
    0x36, 0x37, 0x36, 0x35, 0x33, 0x37, 0x23, 0x26, 0x27, 0x26, 0x35, 0x34, 
    0x37, 0x36, 0x37, 0x36, 0x33, 0x32, 0x17, 0x16, 0x17, 0x16, 0x15, 0x07, 
    0x33, 0x36, 0x35, 0x34, 0x23, 0x22, 0x07, 0x06, 0x07, 0x06, 0x07, 0x06, 
    0x07, 0x06, 0x15, 0x14, 0x17, 0x16, 0xb8, 0x47, 0x0d, 0x6b, 0x06, 0xa4, 
    0x23, 0x33, 0x26, 0x24, 0x10, 0x05, 0x11, 0x0a, 0x0c, 0x0d, 0x09, 0x15, 
    0x37, 0x1c, 0x11, 0x42, 0x45, 0x1b, 0x1a, 0x13, 0x1a, 0x11, 0x13, 0x28, 
    0x35, 0x0b, 0x0b, 0x17, 0x3a, 0x52, 0x49, 0x2e, 0x2f, 0x89, 0x0d, 0xa6, 
    0x0c, 0x06, 0x07, 0x17, 0x17, 0x25, 0x29, 0x2c, 0x11, 0x1d, 0x1a, 0x15, 
    0x14, 0x04, 0x58, 0x06, 0xc7, 0x17, 0x1c, 0x1d, 0x15, 0x31, 0x24, 0x23, 
    0x18, 0x17, 0x06, 0x04, 0x01, 0x7b, 0x3f, 0x13, 0x1a, 0x6a, 0x6c, 0x45, 
    0x18, 0x0f, 0x01, 0x02, 0x02, 0x03, 0x04, 0x01, 0x08, 0x0f, 0x05, 0x2d, 
    0x43, 0x10, 0x06, 0x09, 0x01, 0x0e, 0x12, 0x04, 0x26, 0x2c, 0x40, 0x41, 
    0x4f, 0x3f, 0x1e, 0x1b, 0x18, 0x18, 0x2e, 0x25, 0x23, 0x13, 0x16, 0x08, 
    0x07, 0x19, 0x1a, 0x2a, 0x2d, 0x20, 0x23, 0xa0, 0x05, 0x07, 0x09, 0x13, 
    0x20, 0x1d, 0x2f, 0x2e, 0x32, 0x15, 0x18, 0x14, 0x00, 0x02, 0x00, 0x3b, 
    0x00, 0x62, 0x02, 0x86, 0x02, 0x5c, 0x00, 0x25, 0x00, 0x3d, 0x00, 0x71, 
    0xb0, 0x09, 0x1f, 0x01, 0x40, 0x0e, 0x0c, 0x15, 0x3d, 0x26, 0x04, 0x00, 
    0x10, 0x14, 0x02, 0x00, 0x18, 0x3c, 0x0e, 0x00, 0x2b, 0x40, 0x0a, 0x00, 
    0x01, 0x00, 0x1e, 0x01, 0x00, 0x18, 0x22, 0x32, 0x00, 0x2b, 0x31, 0x40, 
    0x0d, 0x3a, 0x38, 0x36, 0x34, 0x30, 0x2e, 0x2c, 0x2a, 0x28, 0x09, 0x13, 
    0x25, 0x02, 0x2b, 0xb0, 0x09, 0x1f, 0x00, 0xb5, 0x00, 0x01, 0x0a, 0x01, 
    0x00, 0x08, 0x3f, 0x17, 0x3c, 0x2a, 0xb1, 0x05, 0x08, 0x3f, 0xb6, 0x14, 
    0x1c, 0x02, 0x01, 0x00, 0x2c, 0x02, 0x3f, 0x17, 0x3c, 0x2a, 0xb3, 0x0c, 
    0x19, 0x38, 0x04, 0x2b, 0x30, 0x40, 0x0c, 0x26, 0x36, 0x34, 0x32, 0x30, 
    0x2e, 0x2a, 0x28, 0x08, 0x14, 0x2c, 0x02, 0x2b, 0xb6, 0x3d, 0x3c, 0x3a, 
    0x03, 0x14, 0x00, 0x02, 0x2b, 0x01, 0x07, 0x26, 0x27, 0x26, 0x23, 0x22, 
    0x07, 0x06, 0x07, 0x27, 0x07, 0x17, 0x06, 0x07, 0x14, 0x17, 0x16, 0x17, 
    0x07, 0x17, 0x37, 0x16, 0x17, 0x16, 0x33, 0x32, 0x37, 0x17, 0x37, 0x27, 
    0x36, 0x37, 0x36, 0x35, 0x34, 0x27, 0x37, 0x05, 0x36, 0x37, 0x36, 0x37, 
    0x36, 0x33, 0x32, 0x17, 0x16, 0x17, 0x16, 0x15, 0x14, 0x07, 0x06, 0x07, 
    0x06, 0x23, 0x22, 0x27, 0x26, 0x35, 0x37, 0x02, 0x5f, 0x44, 0x15, 0x23, 
    0x23, 0x2c, 0x2c, 0x27, 0x28, 0x21, 0x2d, 0x3a, 0x2c, 0x4c, 0x0d, 0x07, 
    0x07, 0x0b, 0x42, 0x23, 0x44, 0x18, 0x24, 0x27, 0x26, 0x5d, 0x43, 0x2b, 
    0x39, 0x2b, 0x2c, 0x15, 0x17, 0x1a, 0x44, 0xfe, 0x2e, 0x0b, 0x1f, 0x20, 
    0x2d, 0x2d, 0x2f, 0x28, 0x1f, 0x21, 0x10, 0x10, 0x1e, 0x1e, 0x32, 0x31, 
    0x36, 0x3d, 0x26, 0x27, 0x02, 0x02, 0x5c, 0x39, 0x19, 0x0d, 0x0d, 0x0d, 
    0x0d, 0x19, 0x39, 0x31, 0x37, 0x45, 0x8a, 0x1e, 0x15, 0x17, 0x14, 0x38, 
    0x2d, 0x3a, 0x1b, 0x0d, 0x0e, 0x36, 0x3a, 0x2d, 0x38, 0x2d, 0x35, 0x37, 
    0x36, 0x38, 0x26, 0x37, 0xcb, 0x2f, 0x28, 0x27, 0x19, 0x18, 0x13, 0x14, 
    0x1f, 0x1e, 0x2a, 0x35, 0x32, 0x32, 0x1e, 0x1e, 0x29, 0x29, 0x3c, 0x13, 
    0x00, 0x01, 0x00, 0x50, 0x00, 0x00, 0x02, 0xbb, 0x02, 0xb0, 0x00, 0x16, 
    0x00, 0x48, 0xb0, 0x09, 0x1f, 0x01, 0x40, 0x09, 0x00, 0x00, 0x05, 0x01, 
    0x00, 0x00, 0x12, 0x06, 0x00, 0x2b, 0x31, 0xb0, 0x09, 0x1f, 0x00, 0x40, 
    0x0e, 0x00, 0x01, 0x10, 0x11, 0x03, 0x00, 0x03, 0x0e, 0x0f, 0x03, 0x0c, 
    0x00, 0x02, 0x00, 0x2b, 0x40, 0x0e, 0x00, 0x04, 0x05, 0x0c, 0x03, 0x00, 
    0x07, 0x0a, 0x0b, 0x03, 0x0c, 0x0d, 0x06, 0x00, 0x2b, 0x40, 0x0a, 0x12, 
    0x13, 0x15, 0x16, 0x04, 0x01, 0x09, 0x01, 0x08, 0x00, 0x3f, 0x17, 0x3c, 
    0x2a, 0x30, 0x01, 0x23, 0x07, 0x33, 0x07, 0x23, 0x07, 0x33, 0x07, 0x33, 
    0x37, 0x33, 0x37, 0x23, 0x37, 0x33, 0x37, 0x23, 0x01, 0x23, 0x0b, 0x01, 
    0x23, 0x01, 0x15, 0x9a, 0x0c, 0xc0, 0x12, 0xc1, 0x0c, 0xbf, 0x27, 0x5a, 
    0x27, 0xc0, 0x0d, 0xc1, 0x14, 0xbf, 0x0e, 0x9d, 0x01, 0x02, 0x63, 0xef, 
    0x71, 0x64, 0x01, 0x81, 0x3b, 0x54, 0x3a, 0xb8, 0xb8, 0x3a, 0x54, 0x3b, 
    0x01, 0x2f, 0xfe, 0xd9, 0x01, 0x27, 0x37, 0x16, 0x00, 0x01, 0x00, 0x5a, 
    0xff, 0xec, 0x01, 0x45, 0x02, 0xe2, 0x00, 0x05, 0x00, 0x26, 0xb0, 0x09, 
    0x1f, 0x01, 0xb3, 0x00, 0x03, 0x00, 0x04, 0x2b, 0x31, 0xb0, 0x09, 0x1f, 
    0x00, 0xb5, 0x00, 0x01, 0x01, 0x01, 0x00, 0x00, 0x3f, 0x17, 0x3c, 0x2a, 
    0xb5, 0x00, 0x01, 0x04, 0x01, 0x03, 0x01, 0x3f, 0x17, 0x3c, 0x2a, 0x30, 
    0x17, 0x33, 0x37, 0x13, 0x23, 0x07, 0x5a, 0x48, 0x37, 0x6c, 0x49, 0x37, 
    0x14, 0xf7, 0x01, 0xff, 0xf6, 0x40, 0x0a, 0x12, 0x00, 0x02, 0x00, 0x4a, 
    0xff, 0x41, 0x02, 0x48, 0x02, 0xe0, 0x00, 0x5e, 0x00, 0x6e, 0x00, 0xae, 
    0xb0, 0x09, 0x1f, 0x01, 0x40, 0x0b, 0x0a, 0x01, 0x00, 0x07, 0x08, 0x02, 
    0x00, 0x18, 0x69, 0x06, 0x00, 0x2b, 0x40, 0x09, 0x2f, 0x01, 0x00, 0x00, 
    0x00, 0x18, 0x2b, 0x0d, 0x00, 0x2b, 0x40, 0x0f, 0x16, 0x17, 0x23, 0x03, 
    0x00, 0x18, 0x1a, 0x1c, 0x1e, 0x04, 0x00, 0x18, 0x15, 0x1f, 0x00, 0x2b, 
    0x40, 0x0b, 0x36, 0x01, 0x00, 0x31, 0x3a, 0x02, 0x00, 0x18, 0x35, 0x62, 
    0x00, 0x2b, 0x40, 0x0b, 0x00, 0x00, 0x25, 0x59, 0x5d, 0x03, 0x00, 0x18, 
    0x3e, 0x5b, 0x00, 0x2b, 0x40, 0x0b, 0x49, 0x01, 0x00, 0x46, 0x48, 0x02, 
    0x00, 0x18, 0x4b, 0x44, 0x00, 0x2b, 0x31, 0xb4, 0x60, 0x01, 0x3e, 0x44, 
    0x02, 0x2b, 0x40, 0x09, 0x6d, 0x6b, 0x67, 0x66, 0x64, 0x05, 0x69, 0x62, 
    0x02, 0x2b, 0xb4, 0x5f, 0x01, 0x3e, 0x5b, 0x02, 0x2b, 0xb0, 0x09, 0x1f, 
    0x00, 0xb1, 0x00, 0x0c, 0x42, 0xb5, 0x13, 0x01, 0x07, 0x00, 0x25, 0x07, 
    0x3f, 0x17, 0x3c, 0x2a, 0xb7, 0x48, 0x49, 0x02, 0x01, 0x18, 0x01, 0x17, 
    0x00, 0x3f, 0x17, 0x3c, 0x2a, 0xb1, 0x00, 0x0c, 0x42, 0xb5, 0x42, 0x01, 
    0x07, 0x00, 0x51, 0x01, 0x3f, 0x17, 0x3c, 0x2a, 0x30, 0xb6, 0x5f, 0x62, 
    0x60, 0x03, 0x17, 0x48, 0x02, 0x2b, 0x13, 0x06, 0x07, 0x06, 0x07, 0x06, 
    0x15, 0x1f, 0x01, 0x16, 0x1f, 0x01, 0x16, 0x15, 0x14, 0x07, 0x06, 0x07, 
    0x06, 0x23, 0x22, 0x35, 0x3f, 0x01, 0x23, 0x06, 0x31, 0x06, 0x07, 0x06, 
    0x07, 0x15, 0x14, 0x17, 0x16, 0x17, 0x16, 0x33, 0x32, 0x37, 0x36, 0x37, 
    0x36, 0x35, 0x34, 0x27, 0x36, 0x37, 0x36, 0x37, 0x36, 0x37, 0x36, 0x35, 
    0x27, 0x26, 0x27, 0x26, 0x27, 0x26, 0x27, 0x26, 0x27, 0x34, 0x37, 0x36, 
    0x33, 0x32, 0x15, 0x14, 0x07, 0x06, 0x07, 0x33, 0x36, 0x35, 0x34, 0x27, 
    0x26, 0x27, 0x26, 0x23, 0x22, 0x07, 0x06, 0x07, 0x06, 0x07, 0x06, 0x07, 
    0x06, 0x15, 0x14, 0x17, 0x16, 0x1f, 0x01, 0x16, 0x15, 0x14, 0x07, 0x06, 
    0x07, 0x27, 0x26, 0x27, 0x34, 0x37, 0x36, 0x37, 0x36, 0xf2, 0x23, 0x21, 
    0x21, 0x13, 0x14, 0x02, 0x01, 0x0d, 0x42, 0x6d, 0x48, 0x12, 0x15, 0x1a, 
    0x1b, 0x1d, 0x50, 0x02, 0x02, 0x56, 0x01, 0x02, 0x01, 0x02, 0x02, 0x27, 
    0x13, 0x1c, 0x1e, 0x1f, 0x35, 0x39, 0x36, 0x24, 0x24, 0x1d, 0x18, 0x0c, 
    0x13, 0x0c, 0x21, 0x13, 0x13, 0x05, 0x04, 0x10, 0x10, 0x27, 0x26, 0x43, 
    0x45, 0x05, 0x23, 0x23, 0x27, 0x50, 0x01, 0x01, 0x02, 0x56, 0x06, 0x11, 
    0x11, 0x21, 0x21, 0x2b, 0x32, 0x27, 0x28, 0x20, 0x1f, 0x12, 0x0a, 0x03, 
    0x05, 0x08, 0x08, 0x36, 0x91, 0x34, 0x19, 0x18, 0x2e, 0x99, 0x24, 0x05, 
    0x1e, 0x0c, 0x13, 0x12, 0x01, 0xd3, 0x07, 0x18, 0x1b, 0x24, 0x26, 0x26, 
    0x10, 0x11, 0x3c, 0x2e, 0x56, 0x31, 0x30, 0x1e, 0x13, 0x15, 0x08, 0x0a, 
    0x4a, 0x12, 0x11, 0x03, 0x0b, 0x09, 0x09, 0x10, 0x03, 0x3d, 0x24, 0x12, 
    0x0a, 0x0b, 0x17, 0x16, 0x2c, 0x2b, 0x33, 0x2b, 0x2f, 0x0e, 0x08, 0x0c, 
    0x0c, 0x1e, 0x23, 0x23, 0x28, 0x30, 0x12, 0x16, 0x15, 0x1e, 0x1d, 0x29, 
    0x2b, 0x34, 0x24, 0x1a, 0x1a, 0x46, 0x09, 0x07, 0x07, 0x0c, 0x1a, 0x1a, 
    0x29, 0x1d, 0x1d, 0x0f, 0x0f, 0x10, 0x10, 0x1d, 0x1c, 0x23, 0x18, 0x0c, 
    0x14, 0x0f, 0x14, 0x13, 0x13, 0x37, 0x66, 0x25, 0x33, 0x20, 0x1f, 0x1e, 
    0x16, 0x73, 0x1c, 0x2b, 0x24, 0x24, 0x0e, 0x10, 0x0d, 0x1e, 0x23, 0x14, 
    0x00, 0x02, 0x00, 0xa8, 0x02, 0x5d, 0x01, 0xbb, 0x02, 0xc3, 0x00, 0x03, 
    0x00, 0x07, 0x00, 0x2c, 0xb0, 0x09, 0x1f, 0x01, 0xb3, 0x18, 0x03, 0x01, 
    0x04, 0x2b, 0xb3, 0x18, 0x07, 0x05, 0x04, 0x2b, 0x31, 0xb0, 0x09, 0x1f, 
    0x00, 0xb1, 0x00, 0x0c, 0x42, 0x40, 0x0c, 0x00, 0x03, 0x04, 0x07, 0x04, 
    0x07, 0x02, 0x05, 0x06, 0x03, 0x01, 0x08, 0x3f, 0x17, 0x3c, 0x2a, 0x30, 
    0x13, 0x07, 0x33, 0x37, 0x33, 0x07, 0x33, 0x37, 0xbf, 0x17, 0x5c, 0x15, 
    0x49, 0x16, 0x5a, 0x15, 0x02, 0xc3, 0x66, 0x66, 0x66, 0x66, 0x25, 0x59, 
    0x00, 0x03, 0x00, 0x35, 0xff, 0xec, 0x03, 0x44, 0x02, 0xe0, 0x00, 0x21, 
    0x00, 0x3c, 0x00, 0x67, 0x00, 0xbc, 0xb0, 0x09, 0x1f, 0x01, 0x40, 0x09, 
    0x00, 0x00, 0x0c, 0x01, 0x00, 0x18, 0x08, 0x2e, 0x00, 0x2b, 0x40, 0x0c, 
    0x16, 0x22, 0x02, 0x00, 0x18, 0x1a, 0x02, 0x00, 0x18, 0x3c, 0x1c, 0x00, 
    0x2b, 0x40, 0x0c, 0x00, 0x00, 0x14, 0x5a, 0x5c, 0x5d, 0x04, 0x00, 0x18, 
    0x47, 0x5f, 0x00, 0x2b, 0x40, 0x0a, 0x0e, 0x32, 0x02, 0x00, 0x00, 0x00, 
    0x18, 0x50, 0x4f, 0x00, 0x2b, 0x31, 0xb5, 0x3a, 0x24, 0x02, 0x3c, 0x5f, 
    0x02, 0x2b, 0xb7, 0x36, 0x34, 0x28, 0x26, 0x04, 0x47, 0x4f, 0x02, 0x2b, 
    0xb4, 0x2a, 0x01, 0x50, 0x4f, 0x02, 0x2b, 0xb5, 0x30, 0x2c, 0x02, 0x50, 
    0x2e, 0x02, 0x2b, 0xb4, 0x38, 0x01, 0x47, 0x5f, 0x02, 0x2b, 0xb0, 0x09, 
    0x1f, 0x00, 0xb1, 0x00, 0x0c, 0x42, 0xb5, 0x36, 0x01, 0x07, 0x00, 0x00, 
    0x00, 0x3f, 0x17, 0x3c, 0x2a, 0xb1, 0x00, 0x0c, 0x42, 0xb5, 0x28, 0x01, 
    0x07, 0x00, 0x10, 0x01, 0x3f, 0x17, 0x3c, 0x2a, 0xb3, 0x0c, 0x43, 0x63, 
    0x04, 0x2b, 0xb3, 0x0c, 0x4b, 0x54, 0x04, 0x2b, 0x30, 0xb5, 0x2a, 0x26, 
    0x02, 0x4b, 0x10, 0x02, 0x2b, 0xb4, 0x2c, 0x01, 0x4b, 0x54, 0x02, 0x2b, 
    0xb7, 0x22, 0x3c, 0x30, 0x2e, 0x04, 0x63, 0x54, 0x02, 0x2b, 0xb5, 0x3a, 
    0x32, 0x02, 0x63, 0x43, 0x02, 0x2b, 0xb5, 0x38, 0x34, 0x02, 0x00, 0x43, 
    0x02, 0x2b, 0x05, 0x32, 0x37, 0x36, 0x37, 0x36, 0x37, 0x36, 0x35, 0x34, 
    0x27, 0x26, 0x27, 0x26, 0x27, 0x26, 0x23, 0x22, 0x07, 0x06, 0x07, 0x06, 
    0x07, 0x06, 0x07, 0x06, 0x07, 0x06, 0x15, 0x14, 0x17, 0x16, 0x17, 0x16, 
    0x03, 0x36, 0x37, 0x36, 0x37, 0x36, 0x33, 0x32, 0x17, 0x16, 0x17, 0x16, 
    0x15, 0x14, 0x07, 0x06, 0x07, 0x06, 0x07, 0x06, 0x23, 0x22, 0x27, 0x26, 
    0x27, 0x26, 0x35, 0x25, 0x06, 0x07, 0x06, 0x07, 0x06, 0x23, 0x22, 0x27, 
    0x26, 0x35, 0x36, 0x37, 0x36, 0x33, 0x32, 0x17, 0x16, 0x15, 0x33, 0x34, 
    0x27, 0x26, 0x23, 0x22, 0x07, 0x06, 0x07, 0x06, 0x07, 0x06, 0x07, 0x15, 
    0x06, 0x15, 0x14, 0x17, 0x16, 0x33, 0x32, 0x37, 0x36, 0x37, 0x01, 0x6d, 
    0x5a, 0x54, 0x53, 0x45, 0x44, 0x27, 0x26, 0x16, 0x16, 0x2c, 0x27, 0x39, 
    0x39, 0x44, 0x51, 0x48, 0x4c, 0x41, 0x43, 0x2b, 0x2c, 0x10, 0x07, 0x01, 
    0x02, 0x29, 0x2a, 0x46, 0x47, 0x8a, 0x12, 0x38, 0x38, 0x50, 0x51, 0x54, 
    0x4a, 0x37, 0x37, 0x1f, 0x1f, 0x1f, 0x1f, 0x35, 0x34, 0x46, 0x46, 0x4a, 
    0x48, 0x3a, 0x3a, 0x1f, 0x1f, 0x01, 0xb2, 0x0c, 0x13, 0x18, 0x1a, 0x1c, 
    0x1e, 0x36, 0x20, 0x1f, 0x0b, 0x2d, 0x2d, 0x54, 0x2e, 0x1c, 0x1c, 0x42, 
    0x2a, 0x2a, 0x48, 0x42, 0x38, 0x39, 0x26, 0x25, 0x0e, 0x03, 0x02, 0x02, 
    0x31, 0x31, 0x53, 0x43, 0x3e, 0x3d, 0x1d, 0x14, 0x24, 0x24, 0x42, 0x41, 
    0x53, 0x54, 0x59, 0x40, 0x36, 0x37, 0x2a, 0x26, 0x16, 0x16, 0x1c, 0x1d, 
    0x32, 0x34, 0x45, 0x47, 0x4e, 0x1f, 0x0a, 0x12, 0x17, 0x55, 0x44, 0x45, 
    0x25, 0x26, 0x01, 0x7b, 0x56, 0x4a, 0x4a, 0x28, 0x29, 0x1f, 0x1f, 0x37, 
    0x37, 0x4a, 0x4b, 0x44, 0x46, 0x36, 0x35, 0x21, 0x20, 0x20, 0x1f, 0x37, 
    0x35, 0x47, 0x04, 0x1c, 0x15, 0x18, 0x0b, 0x0c, 0x24, 0x22, 0x35, 0x59, 
    0x3c, 0x3c, 0x18, 0x18, 0x29, 0x4e, 0x27, 0x27, 0x1e, 0x1e, 0x35, 0x34, 
    0x42, 0x0c, 0x11, 0x02, 0x12, 0x09, 0x4d, 0x31, 0x32, 0x2c, 0x2b, 0x4b, 
    0x00, 0x03, 0x00, 0x64, 0x01, 0x2f, 0x01, 0xbf, 0x02, 0xe0, 0x00, 0x03, 
    0x00, 0x3d, 0x00, 0x51, 0x00, 0x88, 0xb0, 0x09, 0x1f, 0x01, 0x40, 0x0a, 
    0x02, 0x01, 0x00, 0x00, 0x01, 0x00, 0x00, 0x03, 0x01, 0x00, 0x2b, 0x40, 
    0x10, 0x27, 0x28, 0x2a, 0x32, 0x33, 0x05, 0x00, 0x0e, 0x24, 0x25, 0x03, 
    0x00, 0x18, 0x34, 0x0d, 0x00, 0x2b, 0x40, 0x0b, 0x3c, 0x47, 0x4b, 0x03, 
    0x00, 0x00, 0x00, 0x18, 0x49, 0x17, 0x00, 0x2b, 0x31, 0x40, 0x0c, 0x3e, 
    0x50, 0x4f, 0x4d, 0x45, 0x43, 0x41, 0x3f, 0x08, 0x49, 0x0d, 0x02, 0x2b, 
    0xb0, 0x09, 0x1f, 0x00, 0x40, 0x0a, 0x00, 0x03, 0x01, 0x00, 0x02, 0x01, 
    0x0c, 0x00, 0x01, 0x00, 0x2b, 0xb1, 0x00, 0x0c, 0x42, 0xb6, 0x09, 0x3c, 
    0x02, 0x07, 0x00, 0x38, 0x01, 0x3f, 0x17, 0x3c, 0x2a, 0xb3, 0x0c, 0x14, 
    0x4f, 0x04, 0x2b, 0x40, 0x0a, 0x00, 0x1f, 0x01, 0x00, 0x25, 0x01, 0x0c, 
    0x45, 0x1b, 0x00, 0x2b, 0x30, 0xb7, 0x4b, 0x49, 0x41, 0x3f, 0x04, 0x1b, 
    0x14, 0x02, 0x2b, 0xb4, 0x3e, 0x01, 0x4f, 0x14, 0x02, 0x2b, 0x13, 0x07, 
    0x21, 0x37, 0x03, 0x33, 0x36, 0x37, 0x36, 0x33, 0x32, 0x17, 0x16, 0x15, 
    0x07, 0x06, 0x07, 0x06, 0x07, 0x06, 0x23, 0x07, 0x06, 0x07, 0x14, 0x17, 
    0x16, 0x17, 0x32, 0x37, 0x36, 0x37, 0x07, 0x16, 0x17, 0x16, 0x1f, 0x01, 
    0x3f, 0x02, 0x22, 0x07, 0x06, 0x07, 0x26, 0x27, 0x26, 0x27, 0x3f, 0x03, 
    0x34, 0x27, 0x26, 0x23, 0x22, 0x07, 0x06, 0x07, 0x06, 0x17, 0x07, 0x06, 
    0x07, 0x06, 0x07, 0x06, 0x23, 0x26, 0x27, 0x26, 0x27, 0x34, 0x37, 0x36, 
    0x37, 0x36, 0x3f, 0x01, 0x36, 0x6b, 0x07, 0x01, 0x28, 0x08, 0xe6, 0x37, 
    0x06, 0x1a, 0x1a, 0x1f, 0x20, 0x11, 0x12, 0x04, 0x06, 0x0e, 0x0a, 0x0a, 
    0x12, 0x0a, 0x26, 0x7f, 0x17, 0x17, 0x15, 0x2e, 0x20, 0x24, 0x23, 0x22, 
    0x02, 0x01, 0x06, 0x04, 0x0b, 0x17, 0x16, 0x11, 0x09, 0x07, 0x04, 0x07, 
    0x05, 0x07, 0x02, 0x02, 0x03, 0x02, 0x25, 0x01, 0x01, 0x1f, 0x1e, 0x3c, 
    0x22, 0x21, 0x1f, 0x19, 0x17, 0xbd, 0x0a, 0x03, 0x14, 0x13, 0x1c, 0x1f, 
    0x16, 0x16, 0x08, 0x08, 0x07, 0x0e, 0x0f, 0x11, 0x0f, 0x28, 0x34, 0x12, 
    0x01, 0x60, 0x31, 0x31, 0x01, 0x17, 0x1b, 0x0e, 0x0e, 0x0a, 0x0a, 0x14, 
    0x0d, 0x12, 0x06, 0x04, 0x01, 0x02, 0x02, 0x0d, 0x6c, 0x22, 0x14, 0x12, 
    0x05, 0x0e, 0x0e, 0x19, 0x10, 0x0c, 0x08, 0x07, 0x03, 0x07, 0x04, 0x04, 
    0x2b, 0x01, 0x01, 0x02, 0x02, 0x02, 0x01, 0x03, 0x0a, 0xb3, 0x0c, 0x0c, 
    0x28, 0x0d, 0x0d, 0x0c, 0x0c, 0x19, 0x18, 0x5d, 0x2f, 0x12, 0x0f, 0x10, 
    0x08, 0x0b, 0x03, 0x08, 0x08, 0x12, 0x12, 0x10, 0x0f, 0x04, 0x04, 0x03, 
    0x07, 0x04, 0x48, 0x42, 0x00, 0x02, 0x00, 0x91, 0x00, 0x6b, 0x02, 0x25, 
    0x01, 0xbd, 0x00, 0x06, 0x00, 0x0d, 0x00, 0x29, 0xb0, 0x09, 0x1f, 0x01, 
    0x40, 0x09, 0x07, 0x01, 0x00, 0x00, 0x00, 0x00, 0x06, 0x01, 0x00, 0x2b, 
    0xb3, 0x00, 0x0d, 0x08, 0x04, 0x2b, 0x31, 0xb0, 0x09, 0x1f, 0x00, 0x40, 
    0x0a, 0x00, 0x06, 0x01, 0x00, 0x09, 0x01, 0x00, 0x0d, 0x02, 0x00, 0x2b, 
    0x30, 0x13, 0x07, 0x17, 0x37, 0x27, 0x3f, 0x01, 0x17, 0x07, 0x17, 0x37, 
    0x27, 0x3f, 0x01, 0xa6, 0x15, 0x84, 0x12, 0x58, 0x7b, 0x14, 0x0f, 0x13, 
    0x83, 0x13, 0x58, 0x79, 0x14, 0x01, 0x42, 0x5c, 0x7b, 0x58, 0x52, 0x50, 
    0x58, 0x7b, 0x5c, 0x7b, 0x58, 0x52, 0x50, 0x58, 0x00, 0x01, 0x00, 0x69, 
    0x00, 0x6b, 0x02, 0x73, 0x01, 0x87, 0x00, 0x05, 0x00, 0x1d, 0xb0, 0x09, 
    0x1f, 0x01, 0xb3, 0x00, 0x05, 0x01, 0x04, 0x2b, 0x31, 0xb0, 0x09, 0x1f, 
    0x00, 0x40, 0x0a, 0x00, 0x05, 0x01, 0x00, 0x02, 0x01, 0x0c, 0x00, 0x01, 
    0x00, 0x2b, 0x30, 0x13, 0x07, 0x21, 0x07, 0x33, 0x13, 0x79, 0x10, 0x01, 
    0xb2, 0x2d, 0x4a, 0x3b, 0x01, 0x87, 0x4b, 0xd1, 0x01, 0x1c, 0x3f, 0x01, 
    0x00, 0x04, 0x00, 0x35, 0xff, 0xec, 0x03, 0x44, 0x02, 0xe0, 0x00, 0x21, 
    0x00, 0x3c, 0x00, 0x4c, 0x00, 0x55, 0x00, 0xb4, 0xb0, 0x09, 0x1f, 0x01, 
    0x40, 0x09, 0x00, 0x00, 0x0c, 0x01, 0x00, 0x18, 0x08, 0x2e, 0x00, 0x2b, 
    0x40, 0x0c, 0x16, 0x22, 0x02, 0x00, 0x18, 0x1a, 0x02, 0x00, 0x18, 0x3c, 
    0x1c, 0x00, 0x2b, 0x40, 0x0c, 0x0e, 0x32, 0x02, 0x45, 0x01, 0x40, 0x01, 
    0x00, 0x18, 0x2a, 0x53, 0x00, 0x2b, 0x31, 0x40, 0x10, 0x4d, 0x55, 0x51, 
    0x4f, 0x4e, 0x3a, 0x38, 0x36, 0x34, 0x28, 0x26, 0x24, 0x0c, 0x3c, 0x53, 
    0x02, 0x2b, 0xb5, 0x30, 0x2c, 0x02, 0x2a, 0x2e, 0x02, 0x2b, 0xb0, 0x09, 
    0x1f, 0x00, 0xb1, 0x00, 0x0c, 0x42, 0xb5, 0x36, 0x01, 0x07, 0x00, 0x00, 
    0x00, 0x3f, 0x17, 0x3c, 0x2a, 0xb1, 0x00, 0x0c, 0x42, 0xb5, 0x28, 0x01, 
    0x07, 0x00, 0x10, 0x01, 0x3f, 0x17, 0x3c, 0x2a, 0x40, 0x0c, 0x00, 0x55, 
    0x01, 0x00, 0x40, 0x4b, 0x4c, 0x03, 0x00, 0x4d, 0x3f, 0x00, 0x2b, 0x40, 
    0x0a, 0x00, 0x4e, 0x01, 0x00, 0x4a, 0x01, 0x0c, 0x4f, 0x49, 0x00, 0x2b, 
    0x30, 0xb5, 0x2a, 0x26, 0x02, 0x4f, 0x10, 0x02, 0x2b, 0xb4, 0x2c, 0x01, 
    0x4f, 0x49, 0x02, 0x2b, 0xb5, 0x53, 0x2e, 0x02, 0x3f, 0x49, 0x02, 0x2b, 
    0x40, 0x09, 0x22, 0x3c, 0x3a, 0x32, 0x30, 0x05, 0x3f, 0x4d, 0x02, 0x2b, 
    0xb5, 0x38, 0x34, 0x02, 0x00, 0x4d, 0x02, 0x2b, 0x05, 0x32, 0x37, 0x36, 
    0x37, 0x36, 0x37, 0x36, 0x35, 0x34, 0x27, 0x26, 0x27, 0x26, 0x27, 0x26, 
    0x23, 0x22, 0x07, 0x06, 0x07, 0x06, 0x07, 0x06, 0x07, 0x06, 0x07, 0x06, 
    0x15, 0x14, 0x17, 0x16, 0x17, 0x16, 0x03, 0x36, 0x37, 0x36, 0x37, 0x36, 
    0x33, 0x32, 0x17, 0x16, 0x17, 0x16, 0x15, 0x14, 0x07, 0x06, 0x07, 0x06, 
    0x07, 0x06, 0x23, 0x22, 0x27, 0x26, 0x27, 0x26, 0x35, 0x37, 0x33, 0x17, 
    0x33, 0x27, 0x36, 0x37, 0x36, 0x35, 0x34, 0x27, 0x26, 0x2b, 0x01, 0x03, 
    0x33, 0x3f, 0x01, 0x33, 0x32, 0x17, 0x16, 0x15, 0x14, 0x23, 0x01, 0x6d, 
    0x5a, 0x54, 0x53, 0x45, 0x44, 0x27, 0x26, 0x16, 0x16, 0x2c, 0x27, 0x39, 
    0x39, 0x44, 0x51, 0x48, 0x4c, 0x41, 0x43, 0x2b, 0x2c, 0x10, 0x07, 0x01, 
    0x02, 0x29, 0x2a, 0x46, 0x47, 0x8a, 0x12, 0x38, 0x38, 0x50, 0x51, 0x54, 
    0x4a, 0x37, 0x37, 0x1f, 0x1f, 0x1f, 0x1f, 0x35, 0x34, 0x46, 0x46, 0x4a, 
    0x48, 0x3a, 0x3a, 0x1f, 0x1f, 0xe6, 0x4d, 0x4c, 0x48, 0x52, 0x3e, 0x28, 
    0x27, 0x1f, 0x1f, 0x43, 0xa8, 0x5c, 0x42, 0x33, 0x1d, 0x5a, 0x26, 0x16, 
    0x16, 0x79, 0x14, 0x24, 0x24, 0x42, 0x41, 0x53, 0x54, 0x59, 0x40, 0x36, 
    0x37, 0x2a, 0x26, 0x16, 0x16, 0x1c, 0x1d, 0x32, 0x34, 0x45, 0x47, 0x4e, 
    0x1f, 0x0a, 0x12, 0x17, 0x55, 0x44, 0x45, 0x25, 0x26, 0x01, 0x7b, 0x56, 
    0x4a, 0x4a, 0x28, 0x29, 0x1f, 0x1f, 0x37, 0x37, 0x4a, 0x4b, 0x44, 0x46, 
    0x36, 0x35, 0x21, 0x20, 0x20, 0x1f, 0x37, 0x35, 0x47, 0x2d, 0xbd, 0xbf, 
    0x08, 0x2b, 0x2a, 0x3d, 0x30, 0x15, 0x15, 0xfe, 0x4d, 0xf4, 0x88, 0x09, 
    0x0a, 0x1d, 0x58, 0x7b, 0x00, 0x02, 0x00, 0x8a, 0x02, 0xc9, 0x01, 0x50, 
    0x03, 0x85, 0x00, 0x1b, 0x00, 0x2b, 0x00, 0x4f, 0xb0, 0x09, 0x1f, 0x01, 
    0x40, 0x0c, 0x1a, 0x1c, 0x2b, 0x03, 0x00, 0x00, 0x01, 0x00, 0x00, 0x2a, 
    0x01, 0x00, 0x2b, 0x40, 0x0f, 0x0b, 0x0f, 0x11, 0x12, 0x04, 0x00, 0x09, 
    0x14, 0x24, 0x03, 0x00, 0x00, 0x0d, 0x22, 0x00, 0x2b, 0x31, 0xb7, 0x28, 
    0x26, 0x20, 0x1e, 0x04, 0x2a, 0x22, 0x02, 0x2b, 0xb0, 0x09, 0x1f, 0x00, 
    0xb3, 0x00, 0x05, 0x28, 0x04, 0x2b, 0xb3, 0x00, 0x16, 0x20, 0x04, 0x2b, 
    0x30, 0x40, 0x0b, 0x1c, 0x2b, 0x2a, 0x26, 0x24, 0x22, 0x1e, 0x07, 0x05, 
    0x16, 0x02, 0x2b, 0x13, 0x07, 0x14, 0x17, 0x16, 0x33, 0x32, 0x37, 0x36, 
    0x37, 0x36, 0x37, 0x36, 0x35, 0x34, 0x27, 0x26, 0x2f, 0x01, 0x26, 0x27, 
    0x26, 0x23, 0x22, 0x07, 0x06, 0x07, 0x06, 0x17, 0x36, 0x37, 0x36, 0x33, 
    0x32, 0x15, 0x14, 0x07, 0x06, 0x07, 0x06, 0x23, 0x22, 0x35, 0x37, 0x8e, 
    0x04, 0x13, 0x14, 0x25, 0x1a, 0x18, 0x17, 0x0f, 0x0f, 0x0a, 0x09, 0x02, 
    0x01, 0x03, 0x03, 0x05, 0x13, 0x10, 0x1a, 0x1f, 0x1a, 0x1b, 0x0d, 0x10, 
    0x1d, 0x07, 0x13, 0x12, 0x21, 0x2e, 0x09, 0x0a, 0x12, 0x14, 0x17, 0x2e, 
    0x02, 0x03, 0x27, 0x1a, 0x1d, 0x13, 0x14, 0x0b, 0x0b, 0x0f, 0x0f, 0x16, 
    0x17, 0x15, 0x09, 0x0a, 0x03, 0x09, 0x07, 0x0b, 0x0c, 0x09, 0x0e, 0x0e, 
    0x15, 0x13, 0x1a, 0x19, 0x16, 0x15, 0x2f, 0x14, 0x15, 0x15, 0x0d, 0x0e, 
    0x2d, 0x0e, 0x27, 0x26, 0x00, 0x02, 0x00, 0x27, 0x00, 0x00, 0x02, 0x69, 
    0x01, 0xfa, 0x00, 0x0b, 0x00, 0x0f, 0x00, 0x4c, 0xb0, 0x09, 0x1f, 0x01, 
    0x40, 0x0a, 0x07, 0x01, 0x00, 0x01, 0x01, 0x00, 0x00, 0x08, 0x02, 0x00, 
    0x2b, 0xb3, 0x00, 0x0e, 0x0c, 0x04, 0x2b, 0x31, 0xb0, 0x09, 0x1f, 0x00, 
    0x40, 0x0e, 0x00, 0x01, 0x08, 0x09, 0x03, 0x00, 0x03, 0x06, 0x07, 0x03, 
    0x0c, 0x00, 0x02, 0x00, 0x2b, 0x40, 0x0a, 0x00, 0x0a, 0x01, 0x00, 0x05, 
    0x01, 0x00, 0x0b, 0x04, 0x00, 0x2b, 0xb1, 0x00, 0x0c, 0x42, 0xb7, 0x0e, 
    0x0f, 0x02, 0x07, 0x0d, 0x01, 0x0c, 0x00, 0x3f, 0x17, 0x3c, 0x2a, 0x30, 
    0x01, 0x23, 0x07, 0x33, 0x07, 0x33, 0x37, 0x33, 0x37, 0x23, 0x37, 0x23, 
    0x01, 0x21, 0x37, 0x21, 0x01, 0x48, 0xd9, 0x0f, 0xda, 0x23, 0x4b, 0x21, 
    0xd9, 0x0d, 0xd7, 0x24, 0x4b, 0xfe, 0xbc, 0x01, 0xfa, 0x10, 0xfe, 0x06, 
    0x01, 0x58, 0x49, 0xa2, 0xa2, 0x49, 0xa2, 0xfe, 0x06, 0x48, 0x37, 0x8e, 
    0x00, 0x02, 0x00, 0x11, 0x00, 0x02, 0x02, 0x01, 0x03, 0x9f, 0x00, 0x03, 
    0x00, 0x0a, 0x00, 0x32, 0xb0, 0x09, 0x1f, 0x01, 0xb3, 0x00, 0x02, 0x00, 
    0x04, 0x2b, 0xb3, 0x00, 0x08, 0x04, 0x04, 0x2b, 0x31, 0xb0, 0x09, 0x1f, 
    0x00, 0xb7, 0x00, 0x01, 0x02, 0x01, 0x03, 0x01, 0x02, 0x01, 0x3f, 0x17, 
    0x3c, 0x2a, 0x40, 0x0c, 0x00, 0x05, 0x07, 0x08, 0x03, 0x00, 0x0a, 0x01, 
    0x00, 0x04, 0x09, 0x00, 0x2b, 0x30, 0x37, 0x33, 0x13, 0x23, 0x27, 0x33, 
    0x37, 0x17, 0x33, 0x27, 0x23, 0x6a, 0x61, 0x99, 0x62, 0xf1, 0x4c, 0xf6, 
    0x62, 0x4c, 0x79, 0x48, 0x02, 0x02, 0xcf, 0x41, 0x72, 0x72, 0x8d, 0x33, 
    0x00, 0x02, 0x00, 0x7b, 0xff, 0xee, 0x03, 0x1d, 0x03, 0xa1, 0x00, 0x25, 
    0x00, 0x2c, 0x00, 0x52, 0xb0, 0x09, 0x1f, 0x01, 0x40, 0x0e, 0x22, 0x23, 
    0x25, 0x03, 0x00, 0x00, 0x01, 0x05, 0x03, 0x00, 0x18, 0x21, 0x03, 0x00, 
    0x2b, 0xb3, 0x00, 0x11, 0x06, 0x04, 0x2b, 0xb3, 0x00, 0x2a, 0x26, 0x04, 
    0x2b, 0x31, 0xb0, 0x09, 0x1f, 0x00, 0xb1, 0x00, 0x0c, 0x42, 0xb5, 0x1f, 
    0x01, 0x07, 0x00, 0x0a, 0x00, 0x3f, 0x17, 0x3c, 0x2a, 0xb7, 0x00, 0x01, 
    0x12, 0x24, 0x25, 0x03, 0x11, 0x01, 0x3f, 0x17, 0x3c, 0x2a, 0x40, 0x0c, 
    0x00, 0x27, 0x29, 0x2a, 0x03, 0x00, 0x2c, 0x01, 0x00, 0x26, 0x2b, 0x00, 
    0x2b, 0x30, 0x37, 0x07, 0x06, 0x07, 0x06, 0x07, 0x15, 0x14, 0x17, 0x16, 
    0x33, 0x32, 0x37, 0x36, 0x37, 0x36, 0x37, 0x13, 0x23, 0x03, 0x06, 0x07, 
    0x06, 0x07, 0x06, 0x07, 0x06, 0x07, 0x06, 0x07, 0x06, 0x23, 0x22, 0x35, 
    0x3f, 0x01, 0x13, 0x23, 0x37, 0x33, 0x37, 0x17, 0x33, 0x27, 0x23, 0x83, 
    0x01, 0x02, 0x01, 0x02, 0x02, 0x41, 0x40, 0x7d, 0x49, 0x45, 0x46, 0x2f, 
    0x30, 0x11, 0x60, 0x60, 0x63, 0x06, 0x05, 0x0a, 0x07, 0x13, 0x1c, 0x1c, 
    0x23, 0x16, 0x10, 0x0f, 0x16, 0xa6, 0x05, 0x02, 0x64, 0x62, 0x2d, 0x4c, 
    0xf6, 0x62, 0x4c, 0x79, 0x48, 0xf0, 0x06, 0x0f, 0x0a, 0x0d, 0x15, 0x03, 
    0x5b, 0x32, 0x31, 0x22, 0x23, 0x3f, 0x42, 0x56, 0x01, 0xc5, 0xfe, 0x2f, 
    0x1a, 0x0c, 0x18, 0x0c, 0x22, 0x19, 0x19, 0x0e, 0x09, 0x03, 0x04, 0x87, 
    0x1f, 0x16, 0x01, 0xd1, 0x45, 0x72, 0x72, 0x8d, 0x00, 0x02, 0x00, 0xa8, 
    0x00, 0x00, 0x04, 0x3a, 0x03, 0xa4, 0x00, 0x0d, 0x00, 0x14, 0x00, 0x5a, 
    0xb0, 0x09, 0x1f, 0x01, 0xb3, 0x18, 0x0b, 0x00, 0x04, 0x2b, 0xb3, 0x18, 
    0x09, 0x02, 0x04, 0x2b, 0x40, 0x09, 0x07, 0x01, 0x00, 0x00, 0x00, 0x18, 
    0x08, 0x03, 0x00, 0x2b, 0xb3, 0x18, 0x0c, 0x0d, 0x04, 0x2b, 0xb3, 0x00, 
    0x10, 0x13, 0x04, 0x2b, 0x31, 0xb0, 0x09, 0x1f, 0x00, 0xb7, 0x00, 0x01, 
    0x01, 0x03, 0x04, 0x03, 0x00, 0x00, 0x3f, 0x17, 0x3c, 0x2a, 0x40, 0x0a, 
    0x00, 0x01, 0x06, 0x09, 0x0a, 0x0c, 0x0d, 0x05, 0x05, 0x01, 0x3f, 0x17, 
    0x3c, 0x2a, 0x40, 0x0c, 0x00, 0x0f, 0x10, 0x13, 0x03, 0x00, 0x12, 0x01, 
    0x00, 0x14, 0x11, 0x00, 0x2b, 0x30, 0x37, 0x33, 0x01, 0x13, 0x33, 0x01, 
    0x23, 0x01, 0x23, 0x03, 0x23, 0x01, 0x03, 0x23, 0x25, 0x17, 0x33, 0x27, 
    0x23, 0x07, 0x33, 0xcb, 0x68, 0x01, 0x25, 0x25, 0x67, 0x01, 0x56, 0x6b, 
    0xfe, 0xfe, 0x04, 0x23, 0x6a, 0xfe, 0xdf, 0x0a, 0x69, 0x01, 0xe9, 0x2e, 
    0x51, 0x45, 0x5e, 0x81, 0x4f, 0x00, 0x02, 0x54, 0xfd, 0xac, 0x02, 0xcf, 
    0xfd, 0xb8, 0x02, 0x48, 0xfd, 0xb8, 0x02, 0x48, 0xa5, 0x5e, 0x8e, 0x8e, 
    0x00, 0x02, 0x00, 0xa8, 0x00, 0x00, 0x03, 0x27, 0x03, 0x9e, 0x00, 0x08, 
    0x00, 0x0f, 0x00, 0x3d, 0xb0, 0x09, 0x1f, 0x01, 0xb3, 0x00, 0x03, 0x07, 
    0x04, 0x2b, 0xb3, 0x00, 0x0b, 0x0e, 0x04, 0x2b, 0x31, 0xb0, 0x09, 0x1f, 
    0x00, 0xb5, 0x00, 0x01, 0x01, 0x01, 0x00, 0x00, 0x3f, 0x17, 0x3c, 0x2a, 
    0xb7, 0x00, 0x01, 0x04, 0x06, 0x07, 0x03, 0x03, 0x01, 0x3f, 0x17, 0x3c, 
    0x2a, 0x40, 0x0c, 0x00, 0x0a, 0x0b, 0x0e, 0x03, 0x00, 0x0d, 0x01, 0x00, 
    0x0f, 0x0c, 0x00, 0x2b, 0x30, 0x25, 0x33, 0x13, 0x01, 0x23, 0x01, 0x03, 
    0x23, 0x1b, 0x01, 0x17, 0x33, 0x27, 0x23, 0x07, 0x33, 0x01, 0x1d, 0x62, 
    0x3c, 0x01, 0x6c, 0x72, 0xfe, 0xe7, 0x85, 0x6f, 0xb2, 0xb1, 0x2e, 0x51, 
    0x45, 0x5e, 0x81, 0x4f, 0x00, 0x01, 0x21, 0x01, 0xae, 0xfe, 0xa6, 0x01, 
    0x5a, 0xfe, 0x54, 0x02, 0x4b, 0x5e, 0x8e, 0x8e, 0x00, 0x02, 0x00, 0x03, 
    0x00, 0x00, 0x01, 0xf3, 0x02, 0xdf, 0x00, 0x03, 0x00, 0x0a, 0x00, 0x44, 
    0xb0, 0x09, 0x1f, 0x01, 0xb3, 0x00, 0x02, 0x00, 0x04, 0x2b, 0xb3, 0x00, 
    0x08, 0x04, 0x04, 0x2b, 0x31, 0xb0, 0x09, 0x1f, 0x00, 0xb5, 0x00, 0x01, 
    0x01, 0x01, 0x00, 0x00, 0x3f, 0x17, 0x3c, 0x2a, 0xb5, 0x00, 0x01, 0x03, 
    0x01, 0x02, 0x02, 0x3f, 0x17, 0x3c, 0x2a, 0xb7, 0x00, 0x01, 0x05, 0x07, 
    0x08, 0x03, 0x04, 0x08, 0x3f, 0x17, 0x3c, 0x2a, 0xb5, 0x00, 0x01, 0x0a, 
    0x01, 0x09, 0x01, 0x3f, 0x17, 0x3c, 0x2a, 0x30, 0x37, 0x33, 0x13, 0x23, 
    0x27, 0x33, 0x37, 0x17, 0x33, 0x27, 0x23, 0x8e, 0x58, 0x70, 0x58, 0xfb, 
    0x4c, 0xf6, 0x62, 0x4c, 0x79, 0x48, 0x00, 0x02, 0x0b, 0x47, 0x72, 0x72, 
    0x8d, 0x01, 0x21, 0x01, 0x00, 0x02, 0x00, 0x5e, 0xff, 0xf0, 0x02, 0x7d, 
    0x02, 0xdf, 0x00, 0x1e, 0x00, 0x25, 0x00, 0x5d, 0xb0, 0x09, 0x1f, 0x01, 
    0x40, 0x0b, 0x0d, 0x0f, 0x02, 0x00, 0x10, 0x01, 0x00, 0x18, 0x0c, 0x11, 
    0x00, 0x2b, 0xb3, 0x00, 0x23, 0x1f, 0x04, 0x2b, 0x31, 0xb0, 0x09, 0x1f, 
    0x00, 0xb5, 0x00, 0x01, 0x1e, 0x01, 0x00, 0x00, 0x3f, 0x17, 0x3c, 0x2a, 
    0xb7, 0x00, 0x01, 0x03, 0x0e, 0x0f, 0x03, 0x02, 0x02, 0x3f, 0x17, 0x3c, 
    0x2a, 0xb1, 0x00, 0x0c, 0x42, 0xb5, 0x0a, 0x01, 0x07, 0x00, 0x17, 0x00, 
    0x3f, 0x17, 0x3c, 0x2a, 0xb7, 0x00, 0x01, 0x20, 0x22, 0x23, 0x03, 0x1f, 
    0x08, 0x3f, 0x17, 0x3c, 0x2a, 0xb5, 0x00, 0x01, 0x25, 0x01, 0x24, 0x01, 
    0x3f, 0x17, 0x3c, 0x2a, 0x30, 0x25, 0x37, 0x13, 0x23, 0x03, 0x06, 0x07, 
    0x06, 0x07, 0x06, 0x23, 0x22, 0x35, 0x37, 0x13, 0x23, 0x03, 0x07, 0x14, 
    0x17, 0x16, 0x17, 0x16, 0x33, 0x32, 0x37, 0x36, 0x37, 0x36, 0x37, 0x07, 
    0x01, 0x33, 0x37, 0x17, 0x33, 0x27, 0x23, 0x01, 0xea, 0x02, 0x6c, 0x58, 
    0x3d, 0x08, 0x15, 0x16, 0x27, 0x27, 0x34, 0x52, 0x05, 0x4b, 0x58, 0x50, 
    0x06, 0x15, 0x17, 0x1f, 0x21, 0x20, 0x3c, 0x2c, 0x14, 0x17, 0x11, 0x18, 
    0x10, 0xfe, 0xf7, 0x4c, 0xf6, 0x62, 0x4c, 0x79, 0x48, 0x00, 0x0c, 0x01, 
    0xff, 0xfe, 0xdf, 0x2a, 0x26, 0x27, 0x1b, 0x1b, 0x4c, 0x27, 0x01, 0x5b, 
    0xfe, 0x87, 0x2c, 0x28, 0x1d, 0x1c, 0x0a, 0x0b, 0x17, 0x09, 0x14, 0x0f, 
    0x19, 0x4c, 0x02, 0x52, 0x72, 0x72, 0x8d, 0xd1, 0x00, 0x02, 0x00, 0x7d, 
    0x00, 0x00, 0x03, 0x34, 0x02, 0xe0, 0x00, 0x10, 0x00, 0x17, 0x00, 0x6f, 
    0xb0, 0x09, 0x1f, 0x01, 0xb3, 0x18, 0x0d, 0x00, 0x04, 0x2b, 0x40, 0x09, 
    0x00, 0x00, 0x02, 0x01, 0x00, 0x18, 0x0b, 0x03, 0x00, 0x2b, 0x40, 0x09, 
    0x09, 0x01, 0x00, 0x00, 0x00, 0x18, 0x0a, 0x04, 0x00, 0x2b, 0x40, 0x09, 
    0x00, 0x00, 0x0f, 0x01, 0x00, 0x18, 0x0e, 0x10, 0x00, 0x2b, 0xb3, 0x00, 
    0x13, 0x16, 0x04, 0x2b, 0x31, 0xb0, 0x09, 0x1f, 0x00, 0xb7, 0x00, 0x01, 
    0x01, 0x04, 0x05, 0x03, 0x00, 0x00, 0x3f, 0x17, 0x3c, 0x2a, 0x40, 0x0a, 
    0x00, 0x01, 0x08, 0x0b, 0x0c, 0x0e, 0x0f, 0x05, 0x07, 0x02, 0x3f, 0x17, 
    0x3c, 0x2a, 0xb7, 0x00, 0x01, 0x13, 0x16, 0x17, 0x03, 0x12, 0x08, 0x3f, 
    0x17, 0x3c, 0x2a, 0xb5, 0x00, 0x01, 0x15, 0x01, 0x14, 0x01, 0x3f, 0x17, 
    0x3c, 0x2a, 0x30, 0x37, 0x33, 0x13, 0x33, 0x13, 0x33, 0x37, 0x01, 0x23, 
    0x03, 0x07, 0x03, 0x23, 0x0b, 0x01, 0x23, 0x17, 0x25, 0x17, 0x33, 0x27, 
    0x23, 0x07, 0x33, 0xa4, 0x5c, 0xbb, 0x04, 0x14, 0x5c, 0x05, 0x01, 0x00, 
    0x58, 0xc1, 0x02, 0x0e, 0x63, 0xbe, 0x0d, 0x60, 0x02, 0x01, 0x70, 0x2e, 
    0x51, 0x45, 0x5e, 0x81, 0x4f, 0x00, 0x01, 0x96, 0xfe, 0x6a, 0x0c, 0x01, 
    0xff, 0xfe, 0x66, 0x02, 0x01, 0x9c, 0xfe, 0x64, 0x01, 0x9c, 0x0b, 0xb0, 
    0x5e, 0x8e, 0x8e, 0x5b, 0x00, 0x02, 0x00, 0x10, 0xff, 0x29, 0x02, 0x58, 
    0x02, 0xe0, 0x00, 0x17, 0x00, 0x1e, 0x00, 0x47, 0xb0, 0x09, 0x1f, 0x01, 
    0x40, 0x09, 0x00, 0x00, 0x0b, 0x01, 0x00, 0x00, 0x17, 0x0c, 0x00, 0x2b, 
    0xb3, 0x00, 0x1a, 0x1d, 0x04, 0x2b, 0x31, 0xb0, 0x09, 0x1f, 0x00, 0xb7, 
    0x00, 0x01, 0x02, 0x03, 0x17, 0x03, 0x00, 0x02, 0x3f, 0x17, 0x3c, 0x2a, 
    0xb3, 0x0c, 0x09, 0x0e, 0x04, 0x2b, 0xb7, 0x00, 0x01, 0x1a, 0x1d, 0x1e, 
    0x03, 0x19, 0x08, 0x3f, 0x17, 0x3c, 0x2a, 0xb5, 0x00, 0x01, 0x1c, 0x01, 
    0x1b, 0x01, 0x3f, 0x17, 0x3c, 0x2a, 0x30, 0x01, 0x0b, 0x01, 0x23, 0x13, 
    0x07, 0x06, 0x07, 0x06, 0x23, 0x22, 0x27, 0x07, 0x16, 0x33, 0x32, 0x37, 
    0x36, 0x37, 0x36, 0x3f, 0x03, 0x27, 0x17, 0x33, 0x27, 0x23, 0x07, 0x33, 
    0x01, 0xf8, 0xe9, 0x30, 0x66, 0x52, 0x35, 0x0f, 0x0f, 0x10, 0x16, 0x19, 
    0x1a, 0x0f, 0x18, 0x2a, 0x25, 0x1d, 0x1c, 0x24, 0x2c, 0x2f, 0x61, 0x57, 
    0x71, 0xcf, 0x2e, 0x51, 0x45, 0x5e, 0x81, 0x4f, 0x02, 0x0b, 0xfe, 0x57, 
    0x01, 0xa9, 0xfd, 0xe7, 0x53, 0x17, 0x07, 0x08, 0x08, 0x50, 0x08, 0x11, 
    0x10, 0x32, 0x3e, 0x50, 0xa4, 0x95, 0xc8, 0xa5, 0x5e, 0x8e, 0x8e, 0x81, 
    0x00, 0x03, 0x00, 0x64, 0x01, 0x2f, 0x01, 0xd3, 0x02, 0xe0, 0x00, 0x14, 
    0x00, 0x20, 0x00, 0x24, 0x00, 0x69, 0xb0, 0x09, 0x1f, 0x01, 0x40, 0x0c, 
    0x00, 0x01, 0x00, 0x13, 0x15, 0x20, 0x03, 0x00, 0x18, 0x02, 0x1f, 0x00, 
    0x2b, 0x40, 0x09, 0x00, 0x00, 0x0c, 0x01, 0x00, 0x18, 0x1b, 0x0d, 0x00, 
    0x2b, 0x40, 0x0a, 0x23, 0x01, 0x00, 0x21, 0x01, 0x00, 0x00, 0x24, 0x22, 
    0x00, 0x2b, 0x31, 0xb6, 0x1d, 0x19, 0x17, 0x03, 0x1b, 0x1f, 0x02, 0x2b, 
    0xb0, 0x09, 0x1f, 0x00, 0xb1, 0x00, 0x0c, 0x42, 0xb5, 0x1d, 0x01, 0x07, 
    0x00, 0x06, 0x01, 0x3f, 0x17, 0x3c, 0x2a, 0xb3, 0x0c, 0x11, 0x19, 0x04, 
    0x2b, 0x40, 0x0a, 0x00, 0x24, 0x01, 0x00, 0x23, 0x01, 0x0c, 0x21, 0x22, 
    0x00, 0x2b, 0x30, 0x40, 0x09, 0x15, 0x20, 0x1f, 0x1b, 0x17, 0x05, 0x11, 
    0x06, 0x02, 0x2b, 0x01, 0x36, 0x35, 0x34, 0x27, 0x26, 0x23, 0x22, 0x07, 
    0x06, 0x07, 0x06, 0x0f, 0x01, 0x14, 0x17, 0x16, 0x33, 0x32, 0x37, 0x36, 
    0x27, 0x06, 0x07, 0x06, 0x23, 0x22, 0x35, 0x36, 0x33, 0x32, 0x15, 0x07, 
    0x05, 0x07, 0x21, 0x37, 0x01, 0xcd, 0x06, 0x23, 0x23, 0x39, 0x29, 0x27, 
    0x27, 0x1f, 0x20, 0x0d, 0x06, 0x26, 0x26, 0x35, 0x42, 0x37, 0x38, 0x32, 
    0x07, 0x1d, 0x1b, 0x35, 0x48, 0x12, 0x67, 0x46, 0x01, 0xfe, 0xe0, 0x09, 
    0x01, 0x28, 0x0a, 0x02, 0x3a, 0x1e, 0x17, 0x3e, 0x1a, 0x19, 0x0f, 0x0f, 
    0x25, 0x25, 0x3e, 0x31, 0x3b, 0x1d, 0x1d, 0x27, 0x27, 0x58, 0x2b, 0x23, 
    0x23, 0x4a, 0x9b, 0x4d, 0x14, 0xed, 0x31, 0x31, 0x00, 0x02, 0x00, 0x77, 
    0x00, 0x6b, 0x02, 0x09, 0x01, 0xbd, 0x00, 0x06, 0x00, 0x0d, 0x00, 0x23, 
    0xb0, 0x09, 0x1f, 0x01, 0xb3, 0x00, 0x04, 0x02, 0x04, 0x2b, 0xb3, 0x00, 
    0x0b, 0x09, 0x04, 0x2b, 0x31, 0xb0, 0x09, 0x1f, 0x00, 0x40, 0x0a, 0x00, 
    0x05, 0x01, 0x00, 0x09, 0x01, 0x00, 0x0c, 0x02, 0x00, 0x2b, 0x30, 0x01, 
    0x0f, 0x01, 0x3f, 0x01, 0x27, 0x07, 0x05, 0x0f, 0x01, 0x3f, 0x01, 0x27, 
    0x07, 0x01, 0x04, 0x79, 0x14, 0xb8, 0x13, 0x83, 0x13, 0x01, 0x21, 0x7b, 
    0x12, 0xb8, 0x11, 0x80, 0x14, 0x01, 0x15, 0x52, 0x58, 0x7b, 0x5c, 0x7b, 
    0x58, 0x50, 0x52, 0x58, 0x7b, 0x5c, 0x7b, 0x58, 0x00, 0x04, 0x00, 0x94, 
    0xff, 0xec, 0x03, 0x23, 0x02, 0xbf, 0x00, 0x0a, 0x00, 0x0d, 0x00, 0x11, 
    0x00, 0x1f, 0x00, 0x71, 0xb0, 0x09, 0x1f, 0x01, 0x40, 0x0b, 0x05, 0x08, 
    0x02, 0x00, 0x0a, 0x01, 0x00, 0x00, 0x06, 0x00, 0x00, 0x2b, 0xb3, 0x00, 
    0x0e, 0x10, 0x04, 0x2b, 0x40, 0x09, 0x00, 0x00, 0x1e, 0x01, 0x00, 0x00, 
    0x15, 0x1f, 0x00, 0x2b, 0x31, 0xb6, 0x0b, 0x0d, 0x0c, 0x03, 0x06, 0x00, 
    0x02, 0x2b, 0xb0, 0x09, 0x1f, 0x00, 0x40, 0x0e, 0x00, 0x06, 0x07, 0x0c, 
    0x03, 0x00, 0x01, 0x04, 0x05, 0x03, 0x0c, 0x0b, 0x00, 0x00, 0x2b, 0xb5, 
    0x00, 0x01, 0x03, 0x01, 0x02, 0x00, 0x3f, 0x17, 0x3c, 0x2a, 0xb7, 0x0e, 
    0x0f, 0x02, 0x01, 0x11, 0x01, 0x10, 0x00, 0x3f, 0x17, 0x3c, 0x2a, 0x40, 
    0x09, 0x00, 0x1f, 0x01, 0x00, 0x00, 0x00, 0x12, 0x1e, 0x00, 0x2b, 0x30, 
    0xb6, 0x0d, 0x09, 0x08, 0x03, 0x10, 0x0e, 0x02, 0x2b, 0x25, 0x33, 0x07, 
    0x33, 0x37, 0x33, 0x37, 0x23, 0x13, 0x23, 0x01, 0x17, 0x23, 0x37, 0x13, 
    0x23, 0x01, 0x33, 0x13, 0x03, 0x33, 0x13, 0x23, 0x06, 0x07, 0x06, 0x07, 
    0x06, 0x07, 0x06, 0x23, 0x07, 0x01, 0xb7, 0xce, 0x14, 0x40, 0x14, 0x42, 
    0x0c, 0x42, 0x3a, 0x40, 0xfe, 0xf8, 0xcd, 0x8e, 0xb7, 0x6a, 0x3b, 0xfd, 
    0xac, 0x3b, 0x60, 0x3f, 0x45, 0x59, 0x36, 0x0e, 0x12, 0x12, 0x15, 0x13, 
    0x0f, 0x10, 0x12, 0x0a, 0x5e, 0x5e, 0x5e, 0x38, 0x01, 0x10, 0xfe, 0xf4, 
    0x04, 0xbc, 0x01, 0x6d, 0xfd, 0x2d, 0x02, 0x58, 0xfe, 0xd5, 0x01, 0xa6, 
    0x20, 0x12, 0x10, 0x05, 0x05, 0x02, 0x02, 0x2b, 0x00, 0x03, 0x00, 0x71, 
    0xff, 0xec, 0x03, 0x46, 0x02, 0xbf, 0x00, 0x03, 0x00, 0x13, 0x00, 0x39, 
    0x00, 0x59, 0xb0, 0x09, 0x1f, 0x01, 0xb3, 0x00, 0x00, 0x02, 0x04, 0x2b, 
    0x40, 0x09, 0x00, 0x00, 0x12, 0x01, 0x00, 0x00, 0x07, 0x13, 0x00, 0x2b, 
    0x40, 0x0a, 0x00, 0x00, 0x1e, 0x28, 0x02, 0x00, 0x18, 0x31, 0x1c, 0x00, 
    0x2b, 0x31, 0xb0, 0x09, 0x1f, 0x00, 0xb7, 0x00, 0x01, 0x02, 0x01, 0x03, 
    0x01, 0x02, 0x00, 0x3f, 0x17, 0x3c, 0x2a, 0x40, 0x09, 0x00, 0x13, 0x01, 
    0x00, 0x00, 0x0c, 0x04, 0x12, 0x00, 0x2b, 0xb3, 0x0c, 0x1a, 0x35, 0x04, 
    0x2b, 0xb1, 0x00, 0x0c, 0x42, 0xb7, 0x29, 0x2a, 0x02, 0x07, 0x28, 0x01, 
    0x27, 0x00, 0x3f, 0x17, 0x3c, 0x2a, 0x30, 0x01, 0x23, 0x01, 0x33, 0x13, 
    0x03, 0x33, 0x13, 0x23, 0x06, 0x07, 0x06, 0x07, 0x06, 0x07, 0x06, 0x07, 
    0x06, 0x23, 0x07, 0x01, 0x36, 0x37, 0x36, 0x37, 0x36, 0x33, 0x32, 0x15, 
    0x14, 0x07, 0x06, 0x07, 0x06, 0x0f, 0x01, 0x06, 0x07, 0x06, 0x07, 0x21, 
    0x37, 0x23, 0x36, 0x3f, 0x01, 0x36, 0x37, 0x36, 0x35, 0x34, 0x27, 0x26, 
    0x23, 0x22, 0x07, 0x06, 0x07, 0x02, 0xfe, 0x39, 0xfd, 0xac, 0x39, 0x67, 
    0x3e, 0x46, 0x5a, 0x39, 0x0c, 0x13, 0x13, 0x14, 0x05, 0x0a, 0x0f, 0x05, 
    0x12, 0x11, 0x08, 0x01, 0xa4, 0x0a, 0x07, 0x09, 0x17, 0x16, 0x26, 0x49, 
    0x0f, 0x10, 0x14, 0x1a, 0x1f, 0x42, 0x37, 0x21, 0x24, 0x11, 0x01, 0x40, 
    0x0c, 0xf4, 0x22, 0x3e, 0x33, 0x43, 0x2b, 0x28, 0x21, 0x21, 0x37, 0x3c, 
    0x37, 0x38, 0x13, 0x02, 0xbf, 0xfd, 0x2d, 0x02, 0x54, 0xfe, 0xd9, 0x01, 
    0xa6, 0x1e, 0x13, 0x12, 0x04, 0x01, 0x02, 0x03, 0x01, 0x02, 0x2f, 0xfe, 
    0xce, 0x1c, 0x0d, 0x13, 0x11, 0x10, 0x31, 0x1c, 0x17, 0x13, 0x0e, 0x11, 
    0x0e, 0x21, 0x1b, 0x25, 0x27, 0x3f, 0x3d, 0x28, 0x1e, 0x17, 0x1e, 0x28, 
    0x25, 0x3b, 0x30, 0x1b, 0x1b, 0x1f, 0x20, 0x59, 0x00, 0x04, 0x00, 0x81, 
    0xff, 0xec, 0x03, 0x5d, 0x02, 0xbf, 0x00, 0x0a, 0x00, 0x0d, 0x00, 0x11, 
    0x00, 0x46, 0x00, 0x93, 0xb0, 0x09, 0x1f, 0x01, 0x40, 0x0b, 0x05, 0x08, 
    0x02, 0x00, 0x0a, 0x01, 0x00, 0x00, 0x06, 0x00, 0x00, 0x2b, 0xb3, 0x00, 
    0x0e, 0x10, 0x04, 0x2b, 0x40, 0x0b, 0x10, 0x46, 0x02, 0x00, 0x12, 0x01, 
    0x00, 0x18, 0x45, 0x13, 0x00, 0x2b, 0x40, 0x0a, 0x00, 0x21, 0x01, 0x1f, 
    0x01, 0x00, 0x18, 0x1d, 0x3d, 0x00, 0x2b, 0xb3, 0x18, 0x23, 0x32, 0x04, 
    0x2b, 0x31, 0xb6, 0x0b, 0x0d, 0x0c, 0x03, 0x06, 0x00, 0x02, 0x2b, 0xb0, 
    0x09, 0x1f, 0x00, 0x40, 0x0e, 0x00, 0x06, 0x07, 0x0c, 0x03, 0x00, 0x01, 
    0x04, 0x05, 0x03, 0x0c, 0x0d, 0x00, 0x00, 0x2b, 0xb5, 0x00, 0x01, 0x03, 
    0x01, 0x02, 0x00, 0x3f, 0x17, 0x3c, 0x2a, 0xb7, 0x0e, 0x0f, 0x02, 0x01, 
    0x11, 0x01, 0x10, 0x00, 0x3f, 0x17, 0x3c, 0x2a, 0xb3, 0x0c, 0x17, 0x41, 
    0x04, 0x2b, 0xb3, 0x0c, 0x27, 0x30, 0x04, 0x2b, 0x40, 0x0a, 0x00, 0x38, 
    0x01, 0x00, 0x37, 0x01, 0x0c, 0x39, 0x36, 0x00, 0x2b, 0x30, 0xb6, 0x0b, 
    0x09, 0x08, 0x03, 0x10, 0x0e, 0x02, 0x2b, 0x25, 0x33, 0x07, 0x33, 0x37, 
    0x33, 0x37, 0x23, 0x13, 0x23, 0x01, 0x37, 0x07, 0x23, 0x01, 0x23, 0x01, 
    0x33, 0x03, 0x07, 0x14, 0x17, 0x16, 0x33, 0x32, 0x37, 0x36, 0x37, 0x36, 
    0x35, 0x34, 0x27, 0x36, 0x37, 0x36, 0x35, 0x34, 0x27, 0x26, 0x23, 0x22, 
    0x07, 0x06, 0x07, 0x06, 0x07, 0x33, 0x36, 0x33, 0x32, 0x15, 0x14, 0x07, 
    0x06, 0x2b, 0x01, 0x07, 0x33, 0x32, 0x17, 0x16, 0x15, 0x14, 0x07, 0x06, 
    0x23, 0x22, 0x27, 0x26, 0x35, 0x37, 0x01, 0xec, 0xcf, 0x13, 0x3e, 0x16, 
    0x42, 0x0c, 0x43, 0x39, 0x3e, 0xfe, 0xf8, 0xf6, 0x29, 0x91, 0x01, 0x27, 
    0x38, 0xfd, 0xac, 0x39, 0x87, 0x02, 0x23, 0x23, 0x37, 0x32, 0x2d, 0x2e, 
    0x1d, 0x1d, 0x39, 0x23, 0x16, 0x16, 0x1f, 0x1f, 0x3a, 0x37, 0x27, 0x27, 
    0x12, 0x15, 0x07, 0x3c, 0x16, 0x4c, 0x44, 0x1c, 0x1d, 0x26, 0x1c, 0x0b, 
    0x17, 0x28, 0x19, 0x19, 0x22, 0x23, 0x2c, 0x28, 0x0f, 0x10, 0x02, 0x5e, 
    0x5e, 0x5e, 0x38, 0x01, 0x10, 0xfe, 0xf4, 0xb8, 0xbc, 0x02, 0x29, 0xfd, 
    0x2d, 0x01, 0xae, 0x19, 0x39, 0x1d, 0x1d, 0x13, 0x14, 0x23, 0x26, 0x30, 
    0x38, 0x10, 0x0e, 0x1d, 0x1c, 0x26, 0x2b, 0x19, 0x18, 0x15, 0x15, 0x1e, 
    0x20, 0x23, 0x51, 0x2d, 0x28, 0x13, 0x14, 0x32, 0x09, 0x09, 0x23, 0x2d, 
    0x16, 0x17, 0x11, 0x10, 0x1a, 0x17, 0x26, 0x16, 0x00, 0x02, 0x00, 0x54, 
    0xff, 0x36, 0x02, 0x15, 0x02, 0x0d, 0x00, 0x2b, 0x00, 0x2f, 0x00, 0x51, 
    0xb0, 0x09, 0x1f, 0x01, 0x40, 0x0c, 0x10, 0x01, 0x00, 0x08, 0x09, 0x0c, 
    0x03, 0x00, 0x18, 0x22, 0x0a, 0x00, 0x2b, 0x40, 0x0b, 0x17, 0x01, 0x00, 
    0x00, 0x27, 0x02, 0x00, 0x18, 0x2f, 0x2d, 0x00, 0x2b, 0x31, 0xb0, 0x09, 
    0x1f, 0x00, 0x40, 0x0a, 0x00, 0x2b, 0x01, 0x00, 0x1a, 0x01, 0x00, 0x00, 
    0x19, 0x00, 0x2b, 0x40, 0x09, 0x00, 0x00, 0x00, 0x13, 0x01, 0x0c, 0x1e, 
    0x12, 0x00, 0x2b, 0xb1, 0x00, 0x0c, 0x42, 0xb7, 0x2d, 0x2e, 0x02, 0x07, 
    0x2f, 0x01, 0x2c, 0x02, 0x3f, 0x17, 0x3c, 0x2a, 0x30, 0x01, 0x06, 0x07, 
    0x06, 0x07, 0x06, 0x07, 0x06, 0x0f, 0x02, 0x14, 0x17, 0x16, 0x17, 0x16, 
    0x17, 0x16, 0x33, 0x37, 0x36, 0x37, 0x36, 0x37, 0x36, 0x37, 0x23, 0x06, 
    0x07, 0x06, 0x23, 0x22, 0x27, 0x26, 0x35, 0x34, 0x3f, 0x01, 0x36, 0x37, 
    0x36, 0x37, 0x36, 0x37, 0x27, 0x07, 0x33, 0x37, 0x01, 0x58, 0x09, 0x1e, 
    0x1d, 0x39, 0x37, 0x1f, 0x1e, 0x0d, 0x04, 0x02, 0x06, 0x06, 0x0c, 0x17, 
    0x27, 0x26, 0x31, 0x18, 0x38, 0x33, 0x32, 0x28, 0x27, 0x10, 0x56, 0x13, 
    0x2c, 0x2c, 0x35, 0x30, 0x1e, 0x1f, 0x46, 0x39, 0x1f, 0x1d, 0x16, 0x12, 
    0x15, 0x08, 0x39, 0x16, 0x60, 0x18, 0x01, 0x56, 0x40, 0x25, 0x26, 0x2b, 
    0x2b, 0x1f, 0x21, 0x35, 0x1c, 0x13, 0x1a, 0x13, 0x14, 0x13, 0x24, 0x11, 
    0x12, 0x01, 0x06, 0x18, 0x18, 0x32, 0x33, 0x4f, 0x53, 0x25, 0x26, 0x18, 
    0x16, 0x2a, 0x3c, 0x43, 0x32, 0x1b, 0x1d, 0x16, 0x23, 0x27, 0x32, 0xb7, 
    0x67, 0x67, 0x27, 0x26, 0x00, 0x03, 0x00, 0x0e, 0x00, 0x00, 0x02, 0x8e, 
    0x03, 0xa5, 0x00, 0x07, 0x00, 0x0a, 0x00, 0x0e, 0x00, 0x58, 0xb0, 0x09, 
    0x1f, 0x01, 0xb3, 0x00, 0x05, 0x00, 0x04, 0x2b, 0xb3, 0x00, 0x0c, 0x0e, 
    0x04, 0x2b, 0x31, 0xb6, 0x08, 0x0a, 0x09, 0x03, 0x05, 0x00, 0x02, 0x2b, 
    0xb0, 0x09, 0x1f, 0x00, 0xb7, 0x00, 0x01, 0x01, 0x04, 0x05, 0x03, 0x00, 
    0x00, 0x3f, 0x17, 0x3c, 0x2a, 0x40, 0x0a, 0x00, 0x0a, 0x01, 0x00, 0x03, 
    0x01, 0x0c, 0x08, 0x02, 0x00, 0x2b, 0xb5, 0x00, 0x01, 0x07, 0x01, 0x06, 
    0x01, 0x3f, 0x17, 0x3c, 0x2a, 0x40, 0x0a, 0x00, 0x0c, 0x01, 0x00, 0x0e, 
    0x01, 0x00, 0x0b, 0x0d, 0x00, 0x2b, 0x30, 0xb4, 0x09, 0x01, 0x02, 0x06, 
    0x02, 0x2b, 0x37, 0x33, 0x37, 0x21, 0x17, 0x33, 0x03, 0x23, 0x03, 0x1b, 
    0x01, 0x03, 0x33, 0x27, 0x23, 0x0e, 0x63, 0x77, 0x01, 0x21, 0x1c, 0x69, 
    0x6b, 0x6d, 0x9d, 0xba, 0x27, 0x25, 0x42, 0x3b, 0x6b, 0x00, 0xd1, 0xd1, 
    0x02, 0xcf, 0xfe, 0x58, 0x01, 0x3c, 0xfe, 0xc4, 0x01, 0xf2, 0x8c, 0x1f, 
    0x00, 0x03, 0x00, 0x0e, 0x00, 0x00, 0x02, 0xb4, 0x03, 0xa5, 0x00, 0x07, 
    0x00, 0x0a, 0x00, 0x0e, 0x00, 0x58, 0xb0, 0x09, 0x1f, 0x01, 0xb3, 0x00, 
    0x05, 0x00, 0x04, 0x2b, 0xb3, 0x00, 0x0e, 0x0c, 0x04, 0x2b, 0x31, 0xb6, 
    0x08, 0x0a, 0x09, 0x03, 0x05, 0x00, 0x02, 0x2b, 0xb0, 0x09, 0x1f, 0x00, 
    0xb7, 0x00, 0x01, 0x01, 0x04, 0x05, 0x03, 0x00, 0x00, 0x3f, 0x17, 0x3c, 
    0x2a, 0x40, 0x0a, 0x00, 0x0a, 0x01, 0x00, 0x03, 0x01, 0x0c, 0x08, 0x02, 
    0x00, 0x2b, 0xb5, 0x00, 0x01, 0x07, 0x01, 0x06, 0x01, 0x3f, 0x17, 0x3c, 
    0x2a, 0x40, 0x0a, 0x00, 0x0e, 0x01, 0x00, 0x0d, 0x01, 0x00, 0x0b, 0x0c, 
    0x00, 0x2b, 0x30, 0xb4, 0x09, 0x01, 0x02, 0x06, 0x02, 0x2b, 0x37, 0x33, 
    0x37, 0x21, 0x17, 0x33, 0x03, 0x23, 0x03, 0x1b, 0x02, 0x07, 0x33, 0x37, 
    0x0e, 0x63, 0x77, 0x01, 0x21, 0x1c, 0x69, 0x6b, 0x6d, 0x9d, 0xba, 0x27, 
    0x4e, 0x77, 0x42, 0xa1, 0x00, 0xd1, 0xd1, 0x02, 0xcf, 0xfe, 0x58, 0x01, 
    0x3c, 0xfe, 0xc4, 0x02, 0x7e, 0x8c, 0x8c, 0x1f, 0x00, 0x03, 0x00, 0x0e, 
    0x00, 0x00, 0x02, 0x8f, 0x03, 0xa5, 0x00, 0x07, 0x00, 0x0a, 0x00, 0x11, 
    0x00, 0x5a, 0xb0, 0x09, 0x1f, 0x01, 0xb3, 0x00, 0x05, 0x00, 0x04, 0x2b, 
    0xb3, 0x00, 0x0d, 0x10, 0x04, 0x2b, 0x31, 0xb6, 0x08, 0x0a, 0x09, 0x03, 
    0x05, 0x00, 0x02, 0x2b, 0xb0, 0x09, 0x1f, 0x00, 0xb7, 0x00, 0x01, 0x01, 
    0x04, 0x05, 0x03, 0x00, 0x00, 0x3f, 0x17, 0x3c, 0x2a, 0x40, 0x0a, 0x00, 
    0x0a, 0x01, 0x00, 0x03, 0x01, 0x0c, 0x08, 0x02, 0x00, 0x2b, 0xb5, 0x00, 
    0x01, 0x07, 0x01, 0x06, 0x01, 0x3f, 0x17, 0x3c, 0x2a, 0x40, 0x0c, 0x00, 
    0x0c, 0x0d, 0x10, 0x03, 0x00, 0x0f, 0x01, 0x00, 0x11, 0x0e, 0x00, 0x2b, 
    0x30, 0xb4, 0x09, 0x01, 0x02, 0x06, 0x02, 0x2b, 0x37, 0x33, 0x37, 0x21, 
    0x17, 0x33, 0x03, 0x23, 0x03, 0x1b, 0x02, 0x17, 0x33, 0x27, 0x23, 0x07, 
    0x33, 0x0e, 0x63, 0x77, 0x01, 0x21, 0x1c, 0x69, 0x6b, 0x6d, 0x9d, 0xba, 
    0x27, 0x16, 0x2e, 0x51, 0x45, 0x5e, 0x81, 0x4f, 0x00, 0xd1, 0xd1, 0x02, 
    0xcf, 0xfe, 0x58, 0x01, 0x3c, 0xfe, 0xc4, 0x02, 0x4e, 0x5e, 0x8e, 0x8e, 
    0x00, 0x03, 0x00, 0x0e, 0x00, 0x00, 0x02, 0xc3, 0x03, 0x9a, 0x00, 0x07, 
    0x00, 0x0a, 0x00, 0x26, 0x00, 0x5d, 0xb0, 0x09, 0x1f, 0x01, 0x40, 0x09, 
    0x0b, 0x01, 0x00, 0x00, 0x00, 0x00, 0x05, 0x00, 0x00, 0x2b, 0xb3, 0x00, 
    0x26, 0x1a, 0x04, 0x2b, 0x31, 0xb6, 0x08, 0x0a, 0x09, 0x03, 0x05, 0x00, 
    0x02, 0x2b, 0xb0, 0x09, 0x1f, 0x00, 0xb7, 0x00, 0x01, 0x01, 0x04, 0x05, 
    0x03, 0x00, 0x00, 0x3f, 0x17, 0x3c, 0x2a, 0x40, 0x0a, 0x00, 0x0a, 0x01, 
    0x00, 0x03, 0x01, 0x0c, 0x08, 0x02, 0x00, 0x2b, 0xb5, 0x00, 0x01, 0x07, 
    0x01, 0x06, 0x01, 0x3f, 0x17, 0x3c, 0x2a, 0xb3, 0x0c, 0x0f, 0x24, 0x04, 
    0x2b, 0xb3, 0x0c, 0x14, 0x1f, 0x04, 0x2b, 0x30, 0xb4, 0x09, 0x01, 0x02, 
    0x06, 0x02, 0x2b, 0x37, 0x33, 0x37, 0x21, 0x17, 0x33, 0x03, 0x23, 0x03, 
    0x1b, 0x02, 0x06, 0x07, 0x06, 0x23, 0x26, 0x2f, 0x01, 0x26, 0x23, 0x22, 
    0x07, 0x06, 0x07, 0x06, 0x07, 0x33, 0x36, 0x37, 0x36, 0x33, 0x32, 0x1f, 
    0x01, 0x16, 0x17, 0x32, 0x37, 0x0e, 0x63, 0x77, 0x01, 0x21, 0x1c, 0x69, 
    0x6b, 0x6d, 0x9d, 0xba, 0x27, 0x96, 0x04, 0x0f, 0x10, 0x15, 0x13, 0x12, 
    0x2b, 0x1b, 0x1c, 0x1c, 0x17, 0x18, 0x12, 0x14, 0x0a, 0x2f, 0x0a, 0x0d, 
    0x0b, 0x17, 0x09, 0x14, 0x37, 0x12, 0x26, 0x50, 0x29, 0x00, 0xd1, 0xd1, 
    0x02, 0xcf, 0xfe, 0x58, 0x01, 0x3c, 0xfe, 0xc4, 0x02, 0x73, 0x14, 0x0f, 
    0x0e, 0x03, 0x07, 0x13, 0x0c, 0x0d, 0x0d, 0x1a, 0x1a, 0x20, 0x14, 0x0d, 
    0x0c, 0x05, 0x14, 0x07, 0x05, 0x6e, 0x3c, 0x43, 0x00, 0x04, 0x00, 0x0e, 
    0x00, 0x00, 0x02, 0x94, 0x03, 0x8a, 0x00, 0x07, 0x00, 0x0a, 0x00, 0x0e, 
    0x00, 0x12, 0x00, 0x62, 0xb0, 0x09, 0x1f, 0x01, 0xb3, 0x00, 0x05, 0x00, 
    0x04, 0x2b, 0xb3, 0x18, 0x0e, 0x0c, 0x04, 0x2b, 0xb3, 0x18, 0x12, 0x10, 
    0x04, 0x2b, 0x31, 0xb6, 0x08, 0x0a, 0x09, 0x03, 0x05, 0x00, 0x02, 0x2b, 
    0xb0, 0x09, 0x1f, 0x00, 0xb7, 0x00, 0x01, 0x01, 0x04, 0x05, 0x03, 0x00, 
    0x00, 0x3f, 0x17, 0x3c, 0x2a, 0x40, 0x0a, 0x00, 0x0a, 0x01, 0x00, 0x03, 
    0x01, 0x0c, 0x08, 0x02, 0x00, 0x2b, 0xb5, 0x00, 0x01, 0x07, 0x01, 0x06, 
    0x01, 0x3f, 0x17, 0x3c, 0x2a, 0x40, 0x0e, 0x00, 0x0b, 0x0e, 0x12, 0x03, 
    0x00, 0x0d, 0x10, 0x11, 0x03, 0x0c, 0x0f, 0x0c, 0x00, 0x2b, 0x30, 0xb4, 
    0x09, 0x01, 0x02, 0x06, 0x02, 0x2b, 0x37, 0x33, 0x37, 0x21, 0x17, 0x33, 
    0x03, 0x23, 0x03, 0x1b, 0x01, 0x03, 0x07, 0x33, 0x37, 0x33, 0x07, 0x33, 
    0x37, 0x0e, 0x63, 0x77, 0x01, 0x21, 0x1c, 0x69, 0x6b, 0x6d, 0x9d, 0xba, 
    0x27, 0x62, 0x17, 0x5c, 0x15, 0x49, 0x16, 0x5a, 0x15, 0x00, 0xd1, 0xd1, 
    0x02, 0xcf, 0xfe, 0x58, 0x01, 0x3c, 0xfe, 0xc4, 0x02, 0x63, 0x66, 0x66, 
    0x66, 0x66, 0x12, 0x14, 0x00, 0x04, 0x00, 0x0e, 0x00, 0x00, 0x02, 0x8e, 
    0x03, 0xb9, 0x00, 0x07, 0x00, 0x0a, 0x00, 0x1c, 0x00, 0x2c, 0x00, 0x71, 
    0xb0, 0x09, 0x1f, 0x01, 0xb3, 0x00, 0x05, 0x00, 0x04, 0x2b, 0x40, 0x09, 
    0x00, 0x00, 0x21, 0x01, 0x00, 0x00, 0x17, 0x23, 0x00, 0x2b, 0x31, 0xb6, 
    0x08, 0x0a, 0x09, 0x03, 0x05, 0x00, 0x02, 0x2b, 0x40, 0x0a, 0x1d, 0x2b, 
    0x29, 0x27, 0x25, 0x1f, 0x06, 0x00, 0x05, 0x02, 0x2b, 0xb0, 0x09, 0x1f, 
    0x00, 0xb7, 0x00, 0x01, 0x01, 0x04, 0x05, 0x03, 0x00, 0x00, 0x3f, 0x17, 
    0x3c, 0x2a, 0x40, 0x0a, 0x00, 0x0a, 0x01, 0x00, 0x03, 0x01, 0x0c, 0x08, 
    0x02, 0x00, 0x2b, 0xb5, 0x00, 0x01, 0x07, 0x01, 0x06, 0x01, 0x3f, 0x17, 
    0x3c, 0x2a, 0xb3, 0x00, 0x1b, 0x1f, 0x04, 0x2b, 0x30, 0xb4, 0x09, 0x01, 
    0x02, 0x06, 0x02, 0x2b, 0x40, 0x0a, 0x1d, 0x2b, 0x29, 0x27, 0x25, 0x23, 
    0x06, 0x00, 0x1b, 0x02, 0x2b, 0x37, 0x33, 0x37, 0x21, 0x17, 0x33, 0x03, 
    0x23, 0x03, 0x1b, 0x01, 0x03, 0x06, 0x07, 0x14, 0x17, 0x32, 0x37, 0x36, 
    0x37, 0x36, 0x37, 0x36, 0x35, 0x34, 0x27, 0x26, 0x23, 0x22, 0x17, 0x36, 
    0x33, 0x32, 0x17, 0x16, 0x15, 0x14, 0x07, 0x06, 0x07, 0x26, 0x27, 0x26, 
    0x27, 0x36, 0x0e, 0x63, 0x77, 0x01, 0x21, 0x1c, 0x69, 0x6b, 0x6d, 0x9d, 
    0xba, 0x27, 0x35, 0x16, 0x03, 0x50, 0x0b, 0x11, 0x0c, 0x0e, 0x17, 0x11, 
    0x0f, 0x14, 0x15, 0x21, 0x37, 0x02, 0x14, 0x17, 0x14, 0x0c, 0x0b, 0x13, 
    0x14, 0x17, 0x12, 0x0b, 0x0b, 0x03, 0x05, 0x00, 0xd1, 0xd1, 0x02, 0xcf, 
    0xfe, 0x58, 0x01, 0x3c, 0xfe, 0xc4, 0x02, 0x63, 0x1c, 0x24, 0x3f, 0x08, 
    0x05, 0x04, 0x07, 0x0d, 0x19, 0x18, 0x1e, 0x21, 0x15, 0x14, 0x3b, 0x14, 
    0x0c, 0x0d, 0x12, 0x19, 0x10, 0x11, 0x03, 0x03, 0x09, 0x08, 0x15, 0x1e, 
    0x00, 0x02, 0x00, 0x07, 0x00, 0x00, 0x04, 0x4a, 0x02, 0xcf, 0x00, 0x0f, 
    0x00, 0x13, 0x00, 0x55, 0xb0, 0x09, 0x1f, 0x01, 0xb3, 0x00, 0x0c, 0x0e, 
    0x04, 0x2b, 0x31, 0xb0, 0x09, 0x1f, 0x00, 0x40, 0x0a, 0x00, 0x11, 0x01, 
    0x00, 0x01, 0x01, 0x0c, 0x10, 0x00, 0x00, 0x2b, 0xb1, 0x00, 0x0c, 0x42, 
    0x40, 0x0c, 0x04, 0x05, 0x0a, 0x13, 0x04, 0x07, 0x03, 0x0e, 0x0f, 0x03, 
    0x02, 0x00, 0x3f, 0x17, 0x3c, 0x2a, 0x40, 0x0a, 0x00, 0x08, 0x01, 0x00, 
    0x07, 0x01, 0x0c, 0x09, 0x06, 0x00, 0x2b, 0xb1, 0x02, 0x00, 0x3f, 0xb1, 
    0x00, 0x0c, 0x42, 0xb7, 0x0b, 0x12, 0x02, 0x07, 0x0d, 0x01, 0x0c, 0x01, 
    0x3f, 0x17, 0x3c, 0x2a, 0x30, 0x37, 0x21, 0x07, 0x21, 0x37, 0x21, 0x37, 
    0x21, 0x37, 0x21, 0x37, 0x21, 0x37, 0x21, 0x01, 0x33, 0x01, 0x23, 0x13, 
    0x33, 0xeb, 0x01, 0x09, 0x2b, 0x01, 0xee, 0x12, 0xfe, 0x72, 0x34, 0x01, 
    0x64, 0x13, 0xfe, 0x9d, 0x2d, 0x01, 0x86, 0x14, 0xfd, 0x7b, 0xfe, 0x42, 
    0x6a, 0x01, 0x97, 0xe7, 0xcd, 0x61, 0xd1, 0xd1, 0x56, 0xf0, 0x56, 0xdb, 
    0x58, 0xfd, 0x31, 0x01, 0x27, 0x01, 0x50, 0x36, 0x00, 0x01, 0x00, 0x6b, 
    0xff, 0x1d, 0x03, 0x0d, 0x02, 0xe0, 0x00, 0x49, 0x00, 0x52, 0xb0, 0x09, 
    0x1f, 0x01, 0xb3, 0x18, 0x12, 0x05, 0x04, 0x2b, 0x40, 0x0a, 0x00, 0x00, 
    0x44, 0x45, 0x02, 0x00, 0x18, 0x2b, 0x46, 0x00, 0x2b, 0xb3, 0x18, 0x3a, 
    0x39, 0x04, 0x2b, 0x31, 0xb0, 0x09, 0x1f, 0x00, 0xb3, 0x00, 0x03, 0x27, 
    0x04, 0x2b, 0xb3, 0x0c, 0x09, 0x0e, 0x04, 0x2b, 0xb3, 0x00, 0x16, 0x18, 
    0x04, 0x2b, 0x40, 0x0b, 0x00, 0x39, 0x42, 0x02, 0x00, 0x21, 0x01, 0x00, 
    0x3a, 0x20, 0x00, 0x2b, 0xb1, 0x00, 0x0c, 0x42, 0xb5, 0x35, 0x01, 0x07, 
    0x00, 0x3c, 0x01, 0x3f, 0x17, 0x3c, 0x2a, 0x30, 0x05, 0x07, 0x17, 0x37, 
    0x16, 0x15, 0x14, 0x07, 0x06, 0x23, 0x22, 0x27, 0x07, 0x16, 0x33, 0x32, 
    0x37, 0x36, 0x35, 0x34, 0x27, 0x26, 0x23, 0x07, 0x37, 0x32, 0x37, 0x36, 
    0x37, 0x36, 0x37, 0x36, 0x37, 0x23, 0x06, 0x07, 0x06, 0x07, 0x06, 0x23, 
    0x22, 0x27, 0x26, 0x35, 0x36, 0x37, 0x36, 0x37, 0x36, 0x37, 0x36, 0x37, 
    0x36, 0x33, 0x32, 0x17, 0x16, 0x15, 0x33, 0x34, 0x23, 0x22, 0x07, 0x06, 
    0x07, 0x06, 0x07, 0x06, 0x0f, 0x02, 0x14, 0x17, 0x16, 0x01, 0x42, 0x42, 
    0x0e, 0x23, 0x2d, 0x16, 0x17, 0x16, 0x1c, 0x22, 0x18, 0x35, 0x2b, 0x32, 
    0x2a, 0x29, 0x12, 0x14, 0x1d, 0x21, 0x29, 0x37, 0x31, 0x32, 0x28, 0x4e, 
    0x26, 0x28, 0x13, 0x5d, 0x1b, 0x2e, 0x2e, 0x30, 0x31, 0x28, 0x5a, 0x2d, 
    0x2d, 0x06, 0x15, 0x14, 0x25, 0x16, 0x15, 0x15, 0x1c, 0x37, 0x48, 0x4a, 
    0x34, 0x34, 0x5d, 0xfc, 0x41, 0x45, 0x46, 0x3b, 0x3b, 0x29, 0x29, 0x0c, 
    0x03, 0x03, 0x3a, 0x3b, 0x12, 0x44, 0x13, 0x07, 0x05, 0x18, 0x18, 0x0d, 
    0x0e, 0x0e, 0x27, 0x18, 0x1e, 0x1e, 0x30, 0x1b, 0x12, 0x11, 0x06, 0x2b, 
    0x0f, 0x10, 0x18, 0x2e, 0x3c, 0x39, 0x42, 0x4e, 0x2b, 0x2b, 0x11, 0x11, 
    0x39, 0x38, 0x57, 0x41, 0x45, 0x46, 0x37, 0x21, 0x13, 0x15, 0x12, 0x22, 
    0x1e, 0x1e, 0x58, 0xea, 0x1b, 0x1b, 0x34, 0x34, 0x4d, 0x4e, 0x5d, 0x28, 
    0x26, 0x83, 0x40, 0x41, 0x00, 0x02, 0x00, 0x56, 0x00, 0x00, 0x02, 0xfa, 
    0x03, 0xa1, 0x00, 0x0b, 0x00, 0x0f, 0x00, 0x52, 0xb0, 0x09, 0x1f, 0x01, 
    0xb3, 0x00, 0x0a, 0x00, 0x04, 0x2b, 0xb3, 0x00, 0x0d, 0x0f, 0x04, 0x2b, 
    0x31, 0xb0, 0x09, 0x1f, 0x00, 0xb1, 0x00, 0x0c, 0x42, 0xb7, 0x02, 0x03, 
    0x02, 0x07, 0x01, 0x01, 0x00, 0x00, 0x3f, 0x17, 0x3c, 0x2a, 0x40, 0x0a, 
    0x00, 0x06, 0x01, 0x00, 0x05, 0x01, 0x0c, 0x07, 0x04, 0x00, 0x2b, 0xb1, 
    0x00, 0x0c, 0x42, 0xb7, 0x08, 0x09, 0x02, 0x07, 0x0b, 0x01, 0x0a, 0x01, 
    0x3f, 0x17, 0x3c, 0x2a, 0x40, 0x0a, 0x00, 0x0d, 0x01, 0x00, 0x0f, 0x01, 
    0x00, 0x0c, 0x0e, 0x00, 0x2b, 0x30, 0x37, 0x21, 0x37, 0x21, 0x37, 0x21, 
    0x37, 0x21, 0x37, 0x21, 0x37, 0x21, 0x37, 0x33, 0x27, 0x23, 0x56, 0x02, 
    0x11, 0x14, 0xfe, 0x4e, 0x33, 0x01, 0x89, 0x13, 0xfe, 0x77, 0x2d, 0x01, 
    0xac, 0x12, 0xfd, 0xf4, 0xed, 0x42, 0x3b, 0x6b, 0x00, 0x56, 0xf0, 0x56, 
    0xdd, 0x56, 0x46, 0x8c, 0x00, 0x02, 0x00, 0x56, 0x00, 0x00, 0x02, 0xfa, 
    0x03, 0xa1, 0x00, 0x0b, 0x00, 0x0f, 0x00, 0x52, 0xb0, 0x09, 0x1f, 0x01, 
    0xb3, 0x00, 0x0a, 0x00, 0x04, 0x2b, 0xb3, 0x00, 0x0f, 0x0d, 0x04, 0x2b, 
    0x31, 0xb0, 0x09, 0x1f, 0x00, 0xb1, 0x00, 0x0c, 0x42, 0xb7, 0x02, 0x03, 
    0x02, 0x07, 0x01, 0x01, 0x00, 0x00, 0x3f, 0x17, 0x3c, 0x2a, 0x40, 0x0a, 
    0x00, 0x06, 0x01, 0x00, 0x05, 0x01, 0x0c, 0x07, 0x04, 0x00, 0x2b, 0xb1, 
    0x00, 0x0c, 0x42, 0xb7, 0x08, 0x09, 0x02, 0x07, 0x0b, 0x01, 0x0a, 0x01, 
    0x3f, 0x17, 0x3c, 0x2a, 0x40, 0x0a, 0x00, 0x0f, 0x01, 0x00, 0x0e, 0x01, 
    0x00, 0x0c, 0x0d, 0x00, 0x2b, 0x30, 0x37, 0x21, 0x37, 0x21, 0x37, 0x21, 
    0x37, 0x21, 0x37, 0x21, 0x37, 0x21, 0x25, 0x07, 0x33, 0x37, 0x56, 0x02, 
    0x11, 0x14, 0xfe, 0x4e, 0x33, 0x01, 0x89, 0x13, 0xfe, 0x77, 0x2d, 0x01, 
    0xac, 0x12, 0xfd, 0xf4, 0x01, 0x4e, 0x77, 0x42, 0xa1, 0x00, 0x56, 0xf0, 
    0x56, 0xdd, 0x56, 0xd2, 0x8c, 0x8c, 0x36, 0x37, 0x00, 0x02, 0x00, 0x56, 
    0x00, 0x00, 0x02, 0xfa, 0x03, 0xa1, 0x00, 0x0b, 0x00, 0x12, 0x00, 0x54, 
    0xb0, 0x09, 0x1f, 0x01, 0xb3, 0x00, 0x0a, 0x00, 0x04, 0x2b, 0xb3, 0x00, 
    0x0e, 0x11, 0x04, 0x2b, 0x31, 0xb0, 0x09, 0x1f, 0x00, 0xb1, 0x00, 0x0c, 
    0x42, 0xb7, 0x02, 0x03, 0x02, 0x07, 0x01, 0x01, 0x00, 0x00, 0x3f, 0x17, 
    0x3c, 0x2a, 0x40, 0x0a, 0x00, 0x06, 0x01, 0x00, 0x05, 0x01, 0x0c, 0x07, 
    0x04, 0x00, 0x2b, 0xb1, 0x00, 0x0c, 0x42, 0xb7, 0x08, 0x09, 0x02, 0x07, 
    0x0b, 0x01, 0x0a, 0x01, 0x3f, 0x17, 0x3c, 0x2a, 0x40, 0x0c, 0x00, 0x0d, 
    0x0e, 0x11, 0x03, 0x00, 0x10, 0x01, 0x00, 0x12, 0x0f, 0x00, 0x2b, 0x30, 
    0x37, 0x21, 0x37, 0x21, 0x37, 0x21, 0x37, 0x21, 0x37, 0x21, 0x37, 0x21, 
    0x25, 0x17, 0x33, 0x27, 0x23, 0x07, 0x33, 0x56, 0x02, 0x11, 0x14, 0xfe, 
    0x4e, 0x33, 0x01, 0x89, 0x13, 0xfe, 0x77, 0x2d, 0x01, 0xac, 0x12, 0xfd, 
    0xf4, 0x01, 0x16, 0x2e, 0x51, 0x45, 0x5e, 0x81, 0x4f, 0x00, 0x56, 0xf0, 
    0x56, 0xdd, 0x56, 0xa2, 0x5e, 0x8e, 0x8e, 0x34, 0x00, 0x03, 0x00, 0x56, 
    0x00, 0x00, 0x02, 0xfa, 0x03, 0x86, 0x00, 0x0b, 0x00, 0x0f, 0x00, 0x13, 
    0x00, 0x5c, 0xb0, 0x09, 0x1f, 0x01, 0xb3, 0x00, 0x0a, 0x00, 0x04, 0x2b, 
    0xb3, 0x18, 0x0f, 0x0d, 0x04, 0x2b, 0xb3, 0x18, 0x13, 0x11, 0x04, 0x2b, 
    0x31, 0xb0, 0x09, 0x1f, 0x00, 0xb1, 0x00, 0x0c, 0x42, 0xb7, 0x02, 0x03, 
    0x02, 0x07, 0x01, 0x01, 0x00, 0x00, 0x3f, 0x17, 0x3c, 0x2a, 0x40, 0x0a, 
    0x00, 0x06, 0x01, 0x00, 0x05, 0x01, 0x0c, 0x07, 0x04, 0x00, 0x2b, 0xb1, 
    0x00, 0x0c, 0x42, 0xb7, 0x08, 0x09, 0x02, 0x07, 0x0b, 0x01, 0x0a, 0x01, 
    0x3f, 0x17, 0x3c, 0x2a, 0x40, 0x0e, 0x00, 0x0c, 0x0f, 0x13, 0x03, 0x00, 
    0x0e, 0x11, 0x12, 0x03, 0x0c, 0x10, 0x0d, 0x00, 0x2b, 0x30, 0x37, 0x21, 
    0x37, 0x21, 0x37, 0x21, 0x37, 0x21, 0x37, 0x21, 0x37, 0x21, 0x37, 0x07, 
    0x33, 0x37, 0x33, 0x07, 0x33, 0x37, 0x56, 0x02, 0x11, 0x14, 0xfe, 0x4e, 
    0x33, 0x01, 0x89, 0x13, 0xfe, 0x77, 0x2d, 0x01, 0xac, 0x12, 0xfd, 0xf4, 
    0x9e, 0x17, 0x5c, 0x15, 0x49, 0x16, 0x5a, 0x15, 0x00, 0x56, 0xf0, 0x56, 
    0xdd, 0x56, 0xb7, 0x66, 0x66, 0x66, 0x66, 0x17, 0x00, 0x02, 0x00, 0x5c, 
    0x00, 0x00, 0x01, 0x56, 0x03, 0xa1, 0x00, 0x03, 0x00, 0x07, 0x00, 0x39, 
    0xb0, 0x09, 0x1f, 0x01, 0xb3, 0x00, 0x02, 0x00, 0x04, 0x2b, 0xb3, 0x00, 
    0x05, 0x07, 0x04, 0x2b, 0x31, 0xb0, 0x09, 0x1f, 0x00, 0xb5, 0x00, 0x01, 
    0x01, 0x01, 0x00, 0x00, 0x3f, 0x17, 0x3c, 0x2a, 0xb5, 0x00, 0x01, 0x03, 
    0x01, 0x02, 0x01, 0x3f, 0x17, 0x3c, 0x2a, 0x40, 0x0a, 0x00, 0x05, 0x01, 
    0x00, 0x07, 0x01, 0x00, 0x04, 0x06, 0x00, 0x2b, 0x30, 0x37, 0x33, 0x13, 
    0x23, 0x37, 0x33, 0x27, 0x23, 0x5c, 0x61, 0x99, 0x62, 0x20, 0x42, 0x3b, 
    0x6b, 0x00, 0x02, 0xcf, 0x46, 0x8c, 0x00, 0x0c, 0x00, 0x02, 0x00, 0x5c, 
    0x00, 0x00, 0x01, 0xe1, 0x03, 0xa1, 0x00, 0x03, 0x00, 0x07, 0x00, 0x39, 
    0xb0, 0x09, 0x1f, 0x01, 0xb3, 0x00, 0x02, 0x00, 0x04, 0x2b, 0xb3, 0x00, 
    0x07, 0x05, 0x04, 0x2b, 0x31, 0xb0, 0x09, 0x1f, 0x00, 0xb5, 0x00, 0x01, 
    0x01, 0x01, 0x00, 0x00, 0x3f, 0x17, 0x3c, 0x2a, 0xb5, 0x00, 0x01, 0x03, 
    0x01, 0x02, 0x01, 0x3f, 0x17, 0x3c, 0x2a, 0x40, 0x0a, 0x00, 0x07, 0x01, 
    0x00, 0x06, 0x01, 0x00, 0x04, 0x05, 0x00, 0x2b, 0x30, 0x37, 0x33, 0x13, 
    0x23, 0x37, 0x07, 0x33, 0x37, 0x5c, 0x61, 0x99, 0x62, 0x81, 0x77, 0x42, 
    0xa1, 0x00, 0x02, 0xcf, 0xd2, 0x8c, 0x8c, 0x0c, 0x00, 0x02, 0x00, 0x5c, 
    0x00, 0x00, 0x01, 0xbc, 0x03, 0xa1, 0x00, 0x03, 0x00, 0x0a, 0x00, 0x3b, 
    0xb0, 0x09, 0x1f, 0x01, 0xb3, 0x00, 0x02, 0x00, 0x04, 0x2b, 0xb3, 0x00, 
    0x06, 0x09, 0x04, 0x2b, 0x31, 0xb0, 0x09, 0x1f, 0x00, 0xb5, 0x00, 0x01, 
    0x01, 0x01, 0x00, 0x00, 0x3f, 0x17, 0x3c, 0x2a, 0xb5, 0x00, 0x01, 0x03, 
    0x01, 0x02, 0x01, 0x3f, 0x17, 0x3c, 0x2a, 0x40, 0x0c, 0x00, 0x05, 0x06, 
    0x09, 0x03, 0x00, 0x08, 0x01, 0x00, 0x0a, 0x07, 0x00, 0x2b, 0x30, 0x37, 
    0x33, 0x13, 0x23, 0x37, 0x17, 0x33, 0x27, 0x23, 0x07, 0x33, 0x5c, 0x61, 
    0x99, 0x62, 0x49, 0x2e, 0x51, 0x45, 0x5e, 0x81, 0x4f, 0x00, 0x02, 0xcf, 
    0xa2, 0x5e, 0x8e, 0x8e, 0x00, 0x03, 0x00, 0x5c, 0x00, 0x00, 0x01, 0xc2, 
    0x03, 0x86, 0x00, 0x03, 0x00, 0x07, 0x00, 0x0b, 0x00, 0x43, 0xb0, 0x09, 
    0x1f, 0x01, 0xb3, 0x00, 0x02, 0x00, 0x04, 0x2b, 0xb3, 0x18, 0x07, 0x05, 
    0x04, 0x2b, 0xb3, 0x18, 0x0b, 0x09, 0x04, 0x2b, 0x31, 0xb0, 0x09, 0x1f, 
    0x00, 0xb5, 0x00, 0x01, 0x01, 0x01, 0x00, 0x00, 0x3f, 0x17, 0x3c, 0x2a, 
    0xb5, 0x00, 0x01, 0x03, 0x01, 0x02, 0x01, 0x3f, 0x17, 0x3c, 0x2a, 0x40, 
    0x0e, 0x00, 0x04, 0x07, 0x0b, 0x03, 0x00, 0x06, 0x09, 0x0a, 0x03, 0x0c, 
    0x08, 0x05, 0x00, 0x2b, 0x30, 0x37, 0x33, 0x13, 0x23, 0x27, 0x07, 0x33, 
    0x37, 0x33, 0x07, 0x33, 0x37, 0x5c, 0x61, 0x99, 0x62, 0x2f, 0x17, 0x5c, 
    0x16, 0x48, 0x16, 0x5a, 0x16, 0x00, 0x02, 0xcf, 0xb7, 0x66, 0x66, 0x66, 
    0x66, 0x21, 0x37, 0x21, 0x00, 0x02, 0x00, 0x44, 0x00, 0x00, 0x02, 0xfc, 
    0x02, 0xcd, 0x00, 0x14, 0x00, 0x2b, 0x00, 0x7d, 0xb0, 0x09, 0x1f, 0x01, 
    0x40, 0x0b, 0x00, 0x00, 0x05, 0x1f, 0x23, 0x03, 0x00, 0x18, 0x09, 0x21, 
    0x00, 0x2b, 0x31, 0x40, 0x10, 0x15, 0x2b, 0x29, 0x27, 0x25, 0x1d, 0x1b, 
    0x1a, 0x19, 0x18, 0x17, 0x16, 0x0c, 0x13, 0x09, 0x02, 0x2b, 0xb0, 0x09, 
    0x1f, 0x00, 0xb1, 0x00, 0x0c, 0x42, 0xb7, 0x15, 0x2b, 0x02, 0x07, 0x01, 
    0x01, 0x00, 0x00, 0x3f, 0x17, 0x3c, 0x2a, 0x40, 0x0a, 0x00, 0x1a, 0x01, 
    0x00, 0x10, 0x01, 0x0c, 0x1b, 0x0f, 0x00, 0x2b, 0x40, 0x0c, 0x00, 0x11, 
    0x12, 0x18, 0x03, 0x00, 0x14, 0x01, 0x0c, 0x19, 0x13, 0x00, 0x2b, 0x40, 
    0x09, 0x00, 0x00, 0x00, 0x17, 0x01, 0x0c, 0x19, 0x16, 0x00, 0x2b, 0x30, 
    0xb6, 0x21, 0x1f, 0x1d, 0x03, 0x16, 0x0f, 0x02, 0x2b, 0xb4, 0x23, 0x01, 
    0x16, 0x19, 0x02, 0x2b, 0xb6, 0x29, 0x27, 0x25, 0x03, 0x00, 0x19, 0x02, 
    0x2b, 0x37, 0x21, 0x32, 0x37, 0x36, 0x37, 0x36, 0x37, 0x36, 0x35, 0x34, 
    0x27, 0x26, 0x27, 0x26, 0x23, 0x21, 0x03, 0x23, 0x07, 0x33, 0x17, 0x37, 
    0x33, 0x37, 0x23, 0x37, 0x33, 0x32, 0x17, 0x16, 0x17, 0x16, 0x15, 0x14, 
    0x07, 0x06, 0x07, 0x06, 0x07, 0x06, 0x07, 0x06, 0x23, 0x50, 0x01, 0x25, 
    0x55, 0x49, 0x49, 0x33, 0x34, 0x1c, 0x1d, 0x15, 0x15, 0x2e, 0x2e, 0x47, 
    0xfe, 0xbb, 0x42, 0x52, 0x12, 0x50, 0x31, 0x33, 0xba, 0x13, 0xb9, 0x2d, 
    0xd6, 0x2d, 0x1f, 0x1e, 0x0e, 0x0d, 0x0a, 0x0a, 0x17, 0x1a, 0x1b, 0x23, 
    0x24, 0x25, 0x2c, 0x00, 0x28, 0x29, 0x42, 0x44, 0x50, 0x54, 0x4e, 0x45, 
    0x3a, 0x3b, 0x25, 0x25, 0xfe, 0xcf, 0x56, 0xf2, 0xf0, 0x58, 0xdd, 0x1b, 
    0x1a, 0x2b, 0x28, 0x36, 0x2f, 0x29, 0x2b, 0x2f, 0x35, 0x24, 0x2c, 0x17, 
    0x19, 0x39, 0x42, 0x4e, 0x00, 0x02, 0x00, 0x4c, 0x00, 0x00, 0x03, 0x1f, 
    0x03, 0x6d, 0x00, 0x09, 0x00, 0x25, 0x00, 0x3c, 0xb0, 0x09, 0x1f, 0x01, 
    0xb3, 0x00, 0x05, 0x00, 0x04, 0x2b, 0xb3, 0x00, 0x25, 0x19, 0x04, 0x2b, 
    0x31, 0xb0, 0x09, 0x1f, 0x00, 0xb7, 0x00, 0x01, 0x01, 0x03, 0x04, 0x03, 
    0x00, 0x00, 0x3f, 0x17, 0x3c, 0x2a, 0xb7, 0x00, 0x01, 0x06, 0x08, 0x09, 
    0x03, 0x05, 0x01, 0x3f, 0x17, 0x3c, 0x2a, 0xb3, 0x0c, 0x0e, 0x23, 0x04, 
    0x2b, 0xb3, 0x0c, 0x13, 0x1e, 0x04, 0x2b, 0x30, 0x37, 0x33, 0x1b, 0x01, 
    0x33, 0x13, 0x23, 0x0b, 0x01, 0x23, 0x25, 0x06, 0x07, 0x06, 0x23, 0x26, 
    0x2f, 0x01, 0x26, 0x23, 0x22, 0x07, 0x06, 0x07, 0x06, 0x07, 0x33, 0x36, 
    0x37, 0x36, 0x33, 0x32, 0x1f, 0x01, 0x16, 0x17, 0x32, 0x37, 0x4c, 0x5e, 
    0x7d, 0xf0, 0x6f, 0x99, 0x5e, 0x7d, 0xec, 0x73, 0x01, 0xc8, 0x04, 0x0f, 
    0x10, 0x15, 0x13, 0x12, 0x2b, 0x1b, 0x1c, 0x1c, 0x17, 0x18, 0x12, 0x14, 
    0x0a, 0x2f, 0x0a, 0x0d, 0x0b, 0x17, 0x09, 0x14, 0x37, 0x12, 0x26, 0x50, 
    0x29, 0x00, 0x02, 0x44, 0xfd, 0xbc, 0x02, 0xcf, 0xfd, 0xbc, 0x02, 0x44, 
    0x9e, 0x14, 0x0f, 0x0e, 0x03, 0x07, 0x13, 0x0c, 0x0d, 0x0d, 0x1a, 0x1a, 
    0x20, 0x14, 0x0d, 0x0c, 0x05, 0x14, 0x07, 0x05, 0x6e, 0x50, 0x01, 0x25, 
    0x00, 0x03, 0x00, 0x69, 0xff, 0xec, 0x03, 0x3a, 0x03, 0x78, 0x00, 0x21, 
    0x00, 0x41, 0x00, 0x45, 0x00, 0x8b, 0xb0, 0x09, 0x1f, 0x01, 0x40, 0x0b, 
    0x22, 0x3e, 0x40, 0x03, 0x00, 0x00, 0x00, 0x18, 0x3c, 0x00, 0x00, 0x2b, 
    0x40, 0x09, 0x10, 0x01, 0x00, 0x00, 0x00, 0x18, 0x12, 0x30, 0x00, 0x2b, 
    0x40, 0x0a, 0x2a, 0x01, 0x00, 0x38, 0x01, 0x00, 0x00, 0x43, 0x45, 0x00, 
    0x2b, 0x31, 0xb6, 0x3a, 0x26, 0x24, 0x03, 0x3c, 0x45, 0x02, 0x2b, 0xb5, 
    0x36, 0x28, 0x02, 0x43, 0x45, 0x02, 0x2b, 0xb7, 0x34, 0x32, 0x2e, 0x2c, 
    0x04, 0x43, 0x30, 0x02, 0x2b, 0xb0, 0x09, 0x1f, 0x00, 0xb1, 0x00, 0x0c, 
    0x42, 0xb5, 0x38, 0x01, 0x07, 0x00, 0x08, 0x00, 0x3f, 0x17, 0x3c, 0x2a, 
    0xb1, 0x00, 0x0c, 0x42, 0xb5, 0x28, 0x01, 0x07, 0x00, 0x1a, 0x01, 0x3f, 
    0x17, 0x3c, 0x2a, 0x40, 0x0a, 0x00, 0x43, 0x01, 0x00, 0x45, 0x01, 0x00, 
    0x42, 0x44, 0x00, 0x2b, 0x30, 0x40, 0x11, 0x22, 0x40, 0x3e, 0x3c, 0x3a, 
    0x36, 0x34, 0x32, 0x30, 0x2e, 0x2c, 0x26, 0x24, 0x0d, 0x08, 0x1a, 0x02, 
    0x2b, 0x13, 0x14, 0x17, 0x16, 0x17, 0x16, 0x17, 0x16, 0x33, 0x32, 0x37, 
    0x36, 0x37, 0x36, 0x37, 0x36, 0x37, 0x36, 0x35, 0x34, 0x27, 0x26, 0x27, 
    0x26, 0x27, 0x26, 0x23, 0x22, 0x07, 0x06, 0x07, 0x06, 0x07, 0x06, 0x17, 
    0x36, 0x37, 0x36, 0x37, 0x36, 0x33, 0x32, 0x17, 0x16, 0x17, 0x16, 0x17, 
    0x16, 0x15, 0x14, 0x07, 0x06, 0x07, 0x06, 0x07, 0x06, 0x23, 0x22, 0x27, 
    0x26, 0x35, 0x34, 0x37, 0x34, 0x37, 0x36, 0x01, 0x33, 0x27, 0x23, 0x69, 
    0x13, 0x13, 0x26, 0x27, 0x34, 0x35, 0x46, 0x5d, 0x4e, 0x50, 0x3a, 0x39, 
    0x20, 0x13, 0x06, 0x08, 0x13, 0x13, 0x24, 0x26, 0x35, 0x37, 0x47, 0x7a, 
    0x65, 0x33, 0x24, 0x26, 0x1b, 0x37, 0x6e, 0x0f, 0x29, 0x2a, 0x43, 0x44, 
    0x57, 0x1b, 0x1b, 0x1a, 0x16, 0x2c, 0x16, 0x16, 0x18, 0x19, 0x2d, 0x2d, 
    0x3a, 0x3b, 0x43, 0x67, 0x2f, 0x2f, 0x02, 0x04, 0x03, 0x01, 0x2e, 0x42, 
    0x3b, 0x6b, 0x01, 0x1b, 0x51, 0x36, 0x38, 0x26, 0x26, 0x12, 0x12, 0x28, 
    0x27, 0x45, 0x42, 0x57, 0x34, 0x23, 0x2b, 0x2c, 0x48, 0x33, 0x35, 0x23, 
    0x23, 0x13, 0x12, 0x48, 0x25, 0x2a, 0x2b, 0x36, 0x69, 0x16, 0x46, 0x43, 
    0x43, 0x2a, 0x2b, 0x08, 0x09, 0x0f, 0x1c, 0x2f, 0x2f, 0x3c, 0x47, 0x42, 
    0x43, 0x34, 0x35, 0x1f, 0x20, 0x3f, 0x40, 0x56, 0x0e, 0x12, 0x05, 0x15, 
    0x11, 0x01, 0x8a, 0x8c, 0x00, 0x03, 0x00, 0x69, 0xff, 0xec, 0x03, 0x3a, 
    0x03, 0x78, 0x00, 0x21, 0x00, 0x41, 0x00, 0x45, 0x00, 0x88, 0xb0, 0x09, 
    0x1f, 0x01, 0x40, 0x0b, 0x22, 0x3e, 0x40, 0x03, 0x00, 0x00, 0x00, 0x18, 
    0x3c, 0x00, 0x00, 0x2b, 0x40, 0x0a, 0x10, 0x01, 0x00, 0x45, 0x01, 0x00, 
    0x18, 0x12, 0x30, 0x00, 0x2b, 0x40, 0x09, 0x30, 0x01, 0x00, 0x00, 0x00, 
    0x00, 0x45, 0x43, 0x00, 0x2b, 0x31, 0xb7, 0x3a, 0x38, 0x26, 0x24, 0x04, 
    0x3c, 0x43, 0x02, 0x2b, 0x40, 0x0b, 0x36, 0x34, 0x32, 0x2e, 0x2c, 0x2a, 
    0x28, 0x07, 0x45, 0x43, 0x02, 0x2b, 0xb0, 0x09, 0x1f, 0x00, 0xb1, 0x00, 
    0x0c, 0x42, 0xb5, 0x38, 0x01, 0x07, 0x00, 0x08, 0x00, 0x3f, 0x17, 0x3c, 
    0x2a, 0xb1, 0x00, 0x0c, 0x42, 0xb5, 0x28, 0x01, 0x07, 0x00, 0x1a, 0x01, 
    0x3f, 0x17, 0x3c, 0x2a, 0x40, 0x0a, 0x00, 0x45, 0x01, 0x00, 0x44, 0x01, 
    0x00, 0x42, 0x43, 0x00, 0x2b, 0x30, 0x40, 0x11, 0x22, 0x40, 0x3e, 0x3c, 
    0x3a, 0x36, 0x34, 0x32, 0x30, 0x2e, 0x2c, 0x26, 0x24, 0x0d, 0x08, 0x1a, 
    0x02, 0x2b, 0x13, 0x14, 0x17, 0x16, 0x17, 0x16, 0x17, 0x16, 0x33, 0x32, 
    0x37, 0x36, 0x37, 0x36, 0x37, 0x36, 0x37, 0x36, 0x35, 0x34, 0x27, 0x26, 
    0x27, 0x26, 0x27, 0x26, 0x23, 0x22, 0x07, 0x06, 0x07, 0x06, 0x07, 0x06, 
    0x17, 0x36, 0x37, 0x36, 0x37, 0x36, 0x33, 0x32, 0x17, 0x16, 0x17, 0x16, 
    0x17, 0x16, 0x15, 0x14, 0x07, 0x06, 0x07, 0x06, 0x07, 0x06, 0x23, 0x22, 
    0x27, 0x26, 0x35, 0x34, 0x37, 0x34, 0x37, 0x36, 0x01, 0x07, 0x33, 0x37, 
    0x69, 0x13, 0x13, 0x26, 0x27, 0x34, 0x35, 0x46, 0x5d, 0x4e, 0x50, 0x3a, 
    0x39, 0x20, 0x13, 0x06, 0x08, 0x13, 0x13, 0x24, 0x26, 0x35, 0x37, 0x47, 
    0x7a, 0x65, 0x33, 0x24, 0x26, 0x1b, 0x37, 0x6e, 0x0f, 0x29, 0x2a, 0x43, 
    0x44, 0x57, 0x1b, 0x1b, 0x1a, 0x16, 0x2c, 0x16, 0x16, 0x18, 0x19, 0x2d, 
    0x2d, 0x3a, 0x3b, 0x43, 0x67, 0x2f, 0x2f, 0x02, 0x04, 0x03, 0x01, 0x8f, 
    0x77, 0x42, 0xa1, 0x01, 0x1b, 0x51, 0x36, 0x38, 0x26, 0x26, 0x12, 0x12, 
    0x28, 0x27, 0x45, 0x42, 0x57, 0x34, 0x23, 0x2b, 0x2c, 0x48, 0x33, 0x35, 
    0x23, 0x23, 0x13, 0x12, 0x48, 0x25, 0x2a, 0x2b, 0x36, 0x69, 0x16, 0x46, 
    0x43, 0x43, 0x2a, 0x2b, 0x08, 0x09, 0x0f, 0x1c, 0x2f, 0x2f, 0x3c, 0x47, 
    0x42, 0x43, 0x34, 0x35, 0x1f, 0x20, 0x3f, 0x40, 0x56, 0x0e, 0x12, 0x05, 
    0x15, 0x11, 0x02, 0x16, 0x8c, 0x8c, 0x8a, 0x8c, 0x00, 0x03, 0x00, 0x69, 
    0xff, 0xec, 0x03, 0x3a, 0x03, 0xa5, 0x00, 0x21, 0x00, 0x41, 0x00, 0x48, 
    0x00, 0x89, 0xb0, 0x09, 0x1f, 0x01, 0x40, 0x0b, 0x22, 0x3e, 0x40, 0x03, 
    0x00, 0x00, 0x00, 0x18, 0x3c, 0x00, 0x00, 0x2b, 0x40, 0x09, 0x10, 0x01, 
    0x00, 0x00, 0x00, 0x18, 0x12, 0x30, 0x00, 0x2b, 0x40, 0x0c, 0x2e, 0x32, 
    0x02, 0x44, 0x01, 0x38, 0x01, 0x00, 0x00, 0x0c, 0x47, 0x00, 0x2b, 0x31, 
    0xb6, 0x3a, 0x26, 0x24, 0x03, 0x3c, 0x47, 0x02, 0x2b, 0x40, 0x09, 0x36, 
    0x34, 0x2c, 0x2a, 0x28, 0x05, 0x0c, 0x47, 0x02, 0x2b, 0xb0, 0x09, 0x1f, 
    0x00, 0xb1, 0x00, 0x0c, 0x42, 0xb5, 0x38, 0x01, 0x07, 0x00, 0x08, 0x00, 
    0x3f, 0x17, 0x3c, 0x2a, 0xb1, 0x00, 0x0c, 0x42, 0xb5, 0x28, 0x01, 0x07, 
    0x00, 0x1a, 0x01, 0x3f, 0x17, 0x3c, 0x2a, 0x40, 0x0c, 0x00, 0x43, 0x44, 
    0x47, 0x03, 0x00, 0x46, 0x01, 0x00, 0x48, 0x45, 0x00, 0x2b, 0x30, 0x40, 
    0x11, 0x22, 0x40, 0x3e, 0x3c, 0x3a, 0x36, 0x34, 0x32, 0x30, 0x2e, 0x2c, 
    0x26, 0x24, 0x0d, 0x08, 0x1a, 0x02, 0x2b, 0x13, 0x14, 0x17, 0x16, 0x17, 
    0x16, 0x17, 0x16, 0x33, 0x32, 0x37, 0x36, 0x37, 0x36, 0x37, 0x36, 0x37, 
    0x36, 0x35, 0x34, 0x27, 0x26, 0x27, 0x26, 0x27, 0x26, 0x23, 0x22, 0x07, 
    0x06, 0x07, 0x06, 0x07, 0x06, 0x17, 0x36, 0x37, 0x36, 0x37, 0x36, 0x33, 
    0x32, 0x17, 0x16, 0x17, 0x16, 0x17, 0x16, 0x15, 0x14, 0x07, 0x06, 0x07, 
    0x06, 0x07, 0x06, 0x23, 0x22, 0x27, 0x26, 0x35, 0x34, 0x37, 0x34, 0x37, 
    0x36, 0x01, 0x17, 0x33, 0x27, 0x23, 0x07, 0x33, 0x69, 0x13, 0x13, 0x26, 
    0x27, 0x34, 0x35, 0x46, 0x5d, 0x4e, 0x50, 0x3a, 0x39, 0x20, 0x13, 0x06, 
    0x08, 0x13, 0x13, 0x24, 0x26, 0x35, 0x37, 0x47, 0x7a, 0x65, 0x33, 0x24, 
    0x26, 0x1b, 0x37, 0x6e, 0x0f, 0x29, 0x2a, 0x43, 0x44, 0x57, 0x1b, 0x1b, 
    0x1a, 0x16, 0x2c, 0x16, 0x16, 0x18, 0x19, 0x2d, 0x2d, 0x3a, 0x3b, 0x43, 
    0x67, 0x2f, 0x2f, 0x02, 0x04, 0x03, 0x01, 0x6b, 0x2e, 0x51, 0x45, 0x5e, 
    0x81, 0x4f, 0x01, 0x1b, 0x51, 0x36, 0x38, 0x26, 0x26, 0x12, 0x12, 0x28, 
    0x27, 0x45, 0x42, 0x57, 0x34, 0x23, 0x2b, 0x2c, 0x48, 0x33, 0x35, 0x23, 
    0x23, 0x13, 0x12, 0x48, 0x25, 0x2a, 0x2b, 0x36, 0x69, 0x16, 0x46, 0x43, 
    0x43, 0x2a, 0x2b, 0x08, 0x09, 0x0f, 0x1c, 0x2f, 0x2f, 0x3c, 0x47, 0x42, 
    0x43, 0x34, 0x35, 0x1f, 0x20, 0x3f, 0x40, 0x56, 0x0e, 0x12, 0x05, 0x15, 
    0x11, 0x02, 0x13, 0x5e, 0x8e, 0x8e, 0x26, 0x16, 0x00, 0x03, 0x00, 0x69, 
    0xff, 0xec, 0x03, 0x3a, 0x03, 0x9a, 0x00, 0x21, 0x00, 0x41, 0x00, 0x5d, 
    0x00, 0x7a, 0xb0, 0x09, 0x1f, 0x01, 0x40, 0x0b, 0x22, 0x3e, 0x40, 0x03, 
    0x00, 0x00, 0x00, 0x18, 0x3c, 0x00, 0x00, 0x2b, 0x40, 0x09, 0x10, 0x01, 
    0x00, 0x00, 0x00, 0x18, 0x12, 0x30, 0x00, 0x2b, 0xb3, 0x00, 0x5d, 0x51, 
    0x04, 0x2b, 0x31, 0x40, 0x0f, 0x3a, 0x38, 0x36, 0x34, 0x32, 0x2e, 0x2c, 
    0x2a, 0x28, 0x26, 0x24, 0x0b, 0x3c, 0x30, 0x02, 0x2b, 0xb0, 0x09, 0x1f, 
    0x00, 0xb1, 0x00, 0x0c, 0x42, 0xb5, 0x38, 0x01, 0x07, 0x00, 0x08, 0x00, 
    0x3f, 0x17, 0x3c, 0x2a, 0xb1, 0x00, 0x0c, 0x42, 0xb5, 0x28, 0x01, 0x07, 
    0x00, 0x1a, 0x01, 0x3f, 0x17, 0x3c, 0x2a, 0xb3, 0x0c, 0x46, 0x5b, 0x04, 
    0x2b, 0xb3, 0x0c, 0x4b, 0x56, 0x04, 0x2b, 0x30, 0x40, 0x11, 0x22, 0x40, 
    0x3e, 0x3c, 0x3a, 0x36, 0x34, 0x32, 0x30, 0x2e, 0x2c, 0x26, 0x24, 0x0d, 
    0x08, 0x1a, 0x02, 0x2b, 0x13, 0x14, 0x17, 0x16, 0x17, 0x16, 0x17, 0x16, 
    0x33, 0x32, 0x37, 0x36, 0x37, 0x36, 0x37, 0x36, 0x37, 0x36, 0x35, 0x34, 
    0x27, 0x26, 0x27, 0x26, 0x27, 0x26, 0x23, 0x22, 0x07, 0x06, 0x07, 0x06, 
    0x07, 0x06, 0x17, 0x36, 0x37, 0x36, 0x37, 0x36, 0x33, 0x32, 0x17, 0x16, 
    0x17, 0x16, 0x17, 0x16, 0x15, 0x14, 0x07, 0x06, 0x07, 0x06, 0x07, 0x06, 
    0x23, 0x22, 0x27, 0x26, 0x35, 0x34, 0x37, 0x34, 0x37, 0x36, 0x01, 0x06, 
    0x07, 0x06, 0x23, 0x26, 0x2f, 0x01, 0x26, 0x23, 0x22, 0x07, 0x06, 0x07, 
    0x06, 0x07, 0x33, 0x36, 0x37, 0x36, 0x33, 0x32, 0x1f, 0x01, 0x16, 0x17, 
    0x32, 0x37, 0x69, 0x13, 0x13, 0x26, 0x27, 0x34, 0x35, 0x46, 0x5d, 0x4e, 
    0x50, 0x3a, 0x39, 0x20, 0x13, 0x06, 0x08, 0x13, 0x13, 0x24, 0x26, 0x35, 
    0x37, 0x47, 0x7a, 0x65, 0x33, 0x24, 0x26, 0x1b, 0x37, 0x6e, 0x0f, 0x29, 
    0x2a, 0x43, 0x44, 0x57, 0x1b, 0x1b, 0x1a, 0x16, 0x2c, 0x16, 0x16, 0x18, 
    0x19, 0x2d, 0x2d, 0x3a, 0x3b, 0x43, 0x67, 0x2f, 0x2f, 0x02, 0x04, 0x03, 
    0x01, 0xeb, 0x04, 0x0f, 0x10, 0x15, 0x13, 0x12, 0x2b, 0x1b, 0x1c, 0x1c, 
    0x17, 0x18, 0x12, 0x14, 0x0a, 0x2f, 0x0a, 0x0d, 0x0b, 0x17, 0x09, 0x14, 
    0x37, 0x12, 0x26, 0x50, 0x29, 0x01, 0x1b, 0x51, 0x36, 0x38, 0x26, 0x26, 
    0x12, 0x12, 0x28, 0x27, 0x45, 0x42, 0x57, 0x34, 0x23, 0x2b, 0x2c, 0x48, 
    0x33, 0x35, 0x23, 0x23, 0x13, 0x12, 0x48, 0x25, 0x2a, 0x2b, 0x36, 0x69, 
    0x16, 0x46, 0x43, 0x43, 0x2a, 0x2b, 0x08, 0x09, 0x0f, 0x1c, 0x2f, 0x2f, 
    0x3c, 0x47, 0x42, 0x43, 0x34, 0x35, 0x1f, 0x20, 0x3f, 0x40, 0x56, 0x0e, 
    0x12, 0x05, 0x15, 0x11, 0x02, 0x38, 0x14, 0x0f, 0x0e, 0x03, 0x07, 0x13, 
    0x0c, 0x0d, 0x0d, 0x1a, 0x1a, 0x20, 0x14, 0x0d, 0x0c, 0x05, 0x14, 0x07, 
    0x05, 0x6e, 0x37, 0x37, 0x00, 0x04, 0x00, 0x69, 0xff, 0xec, 0x03, 0x3a, 
    0x03, 0x8a, 0x00, 0x21, 0x00, 0x41, 0x00, 0x45, 0x00, 0x49, 0x00, 0x9c, 
    0xb0, 0x09, 0x1f, 0x01, 0x40, 0x0b, 0x22, 0x3e, 0x40, 0x03, 0x00, 0x00, 
    0x00, 0x18, 0x3c, 0x00, 0x00, 0x2b, 0x40, 0x09, 0x10, 0x01, 0x00, 0x00, 
    0x00, 0x18, 0x12, 0x30, 0x00, 0x2b, 0x40, 0x0a, 0x1a, 0x28, 0x02, 0x00, 
    0x00, 0x00, 0x18, 0x45, 0x43, 0x00, 0x2b, 0x40, 0x0c, 0x0c, 0x2e, 0x32, 
    0x03, 0x00, 0x2a, 0x01, 0x00, 0x18, 0x49, 0x47, 0x00, 0x2b, 0x31, 0xb7, 
    0x3a, 0x38, 0x26, 0x24, 0x04, 0x3c, 0x43, 0x02, 0x2b, 0xb5, 0x34, 0x2c, 
    0x02, 0x49, 0x47, 0x02, 0x2b, 0xb4, 0x36, 0x01, 0x45, 0x43, 0x02, 0x2b, 
    0xb0, 0x09, 0x1f, 0x00, 0xb1, 0x00, 0x0c, 0x42, 0xb5, 0x38, 0x01, 0x07, 
    0x00, 0x08, 0x00, 0x3f, 0x17, 0x3c, 0x2a, 0xb1, 0x00, 0x0c, 0x42, 0xb5, 
    0x28, 0x01, 0x07, 0x00, 0x1a, 0x01, 0x3f, 0x17, 0x3c, 0x2a, 0x40, 0x0e, 
    0x00, 0x42, 0x45, 0x49, 0x03, 0x00, 0x44, 0x47, 0x48, 0x03, 0x0c, 0x46, 
    0x43, 0x00, 0x2b, 0x30, 0x40, 0x11, 0x22, 0x40, 0x3e, 0x3c, 0x3a, 0x36, 
    0x34, 0x32, 0x30, 0x2e, 0x2c, 0x26, 0x24, 0x0d, 0x08, 0x1a, 0x02, 0x2b, 
    0x13, 0x14, 0x17, 0x16, 0x17, 0x16, 0x17, 0x16, 0x33, 0x32, 0x37, 0x36, 
    0x37, 0x36, 0x37, 0x36, 0x37, 0x36, 0x35, 0x34, 0x27, 0x26, 0x27, 0x26, 
    0x27, 0x26, 0x23, 0x22, 0x07, 0x06, 0x07, 0x06, 0x07, 0x06, 0x17, 0x36, 
    0x37, 0x36, 0x37, 0x36, 0x33, 0x32, 0x17, 0x16, 0x17, 0x16, 0x17, 0x16, 
    0x15, 0x14, 0x07, 0x06, 0x07, 0x06, 0x07, 0x06, 0x23, 0x22, 0x27, 0x26, 
    0x35, 0x34, 0x37, 0x34, 0x37, 0x36, 0x13, 0x07, 0x33, 0x37, 0x33, 0x07, 
    0x33, 0x37, 0x69, 0x13, 0x13, 0x26, 0x27, 0x34, 0x35, 0x46, 0x5d, 0x4e, 
    0x50, 0x3a, 0x39, 0x20, 0x13, 0x06, 0x08, 0x13, 0x13, 0x24, 0x26, 0x35, 
    0x37, 0x47, 0x7a, 0x65, 0x33, 0x24, 0x26, 0x1b, 0x37, 0x6e, 0x0f, 0x29, 
    0x2a, 0x43, 0x44, 0x57, 0x1b, 0x1b, 0x1a, 0x16, 0x2c, 0x16, 0x16, 0x18, 
    0x19, 0x2d, 0x2d, 0x3a, 0x3b, 0x43, 0x67, 0x2f, 0x2f, 0x02, 0x04, 0x03, 
    0xf3, 0x17, 0x5c, 0x15, 0x49, 0x16, 0x5a, 0x15, 0x01, 0x1b, 0x51, 0x36, 
    0x38, 0x26, 0x26, 0x12, 0x12, 0x28, 0x27, 0x45, 0x42, 0x57, 0x34, 0x23, 
    0x2b, 0x2c, 0x48, 0x33, 0x35, 0x23, 0x23, 0x13, 0x12, 0x48, 0x25, 0x2a, 
    0x2b, 0x36, 0x69, 0x16, 0x46, 0x43, 0x43, 0x2a, 0x2b, 0x08, 0x09, 0x0f, 
    0x1c, 0x2f, 0x2f, 0x3c, 0x47, 0x42, 0x43, 0x34, 0x35, 0x1f, 0x20, 0x3f, 
    0x40, 0x56, 0x0e, 0x12, 0x05, 0x15, 0x11, 0x02, 0x28, 0x66, 0x66, 0x66, 
    0x66, 0x38, 0x14, 0x0f, 0x00, 0x01, 0x00, 0x64, 0x00, 0xa0, 0x02, 0x31, 
    0x02, 0x12, 0x00, 0x0b, 0x00, 0x24, 0xb0, 0x09, 0x1f, 0x01, 0x40, 0x0a, 
    0x06, 0x01, 0x00, 0x00, 0x01, 0x00, 0x00, 0x08, 0x02, 0x00, 0x2b, 0x31, 
    0xb0, 0x09, 0x1f, 0x00, 0xb7, 0x03, 0x05, 0x02, 0x01, 0x0b, 0x01, 0x09, 
    0x02, 0x3f, 0x17, 0x3c, 0x2a, 0x30, 0x13, 0x17, 0x07, 0x17, 0x37, 0x17, 
    0x37, 0x27, 0x37, 0x27, 0x07, 0x27, 0x69, 0xa9, 0xae, 0x39, 0xad, 0xa7, 
    0x38, 0xa5, 0xad, 0x39, 0xae, 0xa7, 0x01, 0xe4, 0x8b, 0x89, 0x30, 0x8b, 
    0x8a, 0x2f, 0x89, 0x8b, 0x2e, 0x8a, 0x8a, 0x02, 0x00, 0x03, 0x00, 0x2b, 
    0xff, 0xec, 0x03, 0x7b, 0x02, 0xe0, 0x00, 0x21, 0x00, 0x2c, 0x00, 0x3f, 
    0x00, 0x68, 0xb0, 0x09, 0x1f, 0x01, 0x40, 0x0d, 0x2f, 0x33, 0x35, 0x03, 
    0x00, 0x0c, 0x10, 0x02, 0x00, 0x18, 0x31, 0x0e, 0x00, 0x2b, 0xb3, 0x18, 
    0x1f, 0x24, 0x04, 0x2b, 0x31, 0x40, 0x0f, 0x2d, 0x3f, 0x3d, 0x3b, 0x39, 
    0x37, 0x22, 0x2c, 0x2a, 0x28, 0x26, 0x0b, 0x31, 0x24, 0x02, 0x2b, 0xb0, 
    0x09, 0x1f, 0x00, 0xb1, 0x00, 0x0c, 0x42, 0xb6, 0x3d, 0x01, 0x07, 0x04, 
    0x01, 0x01, 0x01, 0x3f, 0x17, 0x3c, 0x2a, 0xb1, 0x00, 0x0c, 0x42, 0xb7, 
    0x15, 0x2a, 0x02, 0x07, 0x17, 0x01, 0x14, 0x00, 0x3f, 0x17, 0x3c, 0x2a, 
    0x30, 0x40, 0x12, 0x2d, 0x3f, 0x3b, 0x39, 0x37, 0x35, 0x33, 0x31, 0x2f, 
    0x22, 0x2c, 0x28, 0x26, 0x24, 0x0e, 0x14, 0x01, 0x02, 0x2b, 0x01, 0x27, 
    0x07, 0x26, 0x23, 0x22, 0x07, 0x06, 0x07, 0x06, 0x07, 0x06, 0x07, 0x06, 
    0x15, 0x14, 0x17, 0x16, 0x17, 0x07, 0x17, 0x37, 0x16, 0x33, 0x32, 0x37, 
    0x36, 0x37, 0x36, 0x37, 0x36, 0x35, 0x34, 0x27, 0x07, 0x16, 0x15, 0x14, 
    0x07, 0x06, 0x07, 0x06, 0x23, 0x22, 0x2f, 0x01, 0x26, 0x27, 0x26, 0x35, 
    0x34, 0x37, 0x36, 0x37, 0x36, 0x37, 0x36, 0x37, 0x36, 0x37, 0x36, 0x33, 
    0x32, 0x17, 0x03, 0x7b, 0x1a, 0x63, 0x43, 0x9a, 0x5f, 0x4b, 0x4d, 0x36, 
    0x35, 0x20, 0x21, 0x0a, 0x0c, 0x0b, 0x0b, 0x13, 0x66, 0x19, 0x62, 0x4a, 
    0x91, 0x61, 0x4e, 0x50, 0x3c, 0x3b, 0x21, 0x20, 0x25, 0x52, 0x12, 0x28, 
    0x28, 0x49, 0x49, 0x5f, 0x67, 0x35, 0x15, 0x0a, 0x04, 0x06, 0x04, 0x03, 
    0x03, 0x0d, 0x1e, 0x1e, 0x26, 0x28, 0x33, 0x33, 0x3b, 0x6b, 0x36, 0x02, 
    0xc3, 0x1d, 0x58, 0x58, 0x22, 0x23, 0x3a, 0x39, 0x42, 0x45, 0x33, 0x36, 
    0x34, 0x2e, 0x2a, 0x29, 0x21, 0x5a, 0x1c, 0x56, 0x56, 0x28, 0x27, 0x44, 
    0x44, 0x57, 0x57, 0x58, 0x61, 0x3d, 0x48, 0x28, 0x3e, 0x5e, 0x54, 0x56, 
    0x38, 0x37, 0x47, 0x21, 0x19, 0x17, 0x1a, 0x1d, 0x1a, 0x15, 0x18, 0x0f, 
    0x3b, 0x39, 0x38, 0x25, 0x27, 0x16, 0x15, 0x48, 0x00, 0x02, 0x00, 0x7b, 
    0xff, 0xee, 0x03, 0x1d, 0x03, 0xa5, 0x00, 0x25, 0x00, 0x29, 0x00, 0x50, 
    0xb0, 0x09, 0x1f, 0x01, 0x40, 0x0e, 0x22, 0x23, 0x25, 0x03, 0x00, 0x00, 
    0x01, 0x05, 0x03, 0x00, 0x18, 0x21, 0x03, 0x00, 0x2b, 0xb3, 0x00, 0x11, 
    0x06, 0x04, 0x2b, 0xb3, 0x00, 0x27, 0x29, 0x04, 0x2b, 0x31, 0xb0, 0x09, 
    0x1f, 0x00, 0xb1, 0x00, 0x0c, 0x42, 0xb5, 0x1f, 0x01, 0x07, 0x00, 0x0a, 
    0x00, 0x3f, 0x17, 0x3c, 0x2a, 0xb7, 0x00, 0x01, 0x12, 0x24, 0x25, 0x03, 
    0x11, 0x01, 0x3f, 0x17, 0x3c, 0x2a, 0x40, 0x0a, 0x00, 0x27, 0x01, 0x00, 
    0x29, 0x01, 0x00, 0x26, 0x28, 0x00, 0x2b, 0x30, 0x37, 0x07, 0x06, 0x07, 
    0x06, 0x07, 0x15, 0x14, 0x17, 0x16, 0x33, 0x32, 0x37, 0x36, 0x37, 0x36, 
    0x37, 0x13, 0x23, 0x03, 0x06, 0x07, 0x06, 0x07, 0x06, 0x07, 0x06, 0x07, 
    0x06, 0x07, 0x06, 0x23, 0x22, 0x35, 0x3f, 0x01, 0x13, 0x23, 0x25, 0x33, 
    0x27, 0x23, 0x83, 0x01, 0x02, 0x01, 0x02, 0x02, 0x41, 0x40, 0x7d, 0x49, 
    0x45, 0x46, 0x2f, 0x30, 0x11, 0x60, 0x60, 0x63, 0x06, 0x05, 0x0a, 0x07, 
    0x13, 0x1c, 0x1c, 0x23, 0x16, 0x10, 0x0f, 0x16, 0xa6, 0x05, 0x02, 0x64, 
    0x62, 0x01, 0x0e, 0x42, 0x3b, 0x6b, 0xf0, 0x06, 0x0f, 0x0a, 0x0d, 0x15, 
    0x03, 0x5b, 0x32, 0x31, 0x22, 0x23, 0x3f, 0x42, 0x56, 0x01, 0xc5, 0xfe, 
    0x2f, 0x1a, 0x0c, 0x18, 0x0c, 0x22, 0x19, 0x19, 0x0e, 0x09, 0x03, 0x04, 
    0x87, 0x1f, 0x16, 0x01, 0xd1, 0x4a, 0x8c, 0x20, 0x00, 0x02, 0x00, 0x7b, 
    0xff, 0xee, 0x03, 0x1d, 0x03, 0xa5, 0x00, 0x25, 0x00, 0x29, 0x00, 0x50, 
    0xb0, 0x09, 0x1f, 0x01, 0x40, 0x0e, 0x22, 0x23, 0x25, 0x03, 0x00, 0x00, 
    0x01, 0x05, 0x03, 0x00, 0x18, 0x21, 0x03, 0x00, 0x2b, 0xb3, 0x00, 0x11, 
    0x06, 0x04, 0x2b, 0xb3, 0x00, 0x29, 0x27, 0x04, 0x2b, 0x31, 0xb0, 0x09, 
    0x1f, 0x00, 0xb1, 0x00, 0x0c, 0x42, 0xb5, 0x1f, 0x01, 0x07, 0x00, 0x0a, 
    0x00, 0x3f, 0x17, 0x3c, 0x2a, 0xb7, 0x00, 0x01, 0x12, 0x24, 0x25, 0x03, 
    0x11, 0x01, 0x3f, 0x17, 0x3c, 0x2a, 0x40, 0x0a, 0x00, 0x29, 0x01, 0x00, 
    0x28, 0x01, 0x00, 0x26, 0x27, 0x00, 0x2b, 0x30, 0x37, 0x07, 0x06, 0x07, 
    0x06, 0x07, 0x15, 0x14, 0x17, 0x16, 0x33, 0x32, 0x37, 0x36, 0x37, 0x36, 
    0x37, 0x13, 0x23, 0x03, 0x06, 0x07, 0x06, 0x07, 0x06, 0x07, 0x06, 0x07, 
    0x06, 0x07, 0x06, 0x23, 0x22, 0x35, 0x3f, 0x01, 0x13, 0x23, 0x25, 0x07, 
    0x33, 0x37, 0x83, 0x01, 0x02, 0x01, 0x02, 0x02, 0x41, 0x40, 0x7d, 0x49, 
    0x45, 0x46, 0x2f, 0x30, 0x11, 0x60, 0x60, 0x63, 0x06, 0x05, 0x0a, 0x07, 
    0x13, 0x1c, 0x1c, 0x23, 0x16, 0x10, 0x0f, 0x16, 0xa6, 0x05, 0x02, 0x64, 
    0x62, 0x01, 0x6f, 0x77, 0x42, 0xa1, 0xf0, 0x06, 0x0f, 0x0a, 0x0d, 0x15, 
    0x03, 0x5b, 0x32, 0x31, 0x22, 0x23, 0x3f, 0x42, 0x56, 0x01, 0xc5, 0xfe, 
    0x2f, 0x1a, 0x0c, 0x18, 0x0c, 0x22, 0x19, 0x19, 0x0e, 0x09, 0x03, 0x04, 
    0x87, 0x1f, 0x16, 0x01, 0xd1, 0xd6, 0x8c, 0x8c, 0x00, 0x02, 0x00, 0x7b, 
    0xff, 0xee, 0x03, 0x1d, 0x03, 0xa5, 0x00, 0x25, 0x00, 0x2c, 0x00, 0x52, 
    0xb0, 0x09, 0x1f, 0x01, 0x40, 0x0e, 0x22, 0x23, 0x25, 0x03, 0x00, 0x00, 
    0x01, 0x05, 0x03, 0x00, 0x18, 0x21, 0x03, 0x00, 0x2b, 0xb3, 0x00, 0x11, 
    0x06, 0x04, 0x2b, 0xb3, 0x00, 0x28, 0x2b, 0x04, 0x2b, 0x31, 0xb0, 0x09, 
    0x1f, 0x00, 0xb1, 0x00, 0x0c, 0x42, 0xb5, 0x1f, 0x01, 0x07, 0x00, 0x0a, 
    0x00, 0x3f, 0x17, 0x3c, 0x2a, 0xb7, 0x00, 0x01, 0x12, 0x24, 0x25, 0x03, 
    0x11, 0x01, 0x3f, 0x17, 0x3c, 0x2a, 0x40, 0x0c, 0x00, 0x27, 0x28, 0x2b, 
    0x03, 0x00, 0x2a, 0x01, 0x00, 0x2c, 0x29, 0x00, 0x2b, 0x30, 0x37, 0x07, 
    0x06, 0x07, 0x06, 0x07, 0x15, 0x14, 0x17, 0x16, 0x33, 0x32, 0x37, 0x36, 
    0x37, 0x36, 0x37, 0x13, 0x23, 0x03, 0x06, 0x07, 0x06, 0x07, 0x06, 0x07, 
    0x06, 0x07, 0x06, 0x07, 0x06, 0x23, 0x22, 0x35, 0x3f, 0x01, 0x13, 0x23, 
    0x25, 0x17, 0x33, 0x27, 0x23, 0x07, 0x33, 0x83, 0x01, 0x02, 0x01, 0x02, 
    0x02, 0x41, 0x40, 0x7d, 0x49, 0x45, 0x46, 0x2f, 0x30, 0x11, 0x60, 0x60, 
    0x63, 0x06, 0x05, 0x0a, 0x07, 0x13, 0x1c, 0x1c, 0x23, 0x16, 0x10, 0x0f, 
    0x16, 0xa6, 0x05, 0x02, 0x64, 0x62, 0x01, 0x37, 0x2e, 0x51, 0x45, 0x5e, 
    0x81, 0x4f, 0xf0, 0x06, 0x0f, 0x0a, 0x0d, 0x15, 0x03, 0x5b, 0x32, 0x31, 
    0x22, 0x23, 0x3f, 0x42, 0x56, 0x01, 0xc5, 0xfe, 0x2f, 0x1a, 0x0c, 0x18, 
    0x0c, 0x22, 0x19, 0x19, 0x0e, 0x09, 0x03, 0x04, 0x87, 0x1f, 0x16, 0x01, 
    0xd1, 0xa6, 0x5e, 0x8e, 0x8e, 0x35, 0x15, 0x0a, 0x00, 0x03, 0x00, 0x7b, 
    0xff, 0xee, 0x03, 0x1d, 0x03, 0x8a, 0x00, 0x25, 0x00, 0x29, 0x00, 0x2d, 
    0x00, 0x5a, 0xb0, 0x09, 0x1f, 0x01, 0x40, 0x0e, 0x22, 0x23, 0x25, 0x03, 
    0x00, 0x00, 0x01, 0x05, 0x03, 0x00, 0x18, 0x21, 0x03, 0x00, 0x2b, 0xb3, 
    0x00, 0x11, 0x06, 0x04, 0x2b, 0xb3, 0x18, 0x29, 0x27, 0x04, 0x2b, 0xb3, 
    0x18, 0x2d, 0x2b, 0x04, 0x2b, 0x31, 0xb0, 0x09, 0x1f, 0x00, 0xb1, 0x00, 
    0x0c, 0x42, 0xb5, 0x1f, 0x01, 0x07, 0x00, 0x0a, 0x00, 0x3f, 0x17, 0x3c, 
    0x2a, 0xb7, 0x00, 0x01, 0x12, 0x24, 0x25, 0x03, 0x11, 0x01, 0x3f, 0x17, 
    0x3c, 0x2a, 0x40, 0x0e, 0x00, 0x26, 0x29, 0x2d, 0x03, 0x00, 0x28, 0x2b, 
    0x2c, 0x03, 0x0c, 0x2a, 0x27, 0x00, 0x2b, 0x30, 0x37, 0x07, 0x06, 0x07, 
    0x06, 0x07, 0x15, 0x14, 0x17, 0x16, 0x33, 0x32, 0x37, 0x36, 0x37, 0x36, 
    0x37, 0x13, 0x23, 0x03, 0x06, 0x07, 0x06, 0x07, 0x06, 0x07, 0x06, 0x07, 
    0x06, 0x07, 0x06, 0x23, 0x22, 0x35, 0x3f, 0x01, 0x13, 0x23, 0x37, 0x07, 
    0x33, 0x37, 0x33, 0x07, 0x33, 0x37, 0x83, 0x01, 0x02, 0x01, 0x02, 0x02, 
    0x41, 0x40, 0x7d, 0x49, 0x45, 0x46, 0x2f, 0x30, 0x11, 0x60, 0x60, 0x63, 
    0x06, 0x05, 0x0a, 0x07, 0x13, 0x1c, 0x1c, 0x23, 0x16, 0x10, 0x0f, 0x16, 
    0xa6, 0x05, 0x02, 0x64, 0x62, 0xbf, 0x17, 0x5c, 0x15, 0x49, 0x16, 0x5a, 
    0x15, 0xf0, 0x06, 0x0f, 0x0a, 0x0d, 0x15, 0x03, 0x5b, 0x32, 0x31, 0x22, 
    0x23, 0x3f, 0x42, 0x56, 0x01, 0xc5, 0xfe, 0x2f, 0x1a, 0x0c, 0x18, 0x0c, 
    0x22, 0x19, 0x19, 0x0e, 0x09, 0x03, 0x04, 0x87, 0x1f, 0x16, 0x01, 0xd1, 
    0xbb, 0x66, 0x66, 0x66, 0x66, 0x28, 0x33, 0x33, 0x00, 0x02, 0x00, 0xa8, 
    0x00, 0x00, 0x03, 0x27, 0x03, 0xa5, 0x00, 0x08, 0x00, 0x0c, 0x00, 0x3b, 
    0xb0, 0x09, 0x1f, 0x01, 0xb3, 0x00, 0x03, 0x07, 0x04, 0x2b, 0xb3, 0x00, 
    0x0c, 0x0a, 0x04, 0x2b, 0x31, 0xb0, 0x09, 0x1f, 0x00, 0xb5, 0x00, 0x01, 
    0x01, 0x01, 0x00, 0x00, 0x3f, 0x17, 0x3c, 0x2a, 0xb7, 0x00, 0x01, 0x04, 
    0x06, 0x07, 0x03, 0x03, 0x01, 0x3f, 0x17, 0x3c, 0x2a, 0x40, 0x0a, 0x00, 
    0x0c, 0x01, 0x00, 0x0b, 0x01, 0x00, 0x09, 0x0a, 0x00, 0x2b, 0x30, 0x25, 
    0x33, 0x13, 0x01, 0x23, 0x01, 0x03, 0x23, 0x1b, 0x01, 0x07, 0x33, 0x37, 
    0x01, 0x1d, 0x62, 0x3c, 0x01, 0x6c, 0x72, 0xfe, 0xe7, 0x85, 0x6f, 0xb2, 
    0xfd, 0x77, 0x42, 0xa1, 0x00, 0x01, 0x21, 0x01, 0xae, 0xfe, 0xa6, 0x01, 
    0x5a, 0xfe, 0x54, 0x02, 0x82, 0x8c, 0x8c, 0x32, 0x00, 0x02, 0x00, 0x56, 
    0x00, 0x00, 0x02, 0xc7, 0x02, 0xcf, 0x00, 0x10, 0x00, 0x1d, 0x00, 0x5e, 
    0xb0, 0x09, 0x1f, 0x01, 0xb3, 0x18, 0x09, 0x17, 0x04, 0x2b, 0x31, 0x40, 
    0x0b, 0x1d, 0x1b, 0x19, 0x15, 0x0e, 0x0d, 0x05, 0x07, 0x00, 0x09, 0x02, 
    0x2b, 0xb5, 0x0b, 0x07, 0x02, 0x09, 0x17, 0x02, 0x2b, 0xb0, 0x09, 0x1f, 
    0x00, 0xb5, 0x00, 0x01, 0x01, 0x01, 0x00, 0x00, 0x3f, 0x17, 0x3c, 0x2a, 
    0xb3, 0x0c, 0x02, 0x11, 0x04, 0x2b, 0xb3, 0x0c, 0x03, 0x1d, 0x04, 0x2b, 
    0xb3, 0x0c, 0x0d, 0x13, 0x04, 0x2b, 0xb3, 0x0c, 0x0e, 0x12, 0x04, 0x2b, 
    0xb5, 0x00, 0x01, 0x10, 0x01, 0x0f, 0x01, 0x3f, 0x17, 0x3c, 0x2a, 0x30, 
    0xb7, 0x1b, 0x19, 0x17, 0x15, 0x04, 0x03, 0x0d, 0x02, 0x2b, 0x37, 0x33, 
    0x37, 0x33, 0x32, 0x37, 0x36, 0x37, 0x36, 0x35, 0x34, 0x27, 0x26, 0x2b, 
    0x01, 0x37, 0x23, 0x11, 0x3f, 0x01, 0x32, 0x17, 0x16, 0x15, 0x14, 0x07, 
    0x06, 0x07, 0x06, 0x23, 0x56, 0x62, 0x25, 0xea, 0x46, 0x3b, 0x3a, 0x23, 
    0x22, 0x2e, 0x2e, 0x50, 0xe6, 0x1b, 0x62, 0x37, 0xcf, 0x2a, 0x22, 0x21, 
    0x16, 0x16, 0x27, 0x26, 0x2f, 0x00, 0xb8, 0x25, 0x24, 0x3b, 0x3a, 0x45, 
    0x4d, 0x28, 0x28, 0x77, 0xfe, 0x3d, 0xf6, 0x02, 0x12, 0x13, 0x33, 0x2f, 
    0x23, 0x25, 0x15, 0x16, 0x00, 0x01, 0x00, 0x42, 0xff, 0xf0, 0x02, 0x90, 
    0x02, 0xd9, 0x00, 0x47, 0x00, 0x8d, 0xb0, 0x09, 0x1f, 0x01, 0x40, 0x0a, 
    0x00, 0x00, 0x0a, 0x3e, 0x02, 0x00, 0x18, 0x3a, 0x0c, 0x00, 0x2b, 0x40, 
    0x0d, 0x2c, 0x2e, 0x02, 0x00, 0x1a, 0x26, 0x34, 0x03, 0x00, 0x18, 0x2a, 
    0x19, 0x00, 0x2b, 0x31, 0x40, 0x1d, 0x00, 0x47, 0x46, 0x44, 0x42, 0x40, 
    0x38, 0x24, 0x22, 0x20, 0x1f, 0x1e, 0x1c, 0x17, 0x15, 0x14, 0x13, 0x12, 
    0x10, 0x0e, 0x08, 0x06, 0x04, 0x02, 0x01, 0x19, 0x00, 0x3a, 0x02, 0x2b, 
    0xb7, 0x36, 0x32, 0x30, 0x28, 0x04, 0x2a, 0x19, 0x02, 0x2b, 0xb4, 0x3c, 
    0x01, 0x3a, 0x0c, 0x02, 0x2b, 0xb0, 0x09, 0x1f, 0x00, 0xb5, 0x00, 0x01, 
    0x01, 0x01, 0x00, 0x00, 0x3f, 0x17, 0x3c, 0x2a, 0xb1, 0x00, 0x0c, 0x42, 
    0xb5, 0x06, 0x01, 0x07, 0x00, 0x40, 0x01, 0x3f, 0x17, 0x3c, 0x2a, 0x40, 
    0x09, 0x00, 0x00, 0x00, 0x13, 0x01, 0x0c, 0x17, 0x12, 0x00, 0x2b, 0xb1, 
    0x00, 0x0c, 0x42, 0xb5, 0x1e, 0x01, 0x07, 0x00, 0x22, 0x00, 0x3f, 0x17, 
    0x3c, 0x2a, 0x30, 0x37, 0x33, 0x13, 0x36, 0x37, 0x36, 0x33, 0x32, 0x17, 
    0x16, 0x17, 0x16, 0x15, 0x14, 0x07, 0x06, 0x07, 0x06, 0x23, 0x2f, 0x01, 
    0x07, 0x36, 0x33, 0x32, 0x15, 0x07, 0x06, 0x07, 0x06, 0x23, 0x27, 0x07, 
    0x16, 0x33, 0x32, 0x37, 0x36, 0x37, 0x36, 0x37, 0x36, 0x35, 0x34, 0x27, 
    0x26, 0x35, 0x26, 0x27, 0x26, 0x27, 0x26, 0x27, 0x36, 0x37, 0x36, 0x37, 
    0x36, 0x35, 0x34, 0x27, 0x26, 0x27, 0x26, 0x23, 0x22, 0x07, 0x06, 0x07, 
    0x06, 0x0f, 0x01, 0x42, 0x58, 0x6c, 0x11, 0x26, 0x26, 0x51, 0x28, 0x21, 
    0x1f, 0x0d, 0x0d, 0x1c, 0x1b, 0x2b, 0x2c, 0x27, 0x0b, 0x0d, 0x11, 0x0b, 
    0x1e, 0x90, 0x04, 0x10, 0x33, 0x35, 0x51, 0x2d, 0x0f, 0x1e, 0x16, 0x3c, 
    0x37, 0x39, 0x2b, 0x2a, 0x1a, 0x18, 0x09, 0x01, 0x09, 0x03, 0x08, 0x08, 
    0x14, 0x1a, 0x23, 0x1b, 0x1a, 0x0f, 0x0e, 0x18, 0x1a, 0x2d, 0x2d, 0x3f, 
    0x4b, 0x38, 0x3a, 0x22, 0x24, 0x0e, 0x06, 0x00, 0x01, 0xfe, 0x47, 0x23, 
    0x24, 0x0b, 0x0e, 0x14, 0x14, 0x1c, 0x2d, 0x1e, 0x1e, 0x0e, 0x0e, 0x01, 
    0x01, 0x4e, 0x04, 0x66, 0x27, 0x4b, 0x25, 0x26, 0x03, 0x4a, 0x08, 0x15, 
    0x16, 0x26, 0x26, 0x35, 0x35, 0x3d, 0x1c, 0x1b, 0x02, 0x01, 0x12, 0x06, 
    0x0c, 0x08, 0x15, 0x07, 0x12, 0x1d, 0x1e, 0x24, 0x25, 0x24, 0x2c, 0x21, 
    0x22, 0x10, 0x10, 0x19, 0x1a, 0x2b, 0x2e, 0x3a, 0x13, 0x08, 0x09, 0x0f, 
    0x00, 0x03, 0x00, 0x3d, 0xff, 0xf0, 0x02, 0x2f, 0x02, 0xde, 0x00, 0x41, 
    0x00, 0x54, 0x00, 0x58, 0x00, 0xb9, 0xb0, 0x09, 0x1f, 0x01, 0x40, 0x0a, 
    0x00, 0x00, 0x08, 0x09, 0x02, 0x00, 0x18, 0x42, 0x0a, 0x00, 0x2b, 0x40, 
    0x0c, 0x1c, 0x24, 0x02, 0x00, 0x00, 0x19, 0x02, 0x00, 0x18, 0x23, 0x1a, 
    0x00, 0x2b, 0x40, 0x0c, 0x00, 0x2a, 0x01, 0x3c, 0x3d, 0x3e, 0x03, 0x00, 
    0x18, 0x29, 0x3b, 0x00, 0x2b, 0x40, 0x0d, 0x3e, 0x40, 0x49, 0x03, 0x00, 
    0x37, 0x4e, 0x02, 0x00, 0x00, 0x56, 0x58, 0x00, 0x2b, 0x31, 0x40, 0x09, 
    0x53, 0x51, 0x50, 0x46, 0x44, 0x05, 0x42, 0x58, 0x02, 0x2b, 0xb6, 0x4c, 
    0x4a, 0x47, 0x03, 0x56, 0x58, 0x02, 0x2b, 0xb0, 0x09, 0x1f, 0x00, 0x40, 
    0x0a, 0x00, 0x00, 0x00, 0x35, 0x3e, 0x02, 0x0c, 0x00, 0x34, 0x00, 0x2b, 
    0xb1, 0x00, 0x0c, 0x42, 0xb5, 0x51, 0x01, 0x07, 0x00, 0x0e, 0x00, 0x3f, 
    0x17, 0x3c, 0x2a, 0xb1, 0x00, 0x0c, 0x42, 0xb5, 0x1f, 0x01, 0x07, 0x00, 
    0x1c, 0x00, 0x3f, 0x17, 0x3c, 0x2a, 0xb1, 0x00, 0x0c, 0x42, 0xb5, 0x39, 
    0x01, 0x07, 0x00, 0x2e, 0x02, 0x3f, 0x17, 0x3c, 0x2a, 0xb5, 0x00, 0x01, 
    0x56, 0x01, 0x55, 0x08, 0x3f, 0x17, 0x3c, 0x2a, 0xb5, 0x00, 0x01, 0x58, 
    0x01, 0x57, 0x01, 0x3f, 0x17, 0x3c, 0x2a, 0x30, 0x40, 0x0c, 0x42, 0x53, 
    0x4c, 0x4a, 0x49, 0x47, 0x46, 0x44, 0x08, 0x0e, 0x34, 0x02, 0x2b, 0x01, 
    0x06, 0x07, 0x06, 0x07, 0x06, 0x07, 0x06, 0x0f, 0x02, 0x14, 0x17, 0x16, 
    0x33, 0x32, 0x37, 0x36, 0x37, 0x36, 0x37, 0x36, 0x3f, 0x01, 0x36, 0x37, 
    0x07, 0x14, 0x33, 0x32, 0x3f, 0x01, 0x22, 0x07, 0x26, 0x35, 0x37, 0x13, 
    0x36, 0x37, 0x36, 0x37, 0x35, 0x34, 0x27, 0x26, 0x23, 0x22, 0x07, 0x06, 
    0x07, 0x06, 0x07, 0x33, 0x36, 0x37, 0x36, 0x33, 0x32, 0x15, 0x0f, 0x02, 
    0x06, 0x07, 0x06, 0x05, 0x34, 0x37, 0x36, 0x3f, 0x01, 0x36, 0x37, 0x07, 
    0x06, 0x07, 0x06, 0x07, 0x06, 0x23, 0x07, 0x22, 0x27, 0x26, 0x13, 0x33, 
    0x27, 0x23, 0x01, 0x9e, 0x3f, 0x4a, 0x33, 0x2e, 0x2a, 0x1d, 0x1e, 0x0d, 
    0x03, 0x02, 0x28, 0x29, 0x3f, 0x1e, 0x26, 0x05, 0x04, 0x16, 0x06, 0x07, 
    0x11, 0x08, 0x25, 0x19, 0x04, 0x4d, 0x21, 0x15, 0x0e, 0x12, 0x0f, 0x18, 
    0x04, 0x3f, 0x01, 0x01, 0x01, 0x01, 0x2a, 0x2b, 0x5d, 0x48, 0x33, 0x32, 
    0x1d, 0x1e, 0x0a, 0x52, 0x13, 0x25, 0x23, 0x2f, 0x70, 0x01, 0x01, 0x06, 
    0x03, 0x0d, 0x0d, 0xfe, 0xea, 0x1e, 0x1d, 0x1a, 0x64, 0x49, 0x1b, 0x15, 
    0x0c, 0x36, 0x1f, 0x19, 0x20, 0x1c, 0x08, 0x28, 0x11, 0x11, 0xe3, 0x42, 
    0x3b, 0x6b, 0x01, 0x3e, 0x06, 0x0a, 0x07, 0x12, 0x10, 0x22, 0x20, 0x38, 
    0x13, 0x14, 0x35, 0x1f, 0x20, 0x0b, 0x01, 0x02, 0x07, 0x03, 0x02, 0x0a, 
    0x04, 0x15, 0x19, 0x15, 0x39, 0x0a, 0x3d, 0x04, 0x05, 0x0c, 0x12, 0x01, 
    0x2b, 0x02, 0x04, 0x04, 0x05, 0x10, 0x35, 0x1f, 0x1f, 0x18, 0x19, 0x26, 
    0x27, 0x30, 0x3d, 0x14, 0x13, 0x43, 0x08, 0x07, 0x12, 0x12, 0x0d, 0x0d, 
    0xc0, 0x2d, 0x18, 0x18, 0x04, 0x10, 0x0a, 0x0e, 0x5c, 0x38, 0x1d, 0x0f, 
    0x07, 0x08, 0x02, 0x12, 0x13, 0x01, 0xf4, 0x8c, 0x00, 0x03, 0x00, 0x3d, 
    0xff, 0xf0, 0x02, 0x4c, 0x02, 0xde, 0x00, 0x41, 0x00, 0x54, 0x00, 0x58, 
    0x00, 0xac, 0xb0, 0x09, 0x1f, 0x01, 0x40, 0x0a, 0x00, 0x00, 0x08, 0x09, 
    0x02, 0x00, 0x18, 0x42, 0x0a, 0x00, 0x2b, 0x40, 0x0c, 0x1c, 0x24, 0x02, 
    0x00, 0x00, 0x19, 0x02, 0x00, 0x18, 0x23, 0x1a, 0x00, 0x2b, 0x40, 0x0d, 
    0x00, 0x2a, 0x01, 0x3c, 0x3d, 0x3e, 0x55, 0x04, 0x00, 0x18, 0x29, 0x3b, 
    0x00, 0x2b, 0xb3, 0x00, 0x58, 0x56, 0x04, 0x2b, 0x31, 0x40, 0x0e, 0x53, 
    0x51, 0x50, 0x4e, 0x4c, 0x4a, 0x49, 0x47, 0x46, 0x44, 0x0a, 0x42, 0x3b, 
    0x02, 0x2b, 0xb0, 0x09, 0x1f, 0x00, 0x40, 0x0a, 0x00, 0x00, 0x00, 0x35, 
    0x3e, 0x02, 0x0c, 0x00, 0x34, 0x00, 0x2b, 0xb1, 0x00, 0x0c, 0x42, 0xb5, 
    0x51, 0x01, 0x07, 0x00, 0x0e, 0x00, 0x3f, 0x17, 0x3c, 0x2a, 0xb1, 0x00, 
    0x0c, 0x42, 0xb5, 0x1f, 0x01, 0x07, 0x00, 0x1c, 0x00, 0x3f, 0x17, 0x3c, 
    0x2a, 0xb1, 0x00, 0x0c, 0x42, 0xb5, 0x39, 0x01, 0x07, 0x00, 0x2e, 0x02, 
    0x3f, 0x17, 0x3c, 0x2a, 0xb5, 0x00, 0x01, 0x58, 0x01, 0x55, 0x01, 0x3f, 
    0x17, 0x3c, 0x2a, 0xb5, 0x00, 0x01, 0x57, 0x01, 0x56, 0x08, 0x3f, 0x17, 
    0x3c, 0x2a, 0x30, 0x40, 0x0c, 0x42, 0x53, 0x4c, 0x4a, 0x49, 0x47, 0x46, 
    0x44, 0x08, 0x0e, 0x34, 0x02, 0x2b, 0x01, 0x06, 0x07, 0x06, 0x07, 0x06, 
    0x07, 0x06, 0x0f, 0x02, 0x14, 0x17, 0x16, 0x33, 0x32, 0x37, 0x36, 0x37, 
    0x36, 0x37, 0x36, 0x3f, 0x01, 0x36, 0x37, 0x07, 0x14, 0x33, 0x32, 0x3f, 
    0x01, 0x22, 0x07, 0x26, 0x35, 0x37, 0x13, 0x36, 0x37, 0x36, 0x37, 0x35, 
    0x34, 0x27, 0x26, 0x23, 0x22, 0x07, 0x06, 0x07, 0x06, 0x07, 0x33, 0x36, 
    0x37, 0x36, 0x33, 0x32, 0x15, 0x0f, 0x02, 0x06, 0x07, 0x06, 0x05, 0x34, 
    0x37, 0x36, 0x3f, 0x01, 0x36, 0x37, 0x07, 0x06, 0x07, 0x06, 0x07, 0x06, 
    0x23, 0x07, 0x22, 0x27, 0x26, 0x01, 0x07, 0x33, 0x37, 0x01, 0x9e, 0x3f, 
    0x4a, 0x33, 0x2e, 0x2a, 0x1d, 0x1e, 0x0d, 0x03, 0x02, 0x28, 0x29, 0x3f, 
    0x1e, 0x26, 0x05, 0x04, 0x16, 0x06, 0x07, 0x11, 0x08, 0x25, 0x19, 0x04, 
    0x4d, 0x21, 0x15, 0x0e, 0x12, 0x0f, 0x18, 0x04, 0x3f, 0x01, 0x01, 0x01, 
    0x01, 0x2a, 0x2b, 0x5d, 0x48, 0x33, 0x32, 0x1d, 0x1e, 0x0a, 0x52, 0x13, 
    0x25, 0x23, 0x2f, 0x70, 0x01, 0x01, 0x06, 0x03, 0x0d, 0x0d, 0xfe, 0xea, 
    0x1e, 0x1d, 0x1a, 0x64, 0x49, 0x1b, 0x15, 0x0c, 0x36, 0x1f, 0x19, 0x20, 
    0x1c, 0x08, 0x28, 0x11, 0x11, 0x01, 0x44, 0x77, 0x42, 0xa1, 0x01, 0x3e, 
    0x06, 0x0a, 0x07, 0x12, 0x10, 0x22, 0x20, 0x38, 0x13, 0x14, 0x35, 0x1f, 
    0x20, 0x0b, 0x01, 0x02, 0x07, 0x03, 0x02, 0x0a, 0x04, 0x15, 0x19, 0x15, 
    0x39, 0x0a, 0x3d, 0x04, 0x05, 0x0c, 0x12, 0x01, 0x2b, 0x02, 0x04, 0x04, 
    0x05, 0x10, 0x35, 0x1f, 0x1f, 0x18, 0x19, 0x26, 0x27, 0x30, 0x3d, 0x14, 
    0x13, 0x43, 0x08, 0x07, 0x12, 0x12, 0x0d, 0x0d, 0xc0, 0x2d, 0x18, 0x18, 
    0x04, 0x10, 0x0a, 0x0e, 0x5c, 0x38, 0x1d, 0x0f, 0x07, 0x08, 0x02, 0x12, 
    0x13, 0x02, 0x80, 0x8c, 0x8c, 0x38, 0x1d, 0x0f, 0x00, 0x03, 0x00, 0x3d, 
    0xff, 0xf0, 0x02, 0x2f, 0x02, 0xe0, 0x00, 0x41, 0x00, 0x54, 0x00, 0x5b, 
    0x00, 0xae, 0xb0, 0x09, 0x1f, 0x01, 0x40, 0x0a, 0x00, 0x00, 0x08, 0x09, 
    0x02, 0x00, 0x18, 0x42, 0x0a, 0x00, 0x2b, 0x40, 0x0c, 0x1c, 0x24, 0x02, 
    0x00, 0x00, 0x19, 0x02, 0x00, 0x18, 0x23, 0x1a, 0x00, 0x2b, 0x40, 0x0d, 
    0x00, 0x2a, 0x01, 0x3c, 0x3d, 0x3e, 0x56, 0x04, 0x00, 0x18, 0x29, 0x3b, 
    0x00, 0x2b, 0xb3, 0x00, 0x57, 0x5a, 0x04, 0x2b, 0x31, 0x40, 0x0e, 0x53, 
    0x51, 0x50, 0x4e, 0x4c, 0x4a, 0x49, 0x47, 0x46, 0x44, 0x0a, 0x42, 0x3b, 
    0x02, 0x2b, 0xb0, 0x09, 0x1f, 0x00, 0x40, 0x0a, 0x00, 0x00, 0x00, 0x35, 
    0x3e, 0x02, 0x0c, 0x00, 0x34, 0x00, 0x2b, 0xb1, 0x00, 0x0c, 0x42, 0xb5, 
    0x51, 0x01, 0x07, 0x00, 0x0e, 0x00, 0x3f, 0x17, 0x3c, 0x2a, 0xb1, 0x00, 
    0x0c, 0x42, 0xb5, 0x1f, 0x01, 0x07, 0x00, 0x1c, 0x00, 0x3f, 0x17, 0x3c, 
    0x2a, 0xb1, 0x00, 0x0c, 0x42, 0xb5, 0x39, 0x01, 0x07, 0x00, 0x2e, 0x02, 
    0x3f, 0x17, 0x3c, 0x2a, 0xb7, 0x00, 0x01, 0x57, 0x5a, 0x5b, 0x03, 0x56, 
    0x08, 0x3f, 0x17, 0x3c, 0x2a, 0xb5, 0x00, 0x01, 0x59, 0x01, 0x58, 0x01, 
    0x3f, 0x17, 0x3c, 0x2a, 0x30, 0x40, 0x0c, 0x42, 0x53, 0x4c, 0x4a, 0x49, 
    0x47, 0x46, 0x44, 0x08, 0x0e, 0x34, 0x02, 0x2b, 0x01, 0x06, 0x07, 0x06, 
    0x07, 0x06, 0x07, 0x06, 0x0f, 0x02, 0x14, 0x17, 0x16, 0x33, 0x32, 0x37, 
    0x36, 0x37, 0x36, 0x37, 0x36, 0x3f, 0x01, 0x36, 0x37, 0x07, 0x14, 0x33, 
    0x32, 0x3f, 0x01, 0x22, 0x07, 0x26, 0x35, 0x37, 0x13, 0x36, 0x37, 0x36, 
    0x37, 0x35, 0x34, 0x27, 0x26, 0x23, 0x22, 0x07, 0x06, 0x07, 0x06, 0x07, 
    0x33, 0x36, 0x37, 0x36, 0x33, 0x32, 0x15, 0x0f, 0x02, 0x06, 0x07, 0x06, 
    0x05, 0x34, 0x37, 0x36, 0x3f, 0x01, 0x36, 0x37, 0x07, 0x06, 0x07, 0x06, 
    0x07, 0x06, 0x23, 0x07, 0x22, 0x27, 0x26, 0x01, 0x17, 0x33, 0x27, 0x23, 
    0x07, 0x33, 0x01, 0x9e, 0x3f, 0x4a, 0x33, 0x2e, 0x2a, 0x1d, 0x1e, 0x0d, 
    0x03, 0x02, 0x28, 0x29, 0x3f, 0x1e, 0x26, 0x05, 0x04, 0x16, 0x06, 0x07, 
    0x11, 0x08, 0x25, 0x19, 0x04, 0x4d, 0x21, 0x15, 0x0e, 0x12, 0x0f, 0x18, 
    0x04, 0x3f, 0x01, 0x01, 0x01, 0x01, 0x2a, 0x2b, 0x5d, 0x48, 0x33, 0x32, 
    0x1d, 0x1e, 0x0a, 0x52, 0x13, 0x25, 0x23, 0x2f, 0x70, 0x01, 0x01, 0x06, 
    0x03, 0x0d, 0x0d, 0xfe, 0xea, 0x1e, 0x1d, 0x1a, 0x64, 0x49, 0x1b, 0x15, 
    0x0c, 0x36, 0x1f, 0x19, 0x20, 0x1c, 0x08, 0x28, 0x11, 0x11, 0x01, 0x0c, 
    0x2e, 0x51, 0x45, 0x5e, 0x81, 0x4f, 0x01, 0x3e, 0x06, 0x0a, 0x07, 0x12, 
    0x10, 0x22, 0x20, 0x38, 0x13, 0x14, 0x35, 0x1f, 0x20, 0x0b, 0x01, 0x02, 
    0x07, 0x03, 0x02, 0x0a, 0x04, 0x15, 0x19, 0x15, 0x39, 0x0a, 0x3d, 0x04, 
    0x05, 0x0c, 0x12, 0x01, 0x2b, 0x02, 0x04, 0x04, 0x05, 0x10, 0x35, 0x1f, 
    0x1f, 0x18, 0x19, 0x26, 0x27, 0x30, 0x3d, 0x14, 0x13, 0x43, 0x08, 0x07, 
    0x12, 0x12, 0x0d, 0x0d, 0xc0, 0x2d, 0x18, 0x18, 0x04, 0x10, 0x0a, 0x0e, 
    0x5c, 0x38, 0x1d, 0x0f, 0x07, 0x08, 0x02, 0x12, 0x13, 0x02, 0x52, 0x5e, 
    0x8e, 0x8e, 0xf4, 0x8c, 0x00, 0x03, 0x00, 0x3d, 0xff, 0xf0, 0x02, 0x52, 
    0x02, 0xd5, 0x00, 0x41, 0x00, 0x54, 0x00, 0x70, 0x00, 0xb9, 0xb0, 0x09, 
    0x1f, 0x01, 0x40, 0x0a, 0x00, 0x00, 0x08, 0x09, 0x02, 0x00, 0x18, 0x42, 
    0x0a, 0x00, 0x2b, 0x40, 0x0c, 0x1c, 0x24, 0x02, 0x00, 0x00, 0x19, 0x02, 
    0x00, 0x18, 0x23, 0x1a, 0x00, 0x2b, 0x40, 0x0c, 0x00, 0x2a, 0x01, 0x3c, 
    0x3d, 0x3e, 0x03, 0x00, 0x18, 0x29, 0x3b, 0x00, 0x2b, 0xb3, 0x00, 0x70, 
    0x64, 0x04, 0x2b, 0x31, 0x40, 0x0e, 0x53, 0x51, 0x50, 0x4e, 0x4c, 0x4a, 
    0x49, 0x47, 0x46, 0x44, 0x0a, 0x42, 0x3b, 0x02, 0x2b, 0xb0, 0x09, 0x1f, 
    0x00, 0x40, 0x0a, 0x00, 0x00, 0x00, 0x35, 0x3e, 0x02, 0x0c, 0x00, 0x34, 
    0x00, 0x2b, 0xb1, 0x00, 0x0c, 0x42, 0xb5, 0x51, 0x01, 0x07, 0x00, 0x0e, 
    0x00, 0x3f, 0x17, 0x3c, 0x2a, 0xb1, 0x00, 0x0c, 0x42, 0xb5, 0x1f, 0x01, 
    0x07, 0x00, 0x1c, 0x00, 0x3f, 0x17, 0x3c, 0x2a, 0xb1, 0x00, 0x0c, 0x42, 
    0xb5, 0x39, 0x01, 0x07, 0x00, 0x2e, 0x02, 0x3f, 0x17, 0x3c, 0x2a, 0xb6, 
    0x5c, 0x01, 0x01, 0x70, 0x01, 0x55, 0x01, 0x3f, 0x17, 0x3c, 0x2a, 0xb3, 
    0x0c, 0x59, 0x6e, 0x04, 0x2b, 0xb3, 0x0c, 0x5e, 0x69, 0x04, 0x2b, 0xb6, 
    0x6c, 0x01, 0x01, 0x65, 0x01, 0x64, 0x08, 0x3f, 0x17, 0x3c, 0x2a, 0x30, 
    0x40, 0x0c, 0x42, 0x53, 0x4c, 0x4a, 0x49, 0x47, 0x46, 0x44, 0x08, 0x0e, 
    0x34, 0x02, 0x2b, 0x01, 0x06, 0x07, 0x06, 0x07, 0x06, 0x07, 0x06, 0x0f, 
    0x02, 0x14, 0x17, 0x16, 0x33, 0x32, 0x37, 0x36, 0x37, 0x36, 0x37, 0x36, 
    0x3f, 0x01, 0x36, 0x37, 0x07, 0x14, 0x33, 0x32, 0x3f, 0x01, 0x22, 0x07, 
    0x26, 0x35, 0x37, 0x13, 0x36, 0x37, 0x36, 0x37, 0x35, 0x34, 0x27, 0x26, 
    0x23, 0x22, 0x07, 0x06, 0x07, 0x06, 0x07, 0x33, 0x36, 0x37, 0x36, 0x33, 
    0x32, 0x15, 0x0f, 0x02, 0x06, 0x07, 0x06, 0x05, 0x34, 0x37, 0x36, 0x3f, 
    0x01, 0x36, 0x37, 0x07, 0x06, 0x07, 0x06, 0x07, 0x06, 0x23, 0x07, 0x22, 
    0x27, 0x26, 0x01, 0x06, 0x07, 0x06, 0x23, 0x26, 0x2f, 0x01, 0x26, 0x23, 
    0x22, 0x07, 0x06, 0x07, 0x06, 0x07, 0x33, 0x36, 0x37, 0x36, 0x33, 0x32, 
    0x1f, 0x01, 0x16, 0x17, 0x32, 0x37, 0x01, 0x9e, 0x3f, 0x4a, 0x33, 0x2e, 
    0x2a, 0x1d, 0x1e, 0x0d, 0x03, 0x02, 0x28, 0x29, 0x3f, 0x1e, 0x26, 0x05, 
    0x04, 0x16, 0x06, 0x07, 0x11, 0x08, 0x25, 0x19, 0x04, 0x4d, 0x21, 0x15, 
    0x0e, 0x12, 0x0f, 0x18, 0x04, 0x3f, 0x01, 0x01, 0x01, 0x01, 0x2a, 0x2b, 
    0x5d, 0x48, 0x33, 0x32, 0x1d, 0x1e, 0x0a, 0x52, 0x13, 0x25, 0x23, 0x2f, 
    0x70, 0x01, 0x01, 0x06, 0x03, 0x0d, 0x0d, 0xfe, 0xea, 0x1e, 0x1d, 0x1a, 
    0x64, 0x49, 0x1b, 0x15, 0x0c, 0x36, 0x1f, 0x19, 0x20, 0x1c, 0x08, 0x28, 
    0x11, 0x11, 0x01, 0x83, 0x04, 0x0f, 0x10, 0x15, 0x13, 0x12, 0x2b, 0x1b, 
    0x1c, 0x1c, 0x17, 0x18, 0x12, 0x14, 0x0a, 0x2f, 0x0a, 0x0d, 0x0b, 0x17, 
    0x09, 0x14, 0x37, 0x12, 0x26, 0x50, 0x29, 0x01, 0x3e, 0x06, 0x0a, 0x07, 
    0x12, 0x10, 0x22, 0x20, 0x38, 0x13, 0x14, 0x35, 0x1f, 0x20, 0x0b, 0x01, 
    0x02, 0x07, 0x03, 0x02, 0x0a, 0x04, 0x15, 0x19, 0x15, 0x39, 0x0a, 0x3d, 
    0x04, 0x05, 0x0c, 0x12, 0x01, 0x2b, 0x02, 0x04, 0x04, 0x05, 0x10, 0x35, 
    0x1f, 0x1f, 0x18, 0x19, 0x26, 0x27, 0x30, 0x3d, 0x14, 0x13, 0x43, 0x08, 
    0x07, 0x12, 0x12, 0x0d, 0x0d, 0xc0, 0x2d, 0x18, 0x18, 0x04, 0x10, 0x0a, 
    0x0e, 0x5c, 0x38, 0x1d, 0x0f, 0x07, 0x08, 0x02, 0x12, 0x13, 0x02, 0x77, 
    0x14, 0x0f, 0x0e, 0x03, 0x07, 0x13, 0x0c, 0x0d, 0x0d, 0x1a, 0x1a, 0x20, 
    0x14, 0x0d, 0x0c, 0x05, 0x14, 0x07, 0x05, 0x6e, 0x00, 0x04, 0x00, 0x3d, 
    0xff, 0xf0, 0x02, 0x2f, 0x02, 0xc3, 0x00, 0x41, 0x00, 0x54, 0x00, 0x58, 
    0x00, 0x5c, 0x00, 0xc5, 0xb0, 0x09, 0x1f, 0x01, 0x40, 0x0a, 0x00, 0x00, 
    0x08, 0x09, 0x02, 0x00, 0x18, 0x42, 0x0a, 0x00, 0x2b, 0x40, 0x0c, 0x1c, 
    0x24, 0x02, 0x00, 0x00, 0x19, 0x02, 0x00, 0x18, 0x23, 0x1a, 0x00, 0x2b, 
    0x40, 0x0d, 0x00, 0x2a, 0x01, 0x3c, 0x3d, 0x3e, 0x59, 0x04, 0x00, 0x18, 
    0x29, 0x3b, 0x00, 0x2b, 0x40, 0x0a, 0x2e, 0x01, 0x00, 0x37, 0x01, 0x00, 
    0x18, 0x58, 0x56, 0x00, 0x2b, 0xb3, 0x18, 0x5c, 0x5a, 0x04, 0x2b, 0x31, 
    0x40, 0x09, 0x53, 0x51, 0x50, 0x46, 0x44, 0x05, 0x42, 0x56, 0x02, 0x2b, 
    0xb6, 0x4e, 0x4c, 0x47, 0x03, 0x58, 0x56, 0x02, 0x2b, 0xb5, 0x4a, 0x49, 
    0x02, 0x58, 0x3b, 0x02, 0x2b, 0xb0, 0x09, 0x1f, 0x00, 0x40, 0x0a, 0x00, 
    0x00, 0x00, 0x35, 0x3e, 0x02, 0x0c, 0x00, 0x34, 0x00, 0x2b, 0xb1, 0x00, 
    0x0c, 0x42, 0xb5, 0x51, 0x01, 0x07, 0x00, 0x0e, 0x00, 0x3f, 0x17, 0x3c, 
    0x2a, 0xb1, 0x00, 0x0c, 0x42, 0xb5, 0x1f, 0x01, 0x07, 0x00, 0x1c, 0x00, 
    0x3f, 0x17, 0x3c, 0x2a, 0xb1, 0x00, 0x0c, 0x42, 0xb5, 0x39, 0x01, 0x07, 
    0x00, 0x2e, 0x02, 0x3f, 0x17, 0x3c, 0x2a, 0xb1, 0x00, 0x0c, 0x42, 0x40, 
    0x0c, 0x55, 0x58, 0x59, 0x5c, 0x04, 0x07, 0x57, 0x5a, 0x5b, 0x03, 0x56, 
    0x08, 0x3f, 0x17, 0x3c, 0x2a, 0x30, 0x40, 0x0c, 0x42, 0x53, 0x4c, 0x4a, 
    0x49, 0x47, 0x46, 0x44, 0x08, 0x0e, 0x34, 0x02, 0x2b, 0x01, 0x06, 0x07, 
    0x06, 0x07, 0x06, 0x07, 0x06, 0x0f, 0x02, 0x14, 0x17, 0x16, 0x33, 0x32, 
    0x37, 0x36, 0x37, 0x36, 0x37, 0x36, 0x3f, 0x01, 0x36, 0x37, 0x07, 0x14, 
    0x33, 0x32, 0x3f, 0x01, 0x22, 0x07, 0x26, 0x35, 0x37, 0x13, 0x36, 0x37, 
    0x36, 0x37, 0x35, 0x34, 0x27, 0x26, 0x23, 0x22, 0x07, 0x06, 0x07, 0x06, 
    0x07, 0x33, 0x36, 0x37, 0x36, 0x33, 0x32, 0x15, 0x0f, 0x02, 0x06, 0x07, 
    0x06, 0x05, 0x34, 0x37, 0x36, 0x3f, 0x01, 0x36, 0x37, 0x07, 0x06, 0x07, 
    0x06, 0x07, 0x06, 0x23, 0x07, 0x22, 0x27, 0x26, 0x13, 0x07, 0x33, 0x37, 
    0x33, 0x07, 0x33, 0x37, 0x01, 0x9e, 0x3f, 0x4a, 0x33, 0x2e, 0x2a, 0x1d, 
    0x1e, 0x0d, 0x03, 0x02, 0x28, 0x29, 0x3f, 0x1e, 0x26, 0x05, 0x04, 0x16, 
    0x06, 0x07, 0x11, 0x08, 0x25, 0x19, 0x04, 0x4d, 0x21, 0x15, 0x0e, 0x12, 
    0x0f, 0x18, 0x04, 0x3f, 0x01, 0x01, 0x01, 0x01, 0x2a, 0x2b, 0x5d, 0x48, 
    0x33, 0x32, 0x1d, 0x1e, 0x0a, 0x52, 0x13, 0x25, 0x23, 0x2f, 0x70, 0x01, 
    0x01, 0x06, 0x03, 0x0d, 0x0d, 0xfe, 0xea, 0x1e, 0x1d, 0x1a, 0x64, 0x49, 
    0x1b, 0x15, 0x0c, 0x36, 0x1f, 0x19, 0x20, 0x1c, 0x08, 0x28, 0x11, 0x11, 
    0x92, 0x17, 0x5c, 0x15, 0x49, 0x16, 0x5a, 0x15, 0x01, 0x3e, 0x06, 0x0a, 
    0x07, 0x12, 0x10, 0x22, 0x20, 0x38, 0x13, 0x14, 0x35, 0x1f, 0x20, 0x0b, 
    0x01, 0x02, 0x07, 0x03, 0x02, 0x0a, 0x04, 0x15, 0x19, 0x15, 0x39, 0x0a, 
    0x3d, 0x04, 0x05, 0x0c, 0x12, 0x01, 0x2b, 0x02, 0x04, 0x04, 0x05, 0x10, 
    0x35, 0x1f, 0x1f, 0x18, 0x19, 0x26, 0x27, 0x30, 0x3d, 0x14, 0x13, 0x43, 
    0x08, 0x07, 0x12, 0x12, 0x0d, 0x0d, 0xc0, 0x2d, 0x18, 0x18, 0x04, 0x10, 
    0x0a, 0x0e, 0x5c, 0x38, 0x1d, 0x0f, 0x07, 0x08, 0x02, 0x12, 0x13, 0x02, 
    0x65, 0x66, 0x66, 0x66, 0x66, 0x12, 0x12, 0x0d, 0x00, 0x04, 0x00, 0x3d, 
    0xff, 0xf0, 0x02, 0x2f, 0x02, 0xf2, 0x00, 0x41, 0x00, 0x54, 0x00, 0x66, 
    0x00, 0x76, 0x00, 0xbc, 0xb0, 0x09, 0x1f, 0x01, 0x40, 0x0a, 0x00, 0x00, 
    0x08, 0x09, 0x02, 0x00, 0x18, 0x42, 0x0a, 0x00, 0x2b, 0x40, 0x0c, 0x1c, 
    0x24, 0x02, 0x00, 0x00, 0x19, 0x02, 0x00, 0x18, 0x23, 0x1a, 0x00, 0x2b, 
    0x40, 0x0d, 0x00, 0x2a, 0x01, 0x3c, 0x3d, 0x3e, 0x5d, 0x04, 0x00, 0x18, 
    0x29, 0x3b, 0x00, 0x2b, 0x40, 0x09, 0x00, 0x00, 0x6b, 0x01, 0x00, 0x00, 
    0x61, 0x6d, 0x00, 0x2b, 0x31, 0x40, 0x0e, 0x53, 0x51, 0x50, 0x4e, 0x4c, 
    0x4a, 0x49, 0x47, 0x46, 0x44, 0x0a, 0x42, 0x3b, 0x02, 0x2b, 0x40, 0x0a, 
    0x67, 0x75, 0x73, 0x71, 0x6f, 0x69, 0x06, 0x0a, 0x29, 0x02, 0x2b, 0xb0, 
    0x09, 0x1f, 0x00, 0x40, 0x0a, 0x00, 0x00, 0x00, 0x35, 0x3e, 0x02, 0x0c, 
    0x00, 0x34, 0x00, 0x2b, 0xb1, 0x00, 0x0c, 0x42, 0xb5, 0x51, 0x01, 0x07, 
    0x00, 0x0e, 0x00, 0x3f, 0x17, 0x3c, 0x2a, 0xb1, 0x00, 0x0c, 0x42, 0xb5, 
    0x1f, 0x01, 0x07, 0x00, 0x1c, 0x00, 0x3f, 0x17, 0x3c, 0x2a, 0xb1, 0x00, 
    0x0c, 0x42, 0xb5, 0x39, 0x01, 0x07, 0x00, 0x2e, 0x02, 0x3f, 0x17, 0x3c, 
    0x2a, 0xb3, 0x00, 0x65, 0x69, 0x04, 0x2b, 0x30, 0x40, 0x0c, 0x42, 0x53, 
    0x4c, 0x4a, 0x49, 0x47, 0x46, 0x44, 0x08, 0x0e, 0x34, 0x02, 0x2b, 0x40, 
    0x0a, 0x67, 0x75, 0x73, 0x71, 0x6f, 0x6d, 0x06, 0x0e, 0x65, 0x02, 0x2b, 
    0x01, 0x06, 0x07, 0x06, 0x07, 0x06, 0x07, 0x06, 0x0f, 0x02, 0x14, 0x17, 
    0x16, 0x33, 0x32, 0x37, 0x36, 0x37, 0x36, 0x37, 0x36, 0x3f, 0x01, 0x36, 
    0x37, 0x07, 0x14, 0x33, 0x32, 0x3f, 0x01, 0x22, 0x07, 0x26, 0x35, 0x37, 
    0x13, 0x36, 0x37, 0x36, 0x37, 0x35, 0x34, 0x27, 0x26, 0x23, 0x22, 0x07, 
    0x06, 0x07, 0x06, 0x07, 0x33, 0x36, 0x37, 0x36, 0x33, 0x32, 0x15, 0x0f, 
    0x02, 0x06, 0x07, 0x06, 0x05, 0x34, 0x37, 0x36, 0x3f, 0x01, 0x36, 0x37, 
    0x07, 0x06, 0x07, 0x06, 0x07, 0x06, 0x23, 0x07, 0x22, 0x27, 0x26, 0x13, 
    0x06, 0x07, 0x14, 0x17, 0x32, 0x37, 0x36, 0x37, 0x36, 0x37, 0x36, 0x35, 
    0x34, 0x27, 0x26, 0x23, 0x22, 0x17, 0x36, 0x33, 0x32, 0x17, 0x16, 0x15, 
    0x14, 0x07, 0x06, 0x07, 0x26, 0x27, 0x26, 0x27, 0x36, 0x01, 0x9e, 0x3f, 
    0x4a, 0x33, 0x2e, 0x2a, 0x1d, 0x1e, 0x0d, 0x03, 0x02, 0x28, 0x29, 0x3f, 
    0x1e, 0x26, 0x05, 0x04, 0x16, 0x06, 0x07, 0x11, 0x08, 0x25, 0x19, 0x04, 
    0x4d, 0x21, 0x15, 0x0e, 0x12, 0x0f, 0x18, 0x04, 0x3f, 0x01, 0x01, 0x01, 
    0x01, 0x2a, 0x2b, 0x5d, 0x48, 0x33, 0x32, 0x1d, 0x1e, 0x0a, 0x52, 0x13, 
    0x25, 0x23, 0x2f, 0x70, 0x01, 0x01, 0x06, 0x03, 0x0d, 0x0d, 0xfe, 0xea, 
    0x1e, 0x1d, 0x1a, 0x64, 0x49, 0x1b, 0x15, 0x0c, 0x36, 0x1f, 0x19, 0x20, 
    0x1c, 0x08, 0x28, 0x11, 0x11, 0xbf, 0x16, 0x03, 0x50, 0x0b, 0x11, 0x0c, 
    0x0e, 0x17, 0x11, 0x0f, 0x14, 0x15, 0x21, 0x37, 0x02, 0x14, 0x17, 0x14, 
    0x0c, 0x0b, 0x13, 0x14, 0x17, 0x12, 0x0b, 0x0b, 0x03, 0x05, 0x01, 0x3e, 
    0x06, 0x0a, 0x07, 0x12, 0x10, 0x22, 0x20, 0x38, 0x13, 0x14, 0x35, 0x1f, 
    0x20, 0x0b, 0x01, 0x02, 0x07, 0x03, 0x02, 0x0a, 0x04, 0x15, 0x19, 0x15, 
    0x39, 0x0a, 0x3d, 0x04, 0x05, 0x0c, 0x12, 0x01, 0x2b, 0x02, 0x04, 0x04, 
    0x05, 0x10, 0x35, 0x1f, 0x1f, 0x18, 0x19, 0x26, 0x27, 0x30, 0x3d, 0x14, 
    0x13, 0x43, 0x08, 0x07, 0x12, 0x12, 0x0d, 0x0d, 0xc0, 0x2d, 0x18, 0x18, 
    0x04, 0x10, 0x0a, 0x0e, 0x5c, 0x38, 0x1d, 0x0f, 0x07, 0x08, 0x02, 0x12, 
    0x13, 0x02, 0x65, 0x1c, 0x24, 0x3f, 0x08, 0x05, 0x04, 0x07, 0x0d, 0x19, 
    0x18, 0x1e, 0x21, 0x15, 0x14, 0x3b, 0x14, 0x0c, 0x0d, 0x12, 0x19, 0x10, 
    0x11, 0x03, 0x03, 0x09, 0x08, 0x15, 0x1e, 0x0f, 0x00, 0x03, 0x00, 0x3b, 
    0xff, 0xf0, 0x03, 0x8c, 0x02, 0x19, 0x00, 0x48, 0x00, 0x54, 0x00, 0x65, 
    0x00, 0xa9, 0xb0, 0x09, 0x1f, 0x01, 0x40, 0x0b, 0x08, 0x0a, 0x0e, 0x03, 
    0x00, 0x00, 0x00, 0x00, 0x0c, 0x2a, 0x00, 0x2b, 0x40, 0x0a, 0x10, 0x01, 
    0x00, 0x54, 0x01, 0x00, 0x18, 0x12, 0x53, 0x00, 0x2b, 0x40, 0x0c, 0x21, 
    0x5e, 0x5f, 0x03, 0x00, 0x31, 0x01, 0x00, 0x18, 0x5d, 0x32, 0x00, 0x2b, 
    0x31, 0x40, 0x0f, 0x55, 0x65, 0x63, 0x61, 0x5b, 0x59, 0x57, 0x51, 0x4f, 
    0x4d, 0x4b, 0x0b, 0x5d, 0x53, 0x02, 0x2b, 0xb0, 0x09, 0x1f, 0x00, 0x40, 
    0x0a, 0x00, 0x48, 0x01, 0x00, 0x10, 0x01, 0x0c, 0x00, 0x0e, 0x00, 0x2b, 
    0xb1, 0x00, 0x0c, 0x42, 0x40, 0x09, 0x06, 0x3e, 0x5b, 0x03, 0x07, 0x42, 
    0x01, 0x38, 0x00, 0x3f, 0x17, 0x3c, 0x2a, 0x40, 0x09, 0x00, 0x54, 0x01, 
    0x00, 0x00, 0x0c, 0x49, 0x0f, 0x00, 0x2b, 0xb1, 0x00, 0x0c, 0x42, 0xb7, 
    0x28, 0x51, 0x02, 0x07, 0x1f, 0x01, 0x16, 0x02, 0x3f, 0x17, 0x3c, 0x2a, 
    0xb1, 0x16, 0x02, 0x3f, 0xb1, 0x38, 0x00, 0x3f, 0x30, 0xb6, 0x53, 0x4d, 
    0x4b, 0x03, 0x0f, 0x16, 0x02, 0x2b, 0x40, 0x0b, 0x55, 0x61, 0x5f, 0x5e, 
    0x5d, 0x59, 0x57, 0x07, 0x38, 0x49, 0x02, 0x2b, 0xb4, 0x65, 0x01, 0x0f, 
    0x49, 0x02, 0x2b, 0x25, 0x06, 0x07, 0x06, 0x07, 0x06, 0x23, 0x22, 0x35, 
    0x34, 0x37, 0x36, 0x37, 0x36, 0x37, 0x35, 0x21, 0x36, 0x35, 0x34, 0x27, 
    0x26, 0x23, 0x22, 0x07, 0x06, 0x0f, 0x01, 0x26, 0x27, 0x26, 0x23, 0x22, 
    0x07, 0x33, 0x36, 0x37, 0x36, 0x37, 0x36, 0x33, 0x32, 0x15, 0x14, 0x07, 
    0x06, 0x0f, 0x01, 0x06, 0x0f, 0x01, 0x14, 0x17, 0x16, 0x17, 0x16, 0x33, 
    0x32, 0x37, 0x36, 0x37, 0x36, 0x37, 0x36, 0x37, 0x16, 0x33, 0x32, 0x37, 
    0x36, 0x37, 0x36, 0x37, 0x25, 0x36, 0x37, 0x36, 0x37, 0x36, 0x37, 0x36, 
    0x33, 0x32, 0x15, 0x07, 0x05, 0x06, 0x07, 0x06, 0x07, 0x06, 0x23, 0x22, 
    0x35, 0x3f, 0x01, 0x36, 0x37, 0x36, 0x37, 0x36, 0x37, 0x03, 0x13, 0x06, 
    0x16, 0x14, 0x26, 0x23, 0x25, 0x79, 0x01, 0x01, 0x02, 0x01, 0x03, 0x01, 
    0x7c, 0x0c, 0x2a, 0x2b, 0x57, 0x2d, 0x27, 0x24, 0x16, 0x2f, 0x1d, 0x1c, 
    0x1f, 0x42, 0xd2, 0x2c, 0x50, 0x0b, 0x0d, 0x0c, 0x1f, 0x1c, 0x2f, 0x6c, 
    0x10, 0x11, 0x1c, 0x96, 0xa2, 0x20, 0x05, 0x12, 0x0f, 0x22, 0x21, 0x26, 
    0x2e, 0x2a, 0x27, 0x27, 0x14, 0x10, 0x0d, 0x16, 0x21, 0x87, 0x39, 0x39, 
    0x36, 0x2d, 0x29, 0x13, 0xfe, 0xa6, 0x08, 0x0f, 0x11, 0x1a, 0x17, 0x1c, 
    0x1e, 0x1f, 0x72, 0x01, 0xfe, 0x72, 0x06, 0x1e, 0x1a, 0x29, 0x2b, 0x2a, 
    0x50, 0x02, 0x02, 0x09, 0x25, 0x24, 0x31, 0x7c, 0x1c, 0xa4, 0x14, 0x19, 
    0x17, 0x12, 0x11, 0x6f, 0x03, 0x03, 0x0f, 0x0c, 0x0d, 0x0d, 0x01, 0x3b, 
    0x35, 0x5f, 0x31, 0x31, 0x0b, 0x0d, 0x0e, 0x24, 0x27, 0x11, 0x12, 0xae, 
    0x1a, 0x16, 0x14, 0x12, 0x10, 0x43, 0x20, 0x16, 0x17, 0x03, 0x13, 0x13, 
    0x91, 0x23, 0x20, 0x1d, 0x1b, 0x0e, 0x0e, 0x0c, 0x0a, 0x19, 0x0e, 0x0d, 
    0x0b, 0x19, 0x6e, 0x14, 0x13, 0x2a, 0x29, 0x3a, 0x8b, 0x20, 0x19, 0x1c, 
    0x17, 0x15, 0x0d, 0x0e, 0x75, 0x27, 0x7b, 0x22, 0x1d, 0x1a, 0x11, 0x11, 
    0x40, 0x0e, 0x0d, 0x2e, 0x10, 0x11, 0x07, 0x10, 0x10, 0x02, 0x04, 0x04, 
    0x00, 0x01, 0x00, 0x4a, 0xff, 0x1f, 0x02, 0x2a, 0x02, 0x19, 0x00, 0x4f, 
    0x00, 0x71, 0xb0, 0x09, 0x1f, 0x01, 0x40, 0x0f, 0x13, 0x35, 0x36, 0x3d, 
    0x42, 0x05, 0x00, 0x2e, 0x40, 0x02, 0x00, 0x18, 0x11, 0x2f, 0x00, 0x2b, 
    0x40, 0x0b, 0x1f, 0x01, 0x00, 0x24, 0x01, 0x1e, 0x01, 0x18, 0x20, 0x1d, 
    0x00, 0x2b, 0x40, 0x0d, 0x28, 0x48, 0x02, 0x00, 0x2a, 0x44, 0x4e, 0x03, 
    0x00, 0x18, 0x4a, 0x39, 0x00, 0x2b, 0x31, 0xb0, 0x09, 0x1f, 0x00, 0xb1, 
    0x00, 0x0c, 0x42, 0xb5, 0x0d, 0x01, 0x07, 0x00, 0x00, 0x00, 0x3f, 0x17, 
    0x3c, 0x2a, 0x40, 0x0a, 0x00, 0x1e, 0x01, 0x00, 0x09, 0x01, 0x00, 0x1f, 
    0x08, 0x00, 0x2b, 0xb1, 0x00, 0x0c, 0x42, 0xb5, 0x19, 0x01, 0x07, 0x00, 
    0x26, 0x02, 0x3f, 0x17, 0x3c, 0x2a, 0xb3, 0x00, 0x37, 0x4e, 0x04, 0x2b, 
    0xb3, 0x0c, 0x3d, 0x42, 0x04, 0x2b, 0x30, 0x05, 0x32, 0x37, 0x36, 0x37, 
    0x36, 0x37, 0x36, 0x37, 0x23, 0x06, 0x07, 0x06, 0x23, 0x22, 0x27, 0x26, 
    0x35, 0x34, 0x37, 0x36, 0x37, 0x36, 0x37, 0x36, 0x33, 0x32, 0x17, 0x16, 
    0x1d, 0x01, 0x33, 0x37, 0x34, 0x27, 0x26, 0x27, 0x26, 0x23, 0x22, 0x07, 
    0x06, 0x07, 0x06, 0x07, 0x06, 0x0f, 0x01, 0x14, 0x17, 0x16, 0x17, 0x07, 
    0x17, 0x3f, 0x01, 0x16, 0x15, 0x14, 0x07, 0x06, 0x23, 0x22, 0x27, 0x07, 
    0x16, 0x33, 0x32, 0x37, 0x36, 0x37, 0x36, 0x37, 0x36, 0x35, 0x34, 0x27, 
    0x26, 0x23, 0x07, 0x01, 0x04, 0x34, 0x2b, 0x2b, 0x20, 0x21, 0x17, 0x15, 
    0x09, 0x56, 0x11, 0x29, 0x2b, 0x3d, 0x31, 0x19, 0x1a, 0x07, 0x05, 0x0f, 
    0x19, 0x30, 0x2e, 0x37, 0x3d, 0x12, 0x11, 0x56, 0x03, 0x18, 0x1a, 0x26, 
    0x28, 0x29, 0x25, 0x1f, 0x20, 0x24, 0x41, 0x2c, 0x2d, 0x0f, 0x06, 0x21, 
    0x21, 0x4d, 0x4a, 0x0f, 0x10, 0x13, 0x2d, 0x14, 0x14, 0x1a, 0x19, 0x24, 
    0x19, 0x2f, 0x31, 0x27, 0x1e, 0x1e, 0x11, 0x0a, 0x03, 0x05, 0x13, 0x13, 
    0x20, 0x1f, 0x10, 0x12, 0x12, 0x1d, 0x1e, 0x24, 0x23, 0x22, 0x31, 0x24, 
    0x26, 0x25, 0x25, 0x36, 0x21, 0x1c, 0x1a, 0x26, 0x3f, 0x2a, 0x28, 0x17, 
    0x17, 0x2e, 0x15, 0x28, 0x37, 0x22, 0x23, 0x0d, 0x0e, 0x0a, 0x0a, 0x14, 
    0x26, 0x42, 0x44, 0x59, 0x42, 0x4a, 0x2d, 0x2e, 0x11, 0x4c, 0x11, 0x03, 
    0x04, 0x05, 0x1a, 0x15, 0x0e, 0x0e, 0x0e, 0x27, 0x16, 0x0f, 0x0f, 0x17, 
    0x10, 0x08, 0x0d, 0x0a, 0x1f, 0x13, 0x12, 0x06, 0x00, 0x03, 0x00, 0x54, 
    0xff, 0xf0, 0x02, 0x42, 0x02, 0xde, 0x00, 0x22, 0x00, 0x2c, 0x00, 0x30, 
    0x00, 0x91, 0xb0, 0x09, 0x1f, 0x01, 0x40, 0x0c, 0x12, 0x14, 0x16, 0x03, 
    0x00, 0x00, 0x01, 0x00, 0x18, 0x10, 0x01, 0x00, 0x2b, 0x40, 0x0a, 0x19, 
    0x01, 0x00, 0x2c, 0x01, 0x00, 0x18, 0x1b, 0x2b, 0x00, 0x2b, 0xb3, 0x00, 
    0x2e, 0x30, 0x04, 0x2b, 0x31, 0xb5, 0x23, 0x25, 0x02, 0x01, 0x1b, 0x02, 
    0x2b, 0xb5, 0x29, 0x27, 0x02, 0x2e, 0x30, 0x02, 0x2b, 0xb0, 0x09, 0x1f, 
    0x00, 0xb1, 0x00, 0x0c, 0x42, 0xb5, 0x0e, 0x01, 0x07, 0x00, 0x05, 0x00, 
    0x3f, 0x17, 0x3c, 0x2a, 0x40, 0x09, 0x00, 0x00, 0x00, 0x0a, 0x01, 0x0c, 
    0x19, 0x09, 0x00, 0x2b, 0x40, 0x09, 0x00, 0x2c, 0x01, 0x00, 0x00, 0x0c, 
    0x23, 0x18, 0x00, 0x2b, 0xb1, 0x00, 0x0c, 0x42, 0xb5, 0x29, 0x01, 0x07, 
    0x00, 0x1f, 0x02, 0x3f, 0x17, 0x3c, 0x2a, 0xb5, 0x00, 0x01, 0x2e, 0x01, 
    0x2d, 0x08, 0x3f, 0x17, 0x3c, 0x2a, 0xb5, 0x00, 0x01, 0x30, 0x01, 0x2f, 
    0x01, 0x3f, 0x17, 0x3c, 0x2a, 0x30, 0xb6, 0x2b, 0x27, 0x25, 0x03, 0x18, 
    0x1f, 0x02, 0x2b, 0x37, 0x07, 0x14, 0x17, 0x16, 0x33, 0x32, 0x37, 0x36, 
    0x37, 0x23, 0x06, 0x07, 0x06, 0x23, 0x22, 0x35, 0x36, 0x35, 0x36, 0x37, 
    0x36, 0x37, 0x30, 0x37, 0x21, 0x36, 0x35, 0x34, 0x27, 0x26, 0x23, 0x22, 
    0x07, 0x06, 0x17, 0x36, 0x37, 0x36, 0x37, 0x36, 0x33, 0x32, 0x15, 0x07, 
    0x03, 0x33, 0x27, 0x23, 0x5e, 0x0a, 0x32, 0x32, 0x5b, 0x5a, 0x48, 0x47, 
    0x25, 0x58, 0x12, 0x2c, 0x2c, 0x30, 0x7f, 0x01, 0x02, 0x01, 0x01, 0x02, 
    0x01, 0x01, 0x7e, 0x0c, 0x28, 0x28, 0x5c, 0x7d, 0x51, 0x51, 0x4e, 0x0c, 
    0x1e, 0x1c, 0x27, 0x25, 0x24, 0x71, 0x02, 0x6d, 0x42, 0x3b, 0x6b, 0xf6, 
    0x4c, 0x55, 0x32, 0x33, 0x30, 0x30, 0x54, 0x29, 0x1f, 0x1f, 0x73, 0x04, 
    0x05, 0x0e, 0x07, 0x0b, 0x0d, 0x04, 0x38, 0x38, 0x59, 0x34, 0x34, 0x52, 
    0x52, 0x48, 0x31, 0x22, 0x22, 0x14, 0x13, 0x73, 0x29, 0x01, 0x23, 0x8c, 
    0x00, 0x03, 0x00, 0x54, 0xff, 0xf0, 0x02, 0x4a, 0x02, 0xde, 0x00, 0x22, 
    0x00, 0x2c, 0x00, 0x30, 0x00, 0x8c, 0xb0, 0x09, 0x1f, 0x01, 0x40, 0x0c, 
    0x12, 0x14, 0x16, 0x03, 0x00, 0x00, 0x01, 0x00, 0x18, 0x10, 0x01, 0x00, 
    0x2b, 0x40, 0x0b, 0x19, 0x01, 0x00, 0x2c, 0x2d, 0x02, 0x00, 0x18, 0x1b, 
    0x2b, 0x00, 0x2b, 0xb3, 0x00, 0x30, 0x2e, 0x04, 0x2b, 0x31, 0xb7, 0x23, 
    0x29, 0x27, 0x25, 0x04, 0x01, 0x30, 0x02, 0x2b, 0xb0, 0x09, 0x1f, 0x00, 
    0xb1, 0x00, 0x0c, 0x42, 0xb5, 0x0e, 0x01, 0x07, 0x00, 0x05, 0x00, 0x3f, 
    0x17, 0x3c, 0x2a, 0x40, 0x09, 0x00, 0x00, 0x00, 0x0a, 0x01, 0x0c, 0x19, 
    0x09, 0x00, 0x2b, 0x40, 0x09, 0x00, 0x2c, 0x01, 0x00, 0x00, 0x0c, 0x23, 
    0x18, 0x00, 0x2b, 0xb1, 0x00, 0x0c, 0x42, 0xb5, 0x29, 0x01, 0x07, 0x00, 
    0x1f, 0x02, 0x3f, 0x17, 0x3c, 0x2a, 0xb5, 0x00, 0x01, 0x30, 0x01, 0x2d, 
    0x01, 0x3f, 0x17, 0x3c, 0x2a, 0xb5, 0x00, 0x01, 0x2f, 0x01, 0x2e, 0x08, 
    0x3f, 0x17, 0x3c, 0x2a, 0x30, 0xb6, 0x2b, 0x27, 0x25, 0x03, 0x18, 0x1f, 
    0x02, 0x2b, 0x37, 0x07, 0x14, 0x17, 0x16, 0x33, 0x32, 0x37, 0x36, 0x37, 
    0x23, 0x06, 0x07, 0x06, 0x23, 0x22, 0x35, 0x36, 0x35, 0x36, 0x37, 0x36, 
    0x37, 0x30, 0x37, 0x21, 0x36, 0x35, 0x34, 0x27, 0x26, 0x23, 0x22, 0x07, 
    0x06, 0x17, 0x36, 0x37, 0x36, 0x37, 0x36, 0x33, 0x32, 0x15, 0x07, 0x03, 
    0x07, 0x33, 0x37, 0x5e, 0x0a, 0x32, 0x32, 0x5b, 0x5a, 0x48, 0x47, 0x25, 
    0x58, 0x12, 0x2c, 0x2c, 0x30, 0x7f, 0x01, 0x02, 0x01, 0x01, 0x02, 0x01, 
    0x01, 0x7e, 0x0c, 0x28, 0x28, 0x5c, 0x7d, 0x51, 0x51, 0x4e, 0x0c, 0x1e, 
    0x1c, 0x27, 0x25, 0x24, 0x71, 0x02, 0x0c, 0x77, 0x42, 0xa1, 0xf6, 0x4c, 
    0x55, 0x32, 0x33, 0x30, 0x30, 0x54, 0x29, 0x1f, 0x1f, 0x73, 0x04, 0x05, 
    0x0e, 0x07, 0x0b, 0x0d, 0x04, 0x38, 0x38, 0x59, 0x34, 0x34, 0x52, 0x52, 
    0x48, 0x31, 0x22, 0x22, 0x14, 0x13, 0x73, 0x29, 0x01, 0xaf, 0x8c, 0x8c, 
    0x00, 0x03, 0x00, 0x54, 0xff, 0xf0, 0x02, 0x42, 0x02, 0xe0, 0x00, 0x22, 
    0x00, 0x2c, 0x00, 0x33, 0x00, 0x8d, 0xb0, 0x09, 0x1f, 0x01, 0x40, 0x0c, 
    0x12, 0x14, 0x16, 0x03, 0x00, 0x00, 0x01, 0x00, 0x18, 0x10, 0x01, 0x00, 
    0x2b, 0x40, 0x0a, 0x19, 0x01, 0x00, 0x2c, 0x01, 0x00, 0x18, 0x1b, 0x2b, 
    0x00, 0x2b, 0xb3, 0x00, 0x2f, 0x32, 0x04, 0x2b, 0x31, 0xb7, 0x23, 0x29, 
    0x27, 0x25, 0x04, 0x01, 0x1b, 0x02, 0x2b, 0xb0, 0x09, 0x1f, 0x00, 0xb1, 
    0x00, 0x0c, 0x42, 0xb5, 0x0e, 0x01, 0x07, 0x00, 0x05, 0x00, 0x3f, 0x17, 
    0x3c, 0x2a, 0x40, 0x09, 0x00, 0x00, 0x00, 0x0a, 0x01, 0x0c, 0x19, 0x09, 
    0x00, 0x2b, 0x40, 0x09, 0x00, 0x2c, 0x01, 0x00, 0x00, 0x0c, 0x23, 0x18, 
    0x00, 0x2b, 0xb1, 0x00, 0x0c, 0x42, 0xb5, 0x29, 0x01, 0x07, 0x00, 0x1f, 
    0x02, 0x3f, 0x17, 0x3c, 0x2a, 0xb7, 0x00, 0x01, 0x2f, 0x32, 0x33, 0x03, 
    0x2e, 0x08, 0x3f, 0x17, 0x3c, 0x2a, 0xb5, 0x00, 0x01, 0x31, 0x01, 0x30, 
    0x01, 0x3f, 0x17, 0x3c, 0x2a, 0x30, 0xb6, 0x2b, 0x27, 0x25, 0x03, 0x18, 
    0x1f, 0x02, 0x2b, 0x37, 0x07, 0x14, 0x17, 0x16, 0x33, 0x32, 0x37, 0x36, 
    0x37, 0x23, 0x06, 0x07, 0x06, 0x23, 0x22, 0x35, 0x36, 0x35, 0x36, 0x37, 
    0x36, 0x37, 0x30, 0x37, 0x21, 0x36, 0x35, 0x34, 0x27, 0x26, 0x23, 0x22, 
    0x07, 0x06, 0x17, 0x36, 0x37, 0x36, 0x37, 0x36, 0x33, 0x32, 0x15, 0x07, 
    0x03, 0x17, 0x33, 0x27, 0x23, 0x07, 0x33, 0x5e, 0x0a, 0x32, 0x32, 0x5b, 
    0x5a, 0x48, 0x47, 0x25, 0x58, 0x12, 0x2c, 0x2c, 0x30, 0x7f, 0x01, 0x02, 
    0x01, 0x01, 0x02, 0x01, 0x01, 0x7e, 0x0c, 0x28, 0x28, 0x5c, 0x7d, 0x51, 
    0x51, 0x4e, 0x0c, 0x1e, 0x1c, 0x27, 0x25, 0x24, 0x71, 0x02, 0x42, 0x2e, 
    0x51, 0x45, 0x5e, 0x81, 0x4f, 0xf6, 0x4c, 0x55, 0x32, 0x33, 0x30, 0x30, 
    0x54, 0x29, 0x1f, 0x1f, 0x73, 0x04, 0x05, 0x0e, 0x07, 0x0b, 0x0d, 0x04, 
    0x38, 0x38, 0x59, 0x34, 0x34, 0x52, 0x52, 0x48, 0x31, 0x22, 0x22, 0x14, 
    0x13, 0x73, 0x29, 0x01, 0x81, 0x5e, 0x8e, 0x8e, 0x00, 0x04, 0x00, 0x54, 
    0xff, 0xf0, 0x02, 0x42, 0x02, 0xc3, 0x00, 0x22, 0x00, 0x2c, 0x00, 0x30, 
    0x00, 0x34, 0x00, 0x9c, 0xb0, 0x09, 0x1f, 0x01, 0x40, 0x0c, 0x12, 0x14, 
    0x16, 0x03, 0x00, 0x00, 0x01, 0x00, 0x18, 0x10, 0x01, 0x00, 0x2b, 0x40, 
    0x0a, 0x19, 0x01, 0x00, 0x2c, 0x01, 0x00, 0x18, 0x1b, 0x2b, 0x00, 0x2b, 
    0x40, 0x09, 0x29, 0x01, 0x00, 0x00, 0x00, 0x18, 0x30, 0x2e, 0x00, 0x2b, 
    0xb3, 0x18, 0x34, 0x32, 0x04, 0x2b, 0x31, 0xb5, 0x23, 0x25, 0x02, 0x01, 
    0x1b, 0x02, 0x2b, 0xb4, 0x27, 0x01, 0x30, 0x2e, 0x02, 0x2b, 0xb0, 0x09, 
    0x1f, 0x00, 0xb1, 0x00, 0x0c, 0x42, 0xb5, 0x0e, 0x01, 0x07, 0x00, 0x05, 
    0x00, 0x3f, 0x17, 0x3c, 0x2a, 0x40, 0x09, 0x00, 0x00, 0x00, 0x0a, 0x01, 
    0x0c, 0x19, 0x09, 0x00, 0x2b, 0x40, 0x09, 0x00, 0x2c, 0x01, 0x00, 0x00, 
    0x0c, 0x23, 0x18, 0x00, 0x2b, 0xb1, 0x00, 0x0c, 0x42, 0xb5, 0x29, 0x01, 
    0x07, 0x00, 0x1f, 0x02, 0x3f, 0x17, 0x3c, 0x2a, 0xb1, 0x00, 0x0c, 0x42, 
    0x40, 0x0c, 0x2d, 0x30, 0x31, 0x34, 0x04, 0x07, 0x2f, 0x32, 0x33, 0x03, 
    0x2e, 0x08, 0x3f, 0x17, 0x3c, 0x2a, 0x30, 0xb6, 0x2b, 0x27, 0x25, 0x03, 
    0x18, 0x1f, 0x02, 0x2b, 0x37, 0x07, 0x14, 0x17, 0x16, 0x33, 0x32, 0x37, 
    0x36, 0x37, 0x23, 0x06, 0x07, 0x06, 0x23, 0x22, 0x35, 0x36, 0x35, 0x36, 
    0x37, 0x36, 0x37, 0x30, 0x37, 0x21, 0x36, 0x35, 0x34, 0x27, 0x26, 0x23, 
    0x22, 0x07, 0x06, 0x17, 0x36, 0x37, 0x36, 0x37, 0x36, 0x33, 0x32, 0x15, 
    0x07, 0x03, 0x07, 0x33, 0x37, 0x33, 0x07, 0x33, 0x37, 0x5e, 0x0a, 0x32, 
    0x32, 0x5b, 0x5a, 0x48, 0x47, 0x25, 0x58, 0x12, 0x2c, 0x2c, 0x30, 0x7f, 
    0x01, 0x02, 0x01, 0x01, 0x02, 0x01, 0x01, 0x7e, 0x0c, 0x28, 0x28, 0x5c, 
    0x7d, 0x51, 0x51, 0x4e, 0x0c, 0x1e, 0x1c, 0x27, 0x25, 0x24, 0x71, 0x02, 
    0xba, 0x17, 0x5c, 0x15, 0x49, 0x16, 0x5a, 0x15, 0xf6, 0x4c, 0x55, 0x32, 
    0x33, 0x30, 0x30, 0x54, 0x29, 0x1f, 0x1f, 0x73, 0x04, 0x05, 0x0e, 0x07, 
    0x0b, 0x0d, 0x04, 0x38, 0x38, 0x59, 0x34, 0x34, 0x52, 0x52, 0x48, 0x31, 
    0x22, 0x22, 0x14, 0x13, 0x73, 0x29, 0x01, 0x94, 0x66, 0x66, 0x66, 0x66, 
    0x00, 0x02, 0x00, 0x5e, 0x00, 0x00, 0x01, 0x37, 0x02, 0xde, 0x00, 0x03, 
    0x00, 0x07, 0x00, 0x42, 0xb0, 0x09, 0x1f, 0x01, 0xb3, 0x00, 0x03, 0x01, 
    0x04, 0x2b, 0xb3, 0x00, 0x05, 0x07, 0x04, 0x2b, 0x31, 0xb0, 0x09, 0x1f, 
    0x00, 0xb5, 0x00, 0x01, 0x03, 0x01, 0x00, 0x02, 0x3f, 0x17, 0x3c, 0x2a, 
    0xb5, 0x00, 0x01, 0x02, 0x01, 0x01, 0x00, 0x3f, 0x17, 0x3c, 0x2a, 0xb5, 
    0x00, 0x01, 0x05, 0x01, 0x04, 0x08, 0x3f, 0x17, 0x3c, 0x2a, 0xb5, 0x00, 
    0x01, 0x07, 0x01, 0x06, 0x01, 0x3f, 0x17, 0x3c, 0x2a, 0x30, 0x13, 0x03, 
    0x33, 0x13, 0x27, 0x33, 0x27, 0x23, 0xcd, 0x6f, 0x5a, 0x6d, 0x30, 0x42, 
    0x3b, 0x6b, 0x02, 0x0b, 0xfd, 0xf5, 0x02, 0x0b, 0x47, 0x8c, 0x09, 0x00, 
    0x00, 0x02, 0x00, 0x5e, 0x00, 0x00, 0x01, 0xc2, 0x02, 0xde, 0x00, 0x03, 
    0x00, 0x07, 0x00, 0x42, 0xb0, 0x09, 0x1f, 0x01, 0xb3, 0x00, 0x03, 0x01, 
    0x04, 0x2b, 0xb3, 0x00, 0x07, 0x05, 0x04, 0x2b, 0x31, 0xb0, 0x09, 0x1f, 
    0x00, 0xb5, 0x00, 0x01, 0x03, 0x01, 0x00, 0x02, 0x3f, 0x17, 0x3c, 0x2a, 
    0xb5, 0x00, 0x01, 0x02, 0x01, 0x01, 0x00, 0x3f, 0x17, 0x3c, 0x2a, 0xb5, 
    0x00, 0x01, 0x07, 0x01, 0x04, 0x01, 0x3f, 0x17, 0x3c, 0x2a, 0xb5, 0x00, 
    0x01, 0x06, 0x01, 0x05, 0x08, 0x3f, 0x17, 0x3c, 0x2a, 0x30, 0x13, 0x03, 
    0x33, 0x13, 0x37, 0x07, 0x33, 0x37, 0xcd, 0x6f, 0x5a, 0x6d, 0x31, 0x77, 
    0x42, 0xa1, 0x02, 0x0b, 0xfd, 0xf5, 0x02, 0x0b, 0xd3, 0x8c, 0x8c, 0x00, 
    0x00, 0x02, 0x00, 0x5e, 0x00, 0x00, 0x01, 0x9d, 0x02, 0xe0, 0x00, 0x03, 
    0x00, 0x0a, 0x00, 0x4a, 0xb0, 0x09, 0x1f, 0x01, 0x40, 0x09, 0x04, 0x01, 
    0x00, 0x00, 0x00, 0x00, 0x03, 0x01, 0x00, 0x2b, 0xb3, 0x00, 0x06, 0x09, 
    0x04, 0x2b, 0x31, 0xb0, 0x09, 0x1f, 0x00, 0xb5, 0x00, 0x01, 0x03, 0x01, 
    0x00, 0x02, 0x3f, 0x17, 0x3c, 0x2a, 0xb5, 0x00, 0x01, 0x02, 0x01, 0x01, 
    0x00, 0x3f, 0x17, 0x3c, 0x2a, 0xb7, 0x00, 0x01, 0x06, 0x09, 0x0a, 0x03, 
    0x05, 0x08, 0x3f, 0x17, 0x3c, 0x2a, 0xb5, 0x00, 0x01, 0x08, 0x01, 0x07, 
    0x01, 0x3f, 0x17, 0x3c, 0x2a, 0x30, 0x13, 0x03, 0x33, 0x13, 0x27, 0x17, 
    0x33, 0x27, 0x23, 0x07, 0x33, 0xcd, 0x6f, 0x5a, 0x6d, 0x07, 0x2e, 0x51, 
    0x45, 0x5e, 0x81, 0x4f, 0x02, 0x0b, 0xfd, 0xf5, 0x02, 0x0b, 0xa5, 0x5e, 
    0x8e, 0x8e, 0x00, 0x00, 0x00, 0x03, 0x00, 0x5e, 0x00, 0x00, 0x01, 0xa0, 
    0x02, 0xc3, 0x00, 0x03, 0x00, 0x07, 0x00, 0x0b, 0x00, 0x48, 0xb0, 0x09, 
    0x1f, 0x01, 0xb3, 0x00, 0x03, 0x01, 0x04, 0x2b, 0xb3, 0x18, 0x07, 0x05, 
    0x04, 0x2b, 0xb3, 0x18, 0x0b, 0x09, 0x04, 0x2b, 0x31, 0xb0, 0x09, 0x1f, 
    0x00, 0xb5, 0x00, 0x01, 0x03, 0x01, 0x00, 0x02, 0x3f, 0x17, 0x3c, 0x2a, 
    0xb5, 0x00, 0x01, 0x02, 0x01, 0x01, 0x00, 0x3f, 0x17, 0x3c, 0x2a, 0xb1, 
    0x00, 0x0c, 0x42, 0x40, 0x0c, 0x04, 0x07, 0x08, 0x0b, 0x04, 0x07, 0x06, 
    0x09, 0x0a, 0x03, 0x05, 0x08, 0x3f, 0x17, 0x3c, 0x2a, 0x30, 0x13, 0x03, 
    0x33, 0x13, 0x27, 0x07, 0x33, 0x37, 0x33, 0x07, 0x33, 0x37, 0xcd, 0x6f, 
    0x5a, 0x6d, 0x81, 0x17, 0x5c, 0x15, 0x49, 0x16, 0x5a, 0x15, 0x02, 0x0b, 
    0xfd, 0xf5, 0x02, 0x0b, 0xb8, 0x66, 0x66, 0x66, 0x66, 0x23, 0x18, 0x00, 
    0x00, 0x02, 0x00, 0x50, 0xff, 0xf0, 0x02, 0x69, 0x02, 0xe0, 0x00, 0x29, 
    0x00, 0x3c, 0x00, 0x6b, 0xb0, 0x09, 0x1f, 0x01, 0x40, 0x0a, 0x2a, 0x01, 
    0x00, 0x17, 0x01, 0x00, 0x18, 0x3c, 0x19, 0x00, 0x2b, 0x40, 0x0b, 0x00, 
    0x00, 0x0c, 0x0d, 0x29, 0x03, 0x00, 0x18, 0x25, 0x34, 0x00, 0x2b, 0x31, 
    0x40, 0x0b, 0x3a, 0x38, 0x36, 0x32, 0x30, 0x2e, 0x2c, 0x07, 0x3c, 0x34, 
    0x02, 0x2b, 0xb0, 0x09, 0x1f, 0x00, 0xb5, 0x00, 0x01, 0x04, 0x01, 0x01, 
    0x01, 0x3f, 0x17, 0x3c, 0x2a, 0xb1, 0x00, 0x0c, 0x42, 0xb5, 0x30, 0x01, 
    0x07, 0x00, 0x11, 0x02, 0x3f, 0x17, 0x3c, 0x2a, 0xb1, 0x00, 0x0c, 0x42, 
    0xb5, 0x3a, 0x01, 0x07, 0x00, 0x1d, 0x00, 0x3f, 0x17, 0x3c, 0x2a, 0x30, 
    0x40, 0x0c, 0x2a, 0x3c, 0x38, 0x36, 0x34, 0x32, 0x2e, 0x2c, 0x08, 0x1d, 
    0x11, 0x02, 0x2b, 0x01, 0x27, 0x07, 0x26, 0x27, 0x07, 0x16, 0x17, 0x07, 
    0x17, 0x37, 0x16, 0x17, 0x07, 0x26, 0x27, 0x26, 0x23, 0x22, 0x07, 0x06, 
    0x07, 0x06, 0x07, 0x06, 0x15, 0x14, 0x17, 0x16, 0x33, 0x32, 0x37, 0x36, 
    0x37, 0x36, 0x37, 0x36, 0x35, 0x34, 0x27, 0x26, 0x27, 0x01, 0x36, 0x37, 
    0x36, 0x37, 0x36, 0x33, 0x32, 0x17, 0x16, 0x15, 0x14, 0x07, 0x06, 0x07, 
    0x06, 0x23, 0x22, 0x35, 0x02, 0x69, 0x27, 0x75, 0x27, 0x29, 0x52, 0x2d, 
    0x21, 0x81, 0x21, 0x89, 0x42, 0x0e, 0x02, 0x19, 0x1e, 0x1d, 0x25, 0x56, 
    0x41, 0x41, 0x24, 0x16, 0x0a, 0x0b, 0x33, 0x32, 0x66, 0x49, 0x3a, 0x3b, 
    0x28, 0x26, 0x17, 0x15, 0x1b, 0x19, 0x2d, 0xfe, 0xc2, 0x07, 0x17, 0x16, 
    0x29, 0x28, 0x3c, 0x3f, 0x1a, 0x1a, 0x18, 0x19, 0x2c, 0x2c, 0x3c, 0x75, 
    0x02, 0xb9, 0x27, 0x32, 0x24, 0x0e, 0x23, 0x14, 0x21, 0x38, 0x29, 0x3c, 
    0x3f, 0x4f, 0x02, 0x24, 0x0a, 0x0a, 0x32, 0x32, 0x4e, 0x2d, 0x26, 0x29, 
    0x25, 0x57, 0x38, 0x39, 0x25, 0x24, 0x3d, 0x3b, 0x49, 0x47, 0x44, 0x49, 
    0x43, 0x42, 0x33, 0xfe, 0x78, 0x26, 0x2c, 0x2a, 0x23, 0x22, 0x29, 0x29, 
    0x3a, 0x39, 0x39, 0x38, 0x26, 0x26, 0x88, 0x38, 0x00, 0x02, 0x00, 0x40, 
    0x00, 0x00, 0x02, 0x52, 0x02, 0xd5, 0x00, 0x20, 0x00, 0x3c, 0x00, 0x6a, 
    0xb0, 0x09, 0x1f, 0x01, 0x40, 0x0c, 0x00, 0x01, 0x00, 0x1e, 0x20, 0x25, 
    0x03, 0x00, 0x18, 0x02, 0x1c, 0x00, 0x2b, 0xb3, 0x00, 0x3c, 0x30, 0x04, 
    0x2b, 0x31, 0xb0, 0x09, 0x1f, 0x00, 0xb1, 0x00, 0x0c, 0x42, 0xb5, 0x18, 
    0x01, 0x07, 0x00, 0x08, 0x02, 0x3f, 0x17, 0x3c, 0x2a, 0xb5, 0x00, 0x01, 
    0x0e, 0x01, 0x0d, 0x02, 0x3f, 0x17, 0x3c, 0x2a, 0xb7, 0x00, 0x01, 0x11, 
    0x1f, 0x20, 0x03, 0x10, 0x00, 0x3f, 0x17, 0x3c, 0x2a, 0xb6, 0x28, 0x01, 
    0x01, 0x3c, 0x01, 0x21, 0x01, 0x3f, 0x17, 0x3c, 0x2a, 0xb3, 0x0c, 0x25, 
    0x3a, 0x04, 0x2b, 0xb3, 0x0c, 0x2a, 0x35, 0x04, 0x2b, 0xb6, 0x38, 0x01, 
    0x01, 0x31, 0x01, 0x30, 0x08, 0x3f, 0x17, 0x3c, 0x2a, 0x30, 0x01, 0x36, 
    0x35, 0x34, 0x27, 0x26, 0x27, 0x26, 0x23, 0x22, 0x07, 0x06, 0x07, 0x37, 
    0x23, 0x07, 0x03, 0x33, 0x13, 0x36, 0x37, 0x36, 0x37, 0x36, 0x33, 0x32, 
    0x17, 0x16, 0x15, 0x14, 0x07, 0x03, 0x33, 0x13, 0x06, 0x07, 0x06, 0x23, 
    0x26, 0x2f, 0x01, 0x26, 0x23, 0x22, 0x07, 0x06, 0x07, 0x06, 0x07, 0x33, 
    0x36, 0x37, 0x36, 0x33, 0x32, 0x1f, 0x01, 0x16, 0x17, 0x32, 0x37, 0x02, 
    0x38, 0x06, 0x17, 0x17, 0x22, 0x21, 0x27, 0x3a, 0x2e, 0x2b, 0x1f, 0x10, 
    0x54, 0x02, 0x6e, 0x58, 0x3f, 0x0e, 0x1f, 0x21, 0x20, 0x24, 0x1c, 0x31, 
    0x13, 0x14, 0x06, 0x43, 0x58, 0x33, 0x04, 0x0f, 0x10, 0x15, 0x13, 0x12, 
    0x2b, 0x1b, 0x1c, 0x1c, 0x17, 0x18, 0x12, 0x14, 0x0a, 0x2f, 0x0a, 0x0d, 
    0x0b, 0x17, 0x09, 0x14, 0x37, 0x12, 0x26, 0x50, 0x29, 0x01, 0x63, 0x1e, 
    0x17, 0x32, 0x1f, 0x1e, 0x0a, 0x0a, 0x1c, 0x1b, 0x23, 0x4a, 0x0b, 0xfe, 
    0x00, 0x01, 0x1d, 0x44, 0x27, 0x27, 0x0e, 0x0e, 0x13, 0x14, 0x27, 0x1b, 
    0x20, 0xfe, 0xbe, 0x02, 0xd5, 0x14, 0x0f, 0x0e, 0x03, 0x07, 0x13, 0x0c, 
    0x0d, 0x0d, 0x1a, 0x1a, 0x20, 0x14, 0x0d, 0x0c, 0x05, 0x14, 0x07, 0x05, 
    0x6e, 0x26, 0x88, 0x38, 0x00, 0x03, 0x00, 0x52, 0xff, 0xf2, 0x02, 0x48, 
    0x02, 0xde, 0x00, 0x23, 0x00, 0x35, 0x00, 0x39, 0x00, 0x90, 0xb0, 0x09, 
    0x1f, 0x01, 0x40, 0x0e, 0x24, 0x35, 0x02, 0x00, 0x00, 0x02, 0x04, 0x08, 
    0x04, 0x00, 0x18, 0x34, 0x06, 0x00, 0x2b, 0x40, 0x0c, 0x16, 0x01, 0x00, 
    0x10, 0x1c, 0x2c, 0x03, 0x00, 0x18, 0x18, 0x2a, 0x00, 0x2b, 0x40, 0x0a, 
    0x00, 0x00, 0x0c, 0x32, 0x02, 0x00, 0x00, 0x37, 0x39, 0x00, 0x2b, 0x31, 
    0xb4, 0x26, 0x01, 0x34, 0x39, 0x02, 0x2b, 0xb5, 0x30, 0x28, 0x02, 0x37, 
    0x39, 0x02, 0x2b, 0xb4, 0x2e, 0x01, 0x37, 0x2a, 0x02, 0x2b, 0xb0, 0x09, 
    0x1f, 0x00, 0xb1, 0x00, 0x0c, 0x42, 0xb5, 0x32, 0x01, 0x07, 0x00, 0x0c, 
    0x00, 0x3f, 0x17, 0x3c, 0x2a, 0xb1, 0x00, 0x0c, 0x42, 0xb5, 0x28, 0x01, 
    0x07, 0x00, 0x1e, 0x02, 0x3f, 0x17, 0x3c, 0x2a, 0xb5, 0x00, 0x01, 0x37, 
    0x01, 0x36, 0x08, 0x3f, 0x17, 0x3c, 0x2a, 0xb5, 0x00, 0x01, 0x39, 0x01, 
    0x38, 0x01, 0x3f, 0x17, 0x3c, 0x2a, 0x30, 0x40, 0x0c, 0x24, 0x35, 0x34, 
    0x30, 0x2e, 0x2c, 0x2a, 0x26, 0x08, 0x0c, 0x1e, 0x02, 0x2b, 0x13, 0x14, 
    0x07, 0x06, 0x07, 0x06, 0x15, 0x14, 0x17, 0x16, 0x17, 0x16, 0x33, 0x32, 
    0x37, 0x36, 0x37, 0x36, 0x37, 0x36, 0x37, 0x36, 0x37, 0x36, 0x35, 0x34, 
    0x27, 0x26, 0x27, 0x26, 0x23, 0x22, 0x07, 0x06, 0x07, 0x06, 0x17, 0x36, 
    0x37, 0x36, 0x33, 0x32, 0x15, 0x14, 0x07, 0x06, 0x07, 0x06, 0x07, 0x06, 
    0x23, 0x22, 0x35, 0x37, 0x13, 0x33, 0x27, 0x23, 0x5c, 0x01, 0x01, 0x03, 
    0x05, 0x0d, 0x0c, 0x18, 0x30, 0x60, 0x40, 0x3b, 0x3a, 0x29, 0x14, 0x12, 
    0x11, 0x09, 0x0c, 0x05, 0x06, 0x14, 0x13, 0x2c, 0x2b, 0x41, 0x50, 0x3e, 
    0x3f, 0x29, 0x2a, 0x4d, 0x11, 0x2f, 0x2e, 0x55, 0x73, 0x06, 0x05, 0x0c, 
    0x18, 0x2e, 0x2e, 0x3e, 0x75, 0x04, 0xcd, 0x42, 0x3b, 0x6b, 0x01, 0x06, 
    0x01, 0x05, 0x0e, 0x0d, 0x19, 0x12, 0x2d, 0x23, 0x23, 0x1d, 0x38, 0x1d, 
    0x1d, 0x32, 0x16, 0x20, 0x1e, 0x1c, 0x23, 0x1c, 0x20, 0x1f, 0x38, 0x31, 
    0x2f, 0x1c, 0x1b, 0x28, 0x28, 0x3f, 0x41, 0x45, 0x4a, 0x3f, 0x40, 0x8b, 
    0x1d, 0x20, 0x1d, 0x1f, 0x3d, 0x27, 0x28, 0x84, 0x27, 0x01, 0x68, 0x8c, 
    0x00, 0x03, 0x00, 0x52, 0xff, 0xf2, 0x02, 0x4c, 0x02, 0xde, 0x00, 0x23, 
    0x00, 0x35, 0x00, 0x39, 0x00, 0x80, 0xb0, 0x09, 0x1f, 0x01, 0x40, 0x0e, 
    0x24, 0x35, 0x02, 0x00, 0x00, 0x02, 0x04, 0x08, 0x04, 0x00, 0x18, 0x34, 
    0x06, 0x00, 0x2b, 0x40, 0x0d, 0x16, 0x01, 0x00, 0x10, 0x1c, 0x2c, 0x36, 
    0x04, 0x00, 0x18, 0x18, 0x2a, 0x00, 0x2b, 0xb3, 0x00, 0x39, 0x37, 0x04, 
    0x2b, 0x31, 0x40, 0x09, 0x32, 0x30, 0x2e, 0x28, 0x26, 0x05, 0x34, 0x2a, 
    0x02, 0x2b, 0xb0, 0x09, 0x1f, 0x00, 0xb1, 0x00, 0x0c, 0x42, 0xb5, 0x32, 
    0x01, 0x07, 0x00, 0x0c, 0x00, 0x3f, 0x17, 0x3c, 0x2a, 0xb1, 0x00, 0x0c, 
    0x42, 0xb5, 0x28, 0x01, 0x07, 0x00, 0x1e, 0x02, 0x3f, 0x17, 0x3c, 0x2a, 
    0xb5, 0x00, 0x01, 0x39, 0x01, 0x36, 0x01, 0x3f, 0x17, 0x3c, 0x2a, 0xb5, 
    0x00, 0x01, 0x38, 0x01, 0x37, 0x08, 0x3f, 0x17, 0x3c, 0x2a, 0x30, 0x40, 
    0x0c, 0x24, 0x35, 0x34, 0x30, 0x2e, 0x2c, 0x2a, 0x26, 0x08, 0x0c, 0x1e, 
    0x02, 0x2b, 0x13, 0x14, 0x07, 0x06, 0x07, 0x06, 0x15, 0x14, 0x17, 0x16, 
    0x17, 0x16, 0x33, 0x32, 0x37, 0x36, 0x37, 0x36, 0x37, 0x36, 0x37, 0x36, 
    0x37, 0x36, 0x35, 0x34, 0x27, 0x26, 0x27, 0x26, 0x23, 0x22, 0x07, 0x06, 
    0x07, 0x06, 0x17, 0x36, 0x37, 0x36, 0x33, 0x32, 0x15, 0x14, 0x07, 0x06, 
    0x07, 0x06, 0x07, 0x06, 0x23, 0x22, 0x35, 0x37, 0x01, 0x07, 0x33, 0x37, 
    0x5c, 0x01, 0x01, 0x03, 0x05, 0x0d, 0x0c, 0x18, 0x30, 0x60, 0x40, 0x3b, 
    0x3a, 0x29, 0x14, 0x12, 0x11, 0x09, 0x0c, 0x05, 0x06, 0x14, 0x13, 0x2c, 
    0x2b, 0x41, 0x50, 0x3e, 0x3f, 0x29, 0x2a, 0x4d, 0x11, 0x2f, 0x2e, 0x55, 
    0x73, 0x06, 0x05, 0x0c, 0x18, 0x2e, 0x2e, 0x3e, 0x75, 0x04, 0x01, 0x2e, 
    0x77, 0x42, 0xa1, 0x01, 0x06, 0x01, 0x05, 0x0e, 0x0d, 0x19, 0x12, 0x2d, 
    0x23, 0x23, 0x1d, 0x38, 0x1d, 0x1d, 0x32, 0x16, 0x20, 0x1e, 0x1c, 0x23, 
    0x1c, 0x20, 0x1f, 0x38, 0x31, 0x2f, 0x1c, 0x1b, 0x28, 0x28, 0x3f, 0x41, 
    0x45, 0x4a, 0x3f, 0x40, 0x8b, 0x1d, 0x20, 0x1d, 0x1f, 0x3d, 0x27, 0x28, 
    0x84, 0x27, 0x01, 0xf4, 0x8c, 0x8c, 0x40, 0x8b, 0x00, 0x03, 0x00, 0x52, 
    0xff, 0xf2, 0x02, 0x48, 0x02, 0xe0, 0x00, 0x23, 0x00, 0x35, 0x00, 0x3c, 
    0x00, 0x81, 0xb0, 0x09, 0x1f, 0x01, 0x40, 0x0e, 0x24, 0x35, 0x02, 0x00, 
    0x00, 0x02, 0x04, 0x08, 0x04, 0x00, 0x18, 0x34, 0x06, 0x00, 0x2b, 0x40, 
    0x0c, 0x16, 0x01, 0x00, 0x10, 0x1c, 0x2c, 0x03, 0x00, 0x18, 0x18, 0x2a, 
    0x00, 0x2b, 0xb3, 0x00, 0x38, 0x3b, 0x04, 0x2b, 0x31, 0x40, 0x09, 0x32, 
    0x30, 0x2e, 0x28, 0x26, 0x05, 0x34, 0x2a, 0x02, 0x2b, 0xb0, 0x09, 0x1f, 
    0x00, 0xb1, 0x00, 0x0c, 0x42, 0xb5, 0x32, 0x01, 0x07, 0x00, 0x0c, 0x00, 
    0x3f, 0x17, 0x3c, 0x2a, 0xb1, 0x00, 0x0c, 0x42, 0xb5, 0x28, 0x01, 0x07, 
    0x00, 0x1e, 0x02, 0x3f, 0x17, 0x3c, 0x2a, 0xb7, 0x00, 0x01, 0x38, 0x3b, 
    0x3c, 0x03, 0x37, 0x08, 0x3f, 0x17, 0x3c, 0x2a, 0xb5, 0x00, 0x01, 0x3a, 
    0x01, 0x39, 0x01, 0x3f, 0x17, 0x3c, 0x2a, 0x30, 0x40, 0x0c, 0x24, 0x35, 
    0x34, 0x30, 0x2e, 0x2c, 0x2a, 0x26, 0x08, 0x0c, 0x1e, 0x02, 0x2b, 0x13, 
    0x14, 0x07, 0x06, 0x07, 0x06, 0x15, 0x14, 0x17, 0x16, 0x17, 0x16, 0x33, 
    0x32, 0x37, 0x36, 0x37, 0x36, 0x37, 0x36, 0x37, 0x36, 0x37, 0x36, 0x35, 
    0x34, 0x27, 0x26, 0x27, 0x26, 0x23, 0x22, 0x07, 0x06, 0x07, 0x06, 0x17, 
    0x36, 0x37, 0x36, 0x33, 0x32, 0x15, 0x14, 0x07, 0x06, 0x07, 0x06, 0x07, 
    0x06, 0x23, 0x22, 0x35, 0x37, 0x13, 0x17, 0x33, 0x27, 0x23, 0x07, 0x33, 
    0x5c, 0x01, 0x01, 0x03, 0x05, 0x0d, 0x0c, 0x18, 0x30, 0x60, 0x40, 0x3b, 
    0x3a, 0x29, 0x14, 0x12, 0x11, 0x09, 0x0c, 0x05, 0x06, 0x14, 0x13, 0x2c, 
    0x2b, 0x41, 0x50, 0x3e, 0x3f, 0x29, 0x2a, 0x4d, 0x11, 0x2f, 0x2e, 0x55, 
    0x73, 0x06, 0x05, 0x0c, 0x18, 0x2e, 0x2e, 0x3e, 0x75, 0x04, 0xf6, 0x2e, 
    0x51, 0x45, 0x5e, 0x81, 0x4f, 0x01, 0x06, 0x01, 0x05, 0x0e, 0x0d, 0x19, 
    0x12, 0x2d, 0x23, 0x23, 0x1d, 0x38, 0x1d, 0x1d, 0x32, 0x16, 0x20, 0x1e, 
    0x1c, 0x23, 0x1c, 0x20, 0x1f, 0x38, 0x31, 0x2f, 0x1c, 0x1b, 0x28, 0x28, 
    0x3f, 0x41, 0x45, 0x4a, 0x3f, 0x40, 0x8b, 0x1d, 0x20, 0x1d, 0x1f, 0x3d, 
    0x27, 0x28, 0x84, 0x27, 0x01, 0xc6, 0x5e, 0x8e, 0x8e, 0x27, 0x28, 0x84, 
    0x00, 0x03, 0x00, 0x52, 0xff, 0xf2, 0x02, 0x5b, 0x02, 0xd5, 0x00, 0x23, 
    0x00, 0x35, 0x00, 0x51, 0x00, 0x8e, 0xb0, 0x09, 0x1f, 0x01, 0x40, 0x0e, 
    0x24, 0x35, 0x02, 0x00, 0x00, 0x02, 0x04, 0x08, 0x04, 0x00, 0x18, 0x34, 
    0x06, 0x00, 0x2b, 0x40, 0x0d, 0x16, 0x01, 0x00, 0x10, 0x1c, 0x2c, 0x3a, 
    0x04, 0x00, 0x18, 0x18, 0x2a, 0x00, 0x2b, 0xb3, 0x00, 0x51, 0x45, 0x04, 
    0x2b, 0x31, 0x40, 0x09, 0x32, 0x30, 0x2e, 0x28, 0x26, 0x05, 0x34, 0x2a, 
    0x02, 0x2b, 0xb0, 0x09, 0x1f, 0x00, 0xb1, 0x00, 0x0c, 0x42, 0xb5, 0x32, 
    0x01, 0x07, 0x00, 0x0c, 0x00, 0x3f, 0x17, 0x3c, 0x2a, 0xb1, 0x00, 0x0c, 
    0x42, 0xb5, 0x28, 0x01, 0x07, 0x00, 0x1e, 0x02, 0x3f, 0x17, 0x3c, 0x2a, 
    0xb6, 0x3d, 0x01, 0x01, 0x51, 0x01, 0x36, 0x01, 0x3f, 0x17, 0x3c, 0x2a, 
    0xb3, 0x0c, 0x3a, 0x4f, 0x04, 0x2b, 0xb3, 0x0c, 0x3f, 0x4a, 0x04, 0x2b, 
    0xb6, 0x4d, 0x01, 0x01, 0x46, 0x01, 0x45, 0x08, 0x3f, 0x17, 0x3c, 0x2a, 
    0x30, 0x40, 0x0c, 0x24, 0x35, 0x34, 0x30, 0x2e, 0x2c, 0x2a, 0x26, 0x08, 
    0x0c, 0x1e, 0x02, 0x2b, 0x13, 0x14, 0x07, 0x06, 0x07, 0x06, 0x15, 0x14, 
    0x17, 0x16, 0x17, 0x16, 0x33, 0x32, 0x37, 0x36, 0x37, 0x36, 0x37, 0x36, 
    0x37, 0x36, 0x37, 0x36, 0x35, 0x34, 0x27, 0x26, 0x27, 0x26, 0x23, 0x22, 
    0x07, 0x06, 0x07, 0x06, 0x17, 0x36, 0x37, 0x36, 0x33, 0x32, 0x15, 0x14, 
    0x07, 0x06, 0x07, 0x06, 0x07, 0x06, 0x23, 0x22, 0x35, 0x37, 0x01, 0x06, 
    0x07, 0x06, 0x23, 0x26, 0x2f, 0x01, 0x26, 0x23, 0x22, 0x07, 0x06, 0x07, 
    0x06, 0x07, 0x33, 0x36, 0x37, 0x36, 0x33, 0x32, 0x1f, 0x01, 0x16, 0x17, 
    0x32, 0x37, 0x5c, 0x01, 0x01, 0x03, 0x05, 0x0d, 0x0c, 0x18, 0x30, 0x60, 
    0x40, 0x3b, 0x3a, 0x29, 0x14, 0x12, 0x11, 0x09, 0x0c, 0x05, 0x06, 0x14, 
    0x13, 0x2c, 0x2b, 0x41, 0x50, 0x3e, 0x3f, 0x29, 0x2a, 0x4d, 0x11, 0x2f, 
    0x2e, 0x55, 0x73, 0x06, 0x05, 0x0c, 0x18, 0x2e, 0x2e, 0x3e, 0x75, 0x04, 
    0x01, 0x76, 0x04, 0x0f, 0x10, 0x15, 0x13, 0x12, 0x2b, 0x1b, 0x1c, 0x1c, 
    0x17, 0x18, 0x12, 0x14, 0x0a, 0x2f, 0x0a, 0x0d, 0x0b, 0x17, 0x09, 0x14, 
    0x37, 0x12, 0x26, 0x50, 0x29, 0x01, 0x06, 0x01, 0x05, 0x0e, 0x0d, 0x19, 
    0x12, 0x2d, 0x23, 0x23, 0x1d, 0x38, 0x1d, 0x1d, 0x32, 0x16, 0x20, 0x1e, 
    0x1c, 0x23, 0x1c, 0x20, 0x1f, 0x38, 0x31, 0x2f, 0x1c, 0x1b, 0x28, 0x28, 
    0x3f, 0x41, 0x45, 0x4a, 0x3f, 0x40, 0x8b, 0x1d, 0x20, 0x1d, 0x1f, 0x3d, 
    0x27, 0x28, 0x84, 0x27, 0x01, 0xeb, 0x14, 0x0f, 0x0e, 0x03, 0x07, 0x13, 
    0x0c, 0x0d, 0x0d, 0x1a, 0x1a, 0x20, 0x14, 0x0d, 0x0c, 0x05, 0x14, 0x07, 
    0x05, 0x6e, 0x14, 0x19, 0x00, 0x04, 0x00, 0x52, 0xff, 0xf2, 0x02, 0x48, 
    0x02, 0xc3, 0x00, 0x23, 0x00, 0x35, 0x00, 0x39, 0x00, 0x3d, 0x00, 0x92, 
    0xb0, 0x09, 0x1f, 0x01, 0x40, 0x0e, 0x24, 0x35, 0x02, 0x00, 0x00, 0x02, 
    0x04, 0x08, 0x04, 0x00, 0x18, 0x34, 0x06, 0x00, 0x2b, 0x40, 0x0c, 0x16, 
    0x01, 0x00, 0x10, 0x1c, 0x2c, 0x03, 0x00, 0x18, 0x18, 0x2a, 0x00, 0x2b, 
    0x40, 0x0e, 0x0e, 0x1e, 0x28, 0x30, 0x04, 0x00, 0x0c, 0x32, 0x02, 0x00, 
    0x18, 0x39, 0x37, 0x00, 0x2b, 0xb3, 0x18, 0x3d, 0x3b, 0x04, 0x2b, 0x31, 
    0xb4, 0x26, 0x01, 0x34, 0x37, 0x02, 0x2b, 0xb4, 0x2e, 0x01, 0x39, 0x2a, 
    0x02, 0x2b, 0xb0, 0x09, 0x1f, 0x00, 0xb1, 0x00, 0x0c, 0x42, 0xb5, 0x32, 
    0x01, 0x07, 0x00, 0x0c, 0x00, 0x3f, 0x17, 0x3c, 0x2a, 0xb1, 0x00, 0x0c, 
    0x42, 0xb5, 0x28, 0x01, 0x07, 0x00, 0x1e, 0x02, 0x3f, 0x17, 0x3c, 0x2a, 
    0xb1, 0x00, 0x0c, 0x42, 0x40, 0x0c, 0x36, 0x39, 0x3a, 0x3d, 0x04, 0x07, 
    0x38, 0x3b, 0x3c, 0x03, 0x37, 0x08, 0x3f, 0x17, 0x3c, 0x2a, 0x30, 0x40, 
    0x0c, 0x24, 0x35, 0x34, 0x30, 0x2e, 0x2c, 0x2a, 0x26, 0x08, 0x0c, 0x1e, 
    0x02, 0x2b, 0x13, 0x14, 0x07, 0x06, 0x07, 0x06, 0x15, 0x14, 0x17, 0x16, 
    0x17, 0x16, 0x33, 0x32, 0x37, 0x36, 0x37, 0x36, 0x37, 0x36, 0x37, 0x36, 
    0x37, 0x36, 0x35, 0x34, 0x27, 0x26, 0x27, 0x26, 0x23, 0x22, 0x07, 0x06, 
    0x07, 0x06, 0x17, 0x36, 0x37, 0x36, 0x33, 0x32, 0x15, 0x14, 0x07, 0x06, 
    0x07, 0x06, 0x07, 0x06, 0x23, 0x22, 0x35, 0x37, 0x13, 0x07, 0x33, 0x37, 
    0x33, 0x07, 0x33, 0x37, 0x5c, 0x01, 0x01, 0x03, 0x05, 0x0d, 0x0c, 0x18, 
    0x30, 0x60, 0x40, 0x3b, 0x3a, 0x29, 0x14, 0x12, 0x11, 0x09, 0x0c, 0x05, 
    0x06, 0x14, 0x13, 0x2c, 0x2b, 0x41, 0x50, 0x3e, 0x3f, 0x29, 0x2a, 0x4d, 
    0x11, 0x2f, 0x2e, 0x55, 0x73, 0x06, 0x05, 0x0c, 0x18, 0x2e, 0x2e, 0x3e, 
    0x75, 0x04, 0x7c, 0x17, 0x5c, 0x15, 0x49, 0x16, 0x5a, 0x15, 0x01, 0x06, 
    0x01, 0x05, 0x0e, 0x0d, 0x19, 0x12, 0x2d, 0x23, 0x23, 0x1d, 0x38, 0x1d, 
    0x1d, 0x32, 0x16, 0x20, 0x1e, 0x1c, 0x23, 0x1c, 0x20, 0x1f, 0x38, 0x31, 
    0x2f, 0x1c, 0x1b, 0x28, 0x28, 0x3f, 0x41, 0x45, 0x4a, 0x3f, 0x40, 0x8b, 
    0x1d, 0x20, 0x1d, 0x1f, 0x3d, 0x27, 0x28, 0x84, 0x27, 0x01, 0xd9, 0x66, 
    0x66, 0x66, 0x66, 0x1e, 0x00, 0x03, 0x00, 0x09, 0x00, 0x42, 0x01, 0xd6, 
    0x02, 0x11, 0x00, 0x03, 0x00, 0x07, 0x00, 0x0b, 0x00, 0x47, 0xb0, 0x09, 
    0x1f, 0x01, 0xb3, 0x00, 0x02, 0x00, 0x04, 0x2b, 0xb3, 0x18, 0x06, 0x04, 
    0x04, 0x2b, 0xb3, 0x18, 0x0a, 0x08, 0x04, 0x2b, 0x31, 0xb0, 0x09, 0x1f, 
    0x00, 0x40, 0x0a, 0x00, 0x01, 0x01, 0x00, 0x03, 0x01, 0x0c, 0x00, 0x02, 
    0x00, 0x2b, 0x40, 0x0a, 0x00, 0x05, 0x01, 0x00, 0x07, 0x01, 0x0c, 0x04, 
    0x06, 0x00, 0x2b, 0xb1, 0x00, 0x0c, 0x42, 0xb7, 0x08, 0x09, 0x02, 0x07, 
    0x0b, 0x01, 0x0a, 0x02, 0x3f, 0x17, 0x3c, 0x2a, 0x30, 0x37, 0x21, 0x37, 
    0x21, 0x13, 0x33, 0x37, 0x23, 0x37, 0x33, 0x37, 0x23, 0x09, 0x01, 0xab, 
    0x22, 0xfe, 0x51, 0x5b, 0x67, 0x18, 0x6a, 0x39, 0x67, 0x18, 0x6a, 0xfe, 
    0x5a, 0xfe, 0xea, 0x69, 0xfd, 0x69, 0x1e, 0x02, 0x00, 0x03, 0x00, 0x1d, 
    0xff, 0xe9, 0x02, 0x86, 0x02, 0x21, 0x00, 0x27, 0x00, 0x34, 0x00, 0x3f, 
    0x00, 0x71, 0xb0, 0x09, 0x1f, 0x01, 0x40, 0x11, 0x28, 0x29, 0x2a, 0x2b, 
    0x04, 0x00, 0x0a, 0x0c, 0x0e, 0x10, 0x14, 0x05, 0x00, 0x18, 0x2c, 0x12, 
    0x00, 0x2b, 0x40, 0x0b, 0x23, 0x01, 0x00, 0x1f, 0x35, 0x02, 0x00, 0x18, 
    0x25, 0x37, 0x00, 0x2b, 0x31, 0x40, 0x0c, 0x3f, 0x3d, 0x3b, 0x39, 0x34, 
    0x32, 0x30, 0x2e, 0x08, 0x2c, 0x37, 0x02, 0x2b, 0xb0, 0x09, 0x1f, 0x00, 
    0xb1, 0x00, 0x0c, 0x42, 0xb5, 0x32, 0x01, 0x07, 0x00, 0x04, 0x02, 0x3f, 
    0x17, 0x3c, 0x2a, 0xb1, 0x18, 0x00, 0x3f, 0xb1, 0x00, 0x0c, 0x42, 0xb5, 
    0x3d, 0x01, 0x07, 0x00, 0x1b, 0x00, 0x3f, 0x17, 0x3c, 0x2a, 0x30, 0x40, 
    0x11, 0x35, 0x3f, 0x3b, 0x39, 0x37, 0x28, 0x34, 0x30, 0x2e, 0x2c, 0x2b, 
    0x2a, 0x29, 0x0d, 0x1b, 0x04, 0x02, 0x2b, 0x01, 0x27, 0x07, 0x26, 0x23, 
    0x22, 0x07, 0x06, 0x07, 0x06, 0x07, 0x06, 0x15, 0x06, 0x15, 0x06, 0x15, 
    0x06, 0x07, 0x14, 0x17, 0x16, 0x17, 0x07, 0x17, 0x37, 0x16, 0x33, 0x32, 
    0x37, 0x36, 0x37, 0x36, 0x37, 0x36, 0x37, 0x36, 0x35, 0x34, 0x27, 0x01, 
    0x2f, 0x01, 0x35, 0x27, 0x36, 0x37, 0x36, 0x37, 0x36, 0x33, 0x32, 0x1f, 
    0x01, 0x16, 0x15, 0x14, 0x07, 0x06, 0x07, 0x06, 0x23, 0x22, 0x27, 0x02, 
    0x86, 0x19, 0x4e, 0x31, 0x65, 0x4d, 0x41, 0x40, 0x29, 0x2a, 0x0e, 0x01, 
    0x01, 0x01, 0x03, 0x02, 0x07, 0x08, 0x0a, 0x4e, 0x18, 0x4c, 0x30, 0x62, 
    0x41, 0x39, 0x39, 0x2b, 0x29, 0x17, 0x0c, 0x05, 0x06, 0x15, 0xfe, 0x81, 
    0x02, 0x02, 0x02, 0x06, 0x16, 0x15, 0x2b, 0x2a, 0x43, 0x45, 0x1f, 0x0b, 
    0x06, 0x19, 0x1a, 0x2b, 0x2d, 0x3e, 0x43, 0x1b, 0x02, 0x08, 0x19, 0x48, 
    0x40, 0x27, 0x27, 0x3f, 0x42, 0x44, 0x03, 0x07, 0x06, 0x03, 0x05, 0x09, 
    0x18, 0x11, 0x22, 0x1b, 0x1c, 0x17, 0x48, 0x1b, 0x44, 0x3d, 0x1e, 0x1e, 
    0x34, 0x32, 0x3f, 0x23, 0x1c, 0x20, 0x1e, 0x3a, 0x31, 0xfe, 0xd6, 0x0d, 
    0x0c, 0x0b, 0x0e, 0x45, 0x3c, 0x3c, 0x28, 0x27, 0x33, 0x25, 0x18, 0x1d, 
    0x3b, 0x3c, 0x3e, 0x27, 0x27, 0x2e, 0x1b, 0x28, 0x00, 0x02, 0x00, 0x5e, 
    0xff, 0xf0, 0x02, 0x58, 0x02, 0xde, 0x00, 0x1e, 0x00, 0x22, 0x00, 0x5b, 
    0xb0, 0x09, 0x1f, 0x01, 0x40, 0x0b, 0x0d, 0x0f, 0x02, 0x00, 0x10, 0x01, 
    0x00, 0x18, 0x0c, 0x11, 0x00, 0x2b, 0xb3, 0x00, 0x20, 0x22, 0x04, 0x2b, 
    0x31, 0xb0, 0x09, 0x1f, 0x00, 0xb5, 0x00, 0x01, 0x1e, 0x01, 0x00, 0x00, 
    0x3f, 0x17, 0x3c, 0x2a, 0xb7, 0x00, 0x01, 0x03, 0x0e, 0x0f, 0x03, 0x02, 
    0x02, 0x3f, 0x17, 0x3c, 0x2a, 0xb1, 0x00, 0x0c, 0x42, 0xb5, 0x0a, 0x01, 
    0x07, 0x00, 0x17, 0x00, 0x3f, 0x17, 0x3c, 0x2a, 0xb5, 0x00, 0x01, 0x20, 
    0x01, 0x1f, 0x08, 0x3f, 0x17, 0x3c, 0x2a, 0xb5, 0x00, 0x01, 0x22, 0x01, 
    0x21, 0x01, 0x3f, 0x17, 0x3c, 0x2a, 0x30, 0x25, 0x37, 0x13, 0x23, 0x03, 
    0x06, 0x07, 0x06, 0x07, 0x06, 0x23, 0x22, 0x35, 0x37, 0x13, 0x23, 0x03, 
    0x07, 0x14, 0x17, 0x16, 0x17, 0x16, 0x33, 0x32, 0x37, 0x36, 0x37, 0x36, 
    0x37, 0x07, 0x03, 0x33, 0x27, 0x23, 0x01, 0xea, 0x02, 0x6c, 0x58, 0x3d, 
    0x08, 0x15, 0x16, 0x27, 0x27, 0x34, 0x52, 0x05, 0x4b, 0x58, 0x50, 0x06, 
    0x15, 0x17, 0x1f, 0x21, 0x20, 0x3c, 0x2c, 0x14, 0x17, 0x11, 0x18, 0x10, 
    0x19, 0x42, 0x3b, 0x6b, 0x00, 0x0c, 0x01, 0xff, 0xfe, 0xdf, 0x2a, 0x26, 
    0x27, 0x1b, 0x1b, 0x4c, 0x27, 0x01, 0x5b, 0xfe, 0x87, 0x2c, 0x28, 0x1d, 
    0x1c, 0x0a, 0x0b, 0x17, 0x09, 0x14, 0x0f, 0x19, 0x4c, 0x02, 0x52, 0x8c, 
    0x00, 0x02, 0x00, 0x5e, 0xff, 0xf0, 0x02, 0x58, 0x02, 0xde, 0x00, 0x1e, 
    0x00, 0x22, 0x00, 0x5b, 0xb0, 0x09, 0x1f, 0x01, 0x40, 0x0b, 0x0d, 0x0f, 
    0x02, 0x00, 0x10, 0x01, 0x00, 0x18, 0x0c, 0x11, 0x00, 0x2b, 0xb3, 0x00, 
    0x22, 0x20, 0x04, 0x2b, 0x31, 0xb0, 0x09, 0x1f, 0x00, 0xb5, 0x00, 0x01, 
    0x1e, 0x01, 0x00, 0x00, 0x3f, 0x17, 0x3c, 0x2a, 0xb7, 0x00, 0x01, 0x03, 
    0x0e, 0x0f, 0x03, 0x02, 0x02, 0x3f, 0x17, 0x3c, 0x2a, 0xb1, 0x00, 0x0c, 
    0x42, 0xb5, 0x0a, 0x01, 0x07, 0x00, 0x17, 0x00, 0x3f, 0x17, 0x3c, 0x2a, 
    0xb5, 0x00, 0x01, 0x22, 0x01, 0x1f, 0x01, 0x3f, 0x17, 0x3c, 0x2a, 0xb5, 
    0x00, 0x01, 0x21, 0x01, 0x20, 0x08, 0x3f, 0x17, 0x3c, 0x2a, 0x30, 0x25, 
    0x37, 0x13, 0x23, 0x03, 0x06, 0x07, 0x06, 0x07, 0x06, 0x23, 0x22, 0x35, 
    0x37, 0x13, 0x23, 0x03, 0x07, 0x14, 0x17, 0x16, 0x17, 0x16, 0x33, 0x32, 
    0x37, 0x36, 0x37, 0x36, 0x37, 0x07, 0x13, 0x07, 0x33, 0x37, 0x01, 0xea, 
    0x02, 0x6c, 0x58, 0x3d, 0x08, 0x15, 0x16, 0x27, 0x27, 0x34, 0x52, 0x05, 
    0x4b, 0x58, 0x50, 0x06, 0x15, 0x17, 0x1f, 0x21, 0x20, 0x3c, 0x2c, 0x14, 
    0x17, 0x11, 0x18, 0x10, 0x48, 0x77, 0x42, 0xa1, 0x00, 0x0c, 0x01, 0xff, 
    0xfe, 0xdf, 0x2a, 0x26, 0x27, 0x1b, 0x1b, 0x4c, 0x27, 0x01, 0x5b, 0xfe, 
    0x87, 0x2c, 0x28, 0x1d, 0x1c, 0x0a, 0x0b, 0x17, 0x09, 0x14, 0x0f, 0x19, 
    0x4c, 0x02, 0xde, 0x8c, 0x8c, 0x01, 0x03, 0x02, 0x00, 0x02, 0x00, 0x5e, 
    0xff, 0xf0, 0x02, 0x58, 0x02, 0xe0, 0x00, 0x1e, 0x00, 0x25, 0x00, 0x5d, 
    0xb0, 0x09, 0x1f, 0x01, 0x40, 0x0b, 0x0d, 0x0f, 0x02, 0x00, 0x10, 0x01, 
    0x00, 0x18, 0x0c, 0x11, 0x00, 0x2b, 0xb3, 0x00, 0x21, 0x24, 0x04, 0x2b, 
    0x31, 0xb0, 0x09, 0x1f, 0x00, 0xb5, 0x00, 0x01, 0x1e, 0x01, 0x00, 0x00, 
    0x3f, 0x17, 0x3c, 0x2a, 0xb7, 0x00, 0x01, 0x03, 0x0e, 0x0f, 0x03, 0x02, 
    0x02, 0x3f, 0x17, 0x3c, 0x2a, 0xb1, 0x00, 0x0c, 0x42, 0xb5, 0x0a, 0x01, 
    0x07, 0x00, 0x17, 0x00, 0x3f, 0x17, 0x3c, 0x2a, 0xb7, 0x00, 0x01, 0x21, 
    0x24, 0x25, 0x03, 0x20, 0x08, 0x3f, 0x17, 0x3c, 0x2a, 0xb5, 0x00, 0x01, 
    0x23, 0x01, 0x22, 0x01, 0x3f, 0x17, 0x3c, 0x2a, 0x30, 0x25, 0x37, 0x13, 
    0x23, 0x03, 0x06, 0x07, 0x06, 0x07, 0x06, 0x23, 0x22, 0x35, 0x37, 0x13, 
    0x23, 0x03, 0x07, 0x14, 0x17, 0x16, 0x17, 0x16, 0x33, 0x32, 0x37, 0x36, 
    0x37, 0x36, 0x37, 0x07, 0x13, 0x17, 0x33, 0x27, 0x23, 0x07, 0x33, 0x01, 
    0xea, 0x02, 0x6c, 0x58, 0x3d, 0x08, 0x15, 0x16, 0x27, 0x27, 0x34, 0x52, 
    0x05, 0x4b, 0x58, 0x50, 0x06, 0x15, 0x17, 0x1f, 0x21, 0x20, 0x3c, 0x2c, 
    0x14, 0x17, 0x11, 0x18, 0x10, 0x12, 0x2e, 0x51, 0x45, 0x5e, 0x81, 0x4f, 
    0x00, 0x0c, 0x01, 0xff, 0xfe, 0xdf, 0x2a, 0x26, 0x27, 0x1b, 0x1b, 0x4c, 
    0x27, 0x01, 0x5b, 0xfe, 0x87, 0x2c, 0x28, 0x1d, 0x1c, 0x0a, 0x0b, 0x17, 
    0x09, 0x14, 0x0f, 0x19, 0x4c, 0x02, 0xb0, 0x5e, 0x8e, 0x8e, 0x30, 0x62, 
    0x00, 0x03, 0x00, 0x5e, 0xff, 0xf0, 0x02, 0x58, 0x02, 0xc3, 0x00, 0x1e, 
    0x00, 0x22, 0x00, 0x26, 0x00, 0x67, 0xb0, 0x09, 0x1f, 0x01, 0x40, 0x0b, 
    0x0d, 0x0f, 0x02, 0x00, 0x10, 0x01, 0x00, 0x18, 0x0c, 0x11, 0x00, 0x2b, 
    0x40, 0x09, 0x1e, 0x01, 0x00, 0x00, 0x00, 0x18, 0x22, 0x20, 0x00, 0x2b, 
    0xb3, 0x18, 0x26, 0x24, 0x04, 0x2b, 0x31, 0xb0, 0x09, 0x1f, 0x00, 0xb5, 
    0x00, 0x01, 0x1e, 0x01, 0x00, 0x00, 0x3f, 0x17, 0x3c, 0x2a, 0xb7, 0x00, 
    0x01, 0x03, 0x0e, 0x0f, 0x03, 0x02, 0x02, 0x3f, 0x17, 0x3c, 0x2a, 0xb1, 
    0x00, 0x0c, 0x42, 0xb5, 0x0a, 0x01, 0x07, 0x00, 0x17, 0x00, 0x3f, 0x17, 
    0x3c, 0x2a, 0xb1, 0x00, 0x0c, 0x42, 0x40, 0x0c, 0x1f, 0x22, 0x23, 0x26, 
    0x04, 0x07, 0x21, 0x24, 0x25, 0x03, 0x20, 0x08, 0x3f, 0x17, 0x3c, 0x2a, 
    0x30, 0x25, 0x37, 0x13, 0x23, 0x03, 0x06, 0x07, 0x06, 0x07, 0x06, 0x23, 
    0x22, 0x35, 0x37, 0x13, 0x23, 0x03, 0x07, 0x14, 0x17, 0x16, 0x17, 0x16, 
    0x33, 0x32, 0x37, 0x36, 0x37, 0x36, 0x37, 0x07, 0x03, 0x07, 0x33, 0x37, 
    0x33, 0x07, 0x33, 0x37, 0x01, 0xea, 0x02, 0x6c, 0x58, 0x3d, 0x08, 0x15, 
    0x16, 0x27, 0x27, 0x34, 0x52, 0x05, 0x4b, 0x58, 0x50, 0x06, 0x15, 0x17, 
    0x1f, 0x21, 0x20, 0x3c, 0x2c, 0x14, 0x17, 0x11, 0x18, 0x10, 0x68, 0x17, 
    0x5c, 0x15, 0x49, 0x16, 0x5a, 0x15, 0x00, 0x0c, 0x01, 0xff, 0xfe, 0xdf, 
    0x2a, 0x26, 0x27, 0x1b, 0x1b, 0x4c, 0x27, 0x01, 0x5b, 0xfe, 0x87, 0x2c, 
    0x28, 0x1d, 0x1c, 0x0a, 0x0b, 0x17, 0x09, 0x14, 0x0f, 0x19, 0x4c, 0x02, 
    0xc3, 0x66, 0x66, 0x66, 0x66, 0x02, 0x02, 0x06, 0x00, 0x02, 0x00, 0x10, 
    0xff, 0x29, 0x02, 0x58, 0x02, 0xde, 0x00, 0x17, 0x00, 0x1b, 0x00, 0x45, 
    0xb0, 0x09, 0x1f, 0x01, 0x40, 0x09, 0x00, 0x00, 0x0b, 0x01, 0x00, 0x00, 
    0x17, 0x0c, 0x00, 0x2b, 0xb3, 0x00, 0x1b, 0x19, 0x04, 0x2b, 0x31, 0xb0, 
    0x09, 0x1f, 0x00, 0xb7, 0x00, 0x01, 0x02, 0x03, 0x17, 0x03, 0x00, 0x02, 
    0x3f, 0x17, 0x3c, 0x2a, 0xb3, 0x0c, 0x09, 0x0e, 0x04, 0x2b, 0xb5, 0x00, 
    0x01, 0x1b, 0x01, 0x18, 0x01, 0x3f, 0x17, 0x3c, 0x2a, 0xb5, 0x00, 0x01, 
    0x1a, 0x01, 0x19, 0x08, 0x3f, 0x17, 0x3c, 0x2a, 0x30, 0x01, 0x0b, 0x01, 
    0x23, 0x13, 0x07, 0x06, 0x07, 0x06, 0x23, 0x22, 0x27, 0x07, 0x16, 0x33, 
    0x32, 0x37, 0x36, 0x37, 0x36, 0x3f, 0x03, 0x27, 0x07, 0x33, 0x37, 0x01, 
    0xf8, 0xe9, 0x30, 0x66, 0x52, 0x35, 0x0f, 0x0f, 0x10, 0x16, 0x19, 0x1a, 
    0x0f, 0x18, 0x2a, 0x25, 0x1d, 0x1c, 0x24, 0x2c, 0x2f, 0x61, 0x57, 0x71, 
    0x95, 0x77, 0x42, 0xa1, 0x02, 0x0b, 0xfe, 0x57, 0x01, 0xa9, 0xfd, 0xe7, 
    0x53, 0x17, 0x07, 0x08, 0x08, 0x50, 0x08, 0x11, 0x10, 0x32, 0x3e, 0x50, 
    0xa4, 0x95, 0xc8, 0xd3, 0x8c, 0x8c, 0x08, 0x15, 0x00, 0x02, 0x00, 0x0e, 
    0xff, 0x31, 0x02, 0x48, 0x02, 0xcf, 0x00, 0x15, 0x00, 0x2c, 0x00, 0x79, 
    0xb0, 0x09, 0x1f, 0x01, 0x40, 0x09, 0x00, 0x00, 0x20, 0x01, 0x00, 0x18, 
    0x0a, 0x1e, 0x00, 0x2b, 0x40, 0x09, 0x16, 0x01, 0x00, 0x00, 0x00, 0x00, 
    0x2c, 0x00, 0x00, 0x2b, 0x31, 0xb6, 0x1c, 0x1a, 0x18, 0x03, 0x00, 0x0a, 
    0x02, 0x2b, 0x40, 0x09, 0x2a, 0x28, 0x26, 0x24, 0x22, 0x05, 0x2c, 0x1e, 
    0x02, 0x2b, 0xb0, 0x09, 0x1f, 0x00, 0xb7, 0x00, 0x01, 0x02, 0x01, 0x15, 
    0x01, 0x14, 0x01, 0x3f, 0x17, 0x3c, 0x2a, 0xb1, 0x00, 0x0c, 0x42, 0xb5, 
    0x28, 0x01, 0x07, 0x00, 0x04, 0x00, 0x3f, 0x17, 0x3c, 0x2a, 0xb1, 0x00, 
    0x0c, 0x42, 0xb5, 0x1c, 0x01, 0x07, 0x00, 0x0e, 0x02, 0x3f, 0x17, 0x3c, 
    0x2a, 0x30, 0xb6, 0x16, 0x1a, 0x18, 0x03, 0x00, 0x14, 0x02, 0x2b, 0x40, 
    0x0b, 0x2c, 0x2a, 0x26, 0x24, 0x22, 0x20, 0x1e, 0x07, 0x04, 0x0e, 0x02, 
    0x2b, 0x17, 0x33, 0x13, 0x16, 0x33, 0x32, 0x37, 0x36, 0x37, 0x36, 0x35, 
    0x34, 0x27, 0x26, 0x23, 0x22, 0x07, 0x06, 0x0f, 0x01, 0x13, 0x23, 0x03, 
    0x36, 0x37, 0x36, 0x37, 0x36, 0x33, 0x32, 0x15, 0x14, 0x07, 0x06, 0x07, 
    0x06, 0x07, 0x06, 0x07, 0x06, 0x23, 0x22, 0x27, 0x26, 0x35, 0x0e, 0x58, 
    0x38, 0x21, 0x5c, 0x58, 0x46, 0x45, 0x25, 0x25, 0x2c, 0x2d, 0x53, 0x30, 
    0x1a, 0x1c, 0x14, 0x30, 0x39, 0x58, 0x14, 0x0c, 0x15, 0x14, 0x28, 0x28, 
    0x39, 0x6f, 0x0c, 0x05, 0x09, 0x08, 0x0d, 0x19, 0x24, 0x26, 0x31, 0x2b, 
    0x23, 0x23, 0xcf, 0x01, 0x06, 0x47, 0x38, 0x37, 0x55, 0x53, 0x59, 0x55, 
    0x32, 0x32, 0x0a, 0x0a, 0x11, 0x31, 0x01, 0x0c, 0xfe, 0x1d, 0x37, 0x31, 
    0x33, 0x22, 0x22, 0x73, 0x2d, 0x32, 0x17, 0x19, 0x16, 0x16, 0x2e, 0x18, 
    0x1a, 0x1d, 0x1d, 0x3d, 0x00, 0x03, 0x00, 0x10, 0xff, 0x29, 0x02, 0x58, 
    0x02, 0xc3, 0x00, 0x17, 0x00, 0x1b, 0x00, 0x1f, 0x00, 0x4b, 0xb0, 0x09, 
    0x1f, 0x01, 0x40, 0x09, 0x00, 0x00, 0x0b, 0x01, 0x00, 0x00, 0x17, 0x0c, 
    0x00, 0x2b, 0xb3, 0x18, 0x1b, 0x19, 0x04, 0x2b, 0xb3, 0x18, 0x1f, 0x1d, 
    0x04, 0x2b, 0x31, 0xb0, 0x09, 0x1f, 0x00, 0xb7, 0x00, 0x01, 0x02, 0x03, 
    0x17, 0x03, 0x00, 0x02, 0x3f, 0x17, 0x3c, 0x2a, 0xb3, 0x0c, 0x09, 0x0e, 
    0x04, 0x2b, 0xb1, 0x00, 0x0c, 0x42, 0x40, 0x0c, 0x18, 0x1b, 0x1c, 0x1f, 
    0x04, 0x07, 0x1a, 0x1d, 0x1e, 0x03, 0x19, 0x08, 0x3f, 0x17, 0x3c, 0x2a, 
    0x30, 0x01, 0x0b, 0x01, 0x23, 0x13, 0x07, 0x06, 0x07, 0x06, 0x23, 0x22, 
    0x27, 0x07, 0x16, 0x33, 0x32, 0x37, 0x36, 0x37, 0x36, 0x3f, 0x03, 0x25, 
    0x07, 0x33, 0x37, 0x33, 0x07, 0x33, 0x37, 0x01, 0xf8, 0xe9, 0x30, 0x66, 
    0x52, 0x35, 0x0f, 0x0f, 0x10, 0x16, 0x19, 0x1a, 0x0f, 0x18, 0x2a, 0x25, 
    0x1d, 0x1c, 0x24, 0x2c, 0x2f, 0x61, 0x57, 0x71, 0xfe, 0xbb, 0x17, 0x5c, 
    0x15, 0x49, 0x16, 0x5a, 0x15, 0x02, 0x0b, 0xfe, 0x57, 0x01, 0xa9, 0xfd, 
    0xe7, 0x53, 0x17, 0x07, 0x08, 0x08, 0x50, 0x08, 0x11, 0x10, 0x32, 0x3e, 
    0x50, 0xa4, 0x95, 0xc8, 0xb8, 0x66, 0x66, 0x66, 0x66, 0x21, 0x5c, 0x58, 
    0x00, 0x00, 0x00, 0x00, 0x00, 0x00, 0x00, 0x68, 0x00, 0x00, 0x00, 0x68, 
    0x00, 0x00, 0x00, 0xcc, 0x00, 0x00, 0x01, 0x28, 0x00, 0x00, 0x01, 0xdc, 
    0x00, 0x00, 0x03, 0x68, 0x00, 0x00, 0x05, 0x38, 0x00, 0x00, 0x06, 0xbc, 
    0x00, 0x00, 0x07, 0x14, 0x00, 0x00, 0x07, 0xc0, 0x00, 0x00, 0x08, 0x30, 
    0x00, 0x00, 0x08, 0x90, 0x00, 0x00, 0x08, 0xf0, 0x00, 0x00, 0x09, 0x3c, 
    0x00, 0x00, 0x09, 0x74, 0x00, 0x00, 0x09, 0xac, 0x00, 0x00, 0x09, 0xec, 
    0x00, 0x00, 0x0a, 0xe8, 0x00, 0x00, 0x0b, 0x34, 0x00, 0x00, 0x0c, 0x58, 
    0x00, 0x00, 0x0d, 0x68, 0x00, 0x00, 0x0d, 0xe4, 0x00, 0x00, 0x0e, 0xdc, 
    0x00, 0x00, 0x10, 0x38, 0x00, 0x00, 0x10, 0xb4, 0x00, 0x00, 0x12, 0x54, 
    0x00, 0x00, 0x13, 0x80, 0x00, 0x00, 0x13, 0xdc, 0x00, 0x00, 0x14, 0x64, 
    0x00, 0x00, 0x14, 0xa8, 0x00, 0x00, 0x15, 0x08, 0x00, 0x00, 0x15, 0x4c, 
    0x00, 0x00, 0x16, 0x78, 0x00, 0x00, 0x18, 0xa4, 0x00, 0x00, 0x19, 0x1c, 
    0x00, 0x00, 0x1a, 0x34, 0x00, 0x00, 0x1b, 0x48, 0x00, 0x00, 0x1c, 0x0c, 
    0x00, 0x00, 0x1c, 0x80, 0x00, 0x00, 0x1c, 0xe8, 0x00, 0x00, 0x1e, 0x3c, 
    0x00, 0x00, 0x1e, 0xa8, 0x00, 0x00, 0x1e, 0xe8, 0x00, 0x00, 0x1f, 0x8c, 
    0x00, 0x00, 0x1f, 0xec, 0x00, 0x00, 0x20, 0x38, 0x00, 0x00, 0x20, 0xa0, 
    0x00, 0x00, 0x20, 0xf8, 0x00, 0x00, 0x22, 0x28, 0x00, 0x00, 0x22, 0xdc, 
    0x00, 0x00, 0x24, 0x18, 0x00, 0x00, 0x25, 0x14, 0x00, 0x00, 0x26, 0x88, 
    0x00, 0x00, 0x26, 0xdc, 0x00, 0x00, 0x27, 0x94, 0x00, 0x00, 0x27, 0xe4, 
    0x00, 0x00, 0x28, 0x68, 0x00, 0x00, 0x28, 0xcc, 0x00, 0x00, 0x29, 0x24, 
    0x00, 0x00, 0x29, 0x88, 0x00, 0x00, 0x29, 0xe4, 0x00, 0x00, 0x2a, 0x24, 
    0x00, 0x00, 0x2a, 0x7c, 0x00, 0x00, 0x2a, 0xc0, 0x00, 0x00, 0x2b, 0x00, 
    0x00, 0x00, 0x2b, 0x40, 0x00, 0x00, 0x2c, 0xd0, 0x00, 0x00, 0x2d, 0xd0, 
    0x00, 0x00, 0x2e, 0xb0, 0x00, 0x00, 0x2f, 0xc8, 0x00, 0x00, 0x30, 0xc0, 
    0x00, 0x00, 0x31, 0x50, 0x00, 0x00, 0x32, 0x68, 0x00, 0x00, 0x33, 0x2c, 
    0x00, 0x00, 0x33, 0x90, 0x00, 0x00, 0x34, 0x20, 0x00, 0x00, 0x34, 0x88, 
    0x00, 0x00, 0x34, 0xc8, 0x00, 0x00, 0x35, 0xb8, 0x00, 0x00, 0x36, 0x64, 
    0x00, 0x00, 0x37, 0x6c, 0x00, 0x00, 0x38, 0x84, 0x00, 0x00, 0x39, 0x90, 
    0x00, 0x00, 0x3a, 0x08, 0x00, 0x00, 0x3b, 0x28, 0x00, 0x00, 0x3b, 0xb8, 
    0x00, 0x00, 0x3c, 0x60, 0x00, 0x00, 0x3c, 0xb8, 0x00, 0x00, 0x3d, 0x4c, 
    0x00, 0x00, 0x3d, 0xa8, 0x00, 0x00, 0x3e, 0x28, 0x00, 0x00, 0x3e, 0x90, 
    0x00, 0x00, 0x3f, 0x98, 0x00, 0x00, 0x3f, 0xe0, 0x00, 0x00, 0x40, 0xcc, 
    0x00, 0x00, 0x41, 0x30, 0x00, 0x00, 0x41, 0x7c, 0x00, 0x00, 0x42, 0x40, 
    0x00, 0x00, 0x42, 0xc4, 0x00, 0x00, 0x43, 0x2c, 0x00, 0x00, 0x43, 0x90, 
    0x00, 0x00, 0x44, 0x14, 0x00, 0x00, 0x44, 0x58, 0x00, 0x00, 0x46, 0xdc, 
    0x00, 0x00, 0x48, 0x78, 0x00, 0x00, 0x48, 0xb4, 0x00, 0x00, 0x4a, 0x2c, 
    0x00, 0x00, 0x4a, 0x7c, 0x00, 0x00, 0x4a, 0xd4, 0x00, 0x00, 0x4b, 0x60, 
    0x00, 0x00, 0x4b, 0xe4, 0x00, 0x00, 0x4c, 0x58, 0x00, 0x00, 0x4c, 0x98, 
    0x00, 0x00, 0x4c, 0xd8, 0x00, 0x00, 0x4d, 0x6c, 0x00, 0x00, 0x4d, 0xfc, 
    0x00, 0x00, 0x4f, 0x48, 0x00, 0x00, 0x4f, 0x84, 0x00, 0x00, 0x51, 0x44, 
    0x00, 0x00, 0x51, 0xd4, 0x00, 0x00, 0x52, 0x38, 0x00, 0x00, 0x53, 0x60, 
    0x00, 0x00, 0x54, 0xac, 0x00, 0x00, 0x55, 0xdc, 0x00, 0x00, 0x56, 0x74, 
    0x00, 0x00, 0x56, 0xbc, 0x00, 0x00, 0x58, 0xac, 0x00, 0x00, 0x59, 0x00, 
    0x00, 0x00, 0x5a, 0xec, 0x00, 0x00, 0x5c, 0x70, 0x00, 0x00, 0x5c, 0xd4, 
    0x00, 0x00, 0x5d, 0x14, 0x00, 0x00, 0x5e, 0xc8, 0x00, 0x00, 0x5f, 0xa0, 
    0x00, 0x00, 0x60, 0x2c, 0x00, 0x00, 0x60, 0x8c, 0x00, 0x00, 0x61, 0x6c, 
    0x00, 0x00, 0x62, 0x18, 0x00, 0x00, 0x62, 0x98, 0x00, 0x00, 0x63, 0x0c, 
    0x00, 0x00, 0x63, 0xe8, 0x00, 0x00, 0x64, 0xb0, 0x00, 0x00, 0x65, 0x60, 
    0x00, 0x00, 0x66, 0x40, 0x00, 0x00, 0x66, 0xa0, 0x00, 0x00, 0x67, 0x84, 
    0x00, 0x00, 0x68, 0x98, 0x00, 0x00, 0x6a, 0x00, 0x00, 0x00, 0x6a, 0xec, 
    0x00, 0x00, 0x6b, 0x84, 0x00, 0x00, 0x6c, 0x1c, 0x00, 0x00, 0x6c, 0xbc, 
    0x00, 0x00, 0x6d, 0x9c, 0x00, 0x00, 0x6e, 0x4c, 0x00, 0x00, 0x6f, 0x50, 
    0x00, 0x00, 0x6f, 0xf4, 0x00, 0x00, 0x71, 0x1c, 0x00, 0x00, 0x71, 0xac, 
    0x00, 0x00, 0x72, 0x40, 0x00, 0x00, 0x72, 0xdc, 0x00, 0x00, 0x73, 0x84, 
    0x00, 0x00, 0x73, 0xe4, 0x00, 0x00, 0x74, 0x44, 0x00, 0x00, 0x74, 0xac, 
    0x00, 0x00, 0x75, 0x24, 0x00, 0x00, 0x76, 0x2c, 0x00, 0x00, 0x76, 0xe8, 
    0x00, 0x00, 0x78, 0x48, 0x00, 0x00, 0x79, 0xa8, 0x00, 0x00, 0x7b, 0x10, 
    0x00, 0x00, 0x7c, 0xa4, 0x00, 0x00, 0x7e, 0x24, 0x00, 0x00, 0x7e, 0x7c, 
    0x00, 0x00, 0x7f, 0xa8, 0x00, 0x00, 0x80, 0x80, 0x00, 0x00, 0x81, 0x58, 
    0x00, 0x00, 0x82, 0x3c, 0x00, 0x00, 0x83, 0x2c, 0x00, 0x00, 0x83, 0xa4, 
    0x00, 0x00, 0x84, 0x60, 0x00, 0x00, 0x85, 0xc4, 0x00, 0x00, 0x87, 0x88, 
    0x00, 0x00, 0x89, 0x44, 0x00, 0x00, 0x8b, 0x08, 0x00, 0x00, 0x8d, 0x10, 
    0x00, 0x00, 0x8e, 0xf0, 0x00, 0x00, 0x91, 0x0c, 0x00, 0x00, 0x92, 0xe4, 
    0x00, 0x00, 0x94, 0x3c, 0x00, 0x00, 0x95, 0x60, 0x00, 0x00, 0x96, 0x80, 
    0x00, 0x00, 0x97, 0xa8, 0x00, 0x00, 0x98, 0xe4, 0x00, 0x00, 0x99, 0x50, 
    0x00, 0x00, 0x99, 0xbc, 0x00, 0x00, 0x9a, 0x38, 0x00, 0x00, 0x9a, 0xb8, 
    0x00, 0x00, 0x9b, 0xe0, 0x00, 0x00, 0x9d, 0x08, 0x00, 0x00, 0x9e, 0x48, 
    0x00, 0x00, 0x9f, 0x7c, 0x00, 0x00, 0xa0, 0xb8, 0x00, 0x00, 0xa2, 0x3c, 
    0x00, 0x00, 0xa3, 0x8c, 0x00, 0x00, 0xa4, 0x08, 0x00, 0x00, 0xa5, 0x40, 
    0x00, 0x00, 0xa6, 0x10, 0x00, 0x00, 0xa6, 0xe4, 0x00, 0x00, 0xa7, 0xc0, 
    0x00, 0x00, 0xa8, 0xac, 0x00, 0x00, 0xa9, 0x54, 0x00, 0x00, 0xaa, 0x58, 
    0x00, 0x00, 0xab, 0x14, 0x01, 0xf6, 0xff, 0xff, 0x01, 0x15, 0x00, 0x00, 
    0x01, 0x15, 0x00, 0x5a, 0x01, 0x63, 0x00, 0xa8, 0x02, 0x2d, 0x00, 0x48, 
    0x02, 0x2d, 0x00, 0x42, 0x03, 0x79, 0x00, 0x92, 0x02, 0x9c, 0x00, 0x4e, 
    0x00, 0xdf, 0x00, 0x96, 0x01, 0x4c, 0x00, 0x6b, 0x01, 0x4c, 0xff, 0xf6, 
    0x01, 0x85, 0x00, 0xa4, 0x02, 0x48, 0x00, 0x54, 0x01, 0x15, 0x00, 0x39, 
    0x01, 0x4c, 0x00, 0x5e, 0x01, 0x15, 0x00, 0x58, 0x01, 0x15, 0xff, 0xeb, 
    0x02, 0x2d, 0x00, 0x5f, 0x02, 0x2d, 0x00, 0xcf, 0x02, 0x2d, 0x00, 0x19, 
    0x02, 0x2d, 0x00, 0x48, 0x02, 0x2d, 0x00, 0x3d, 0x02, 0x2d, 0x00, 0x40, 
    0x02, 0x2d, 0x00, 0x5a, 0x02, 0x2d, 0x00, 0x89, 0x02, 0x2d, 0x00, 0x48, 
    0x02, 0x2d, 0x00, 0x52, 0x01, 0x15, 0x00, 0x58, 0x01, 0x15, 0x00, 0x39, 
    0x02, 0x48, 0x00, 0x5e, 0x02, 0x48, 0x00, 0x3f, 0x02, 0x48, 0x00, 0x32, 
    0x02, 0x2d, 0x00, 0xa0, 0x03, 0xf8, 0x00, 0xd7, 0x02, 0x9c, 0x00, 0x0e, 
    0x02, 0x9c, 0x00, 0x4a, 0x02, 0xd3, 0x00, 0x69, 0x02, 0xd3, 0x00, 0x50, 
    0x02, 0x9c, 0x00, 0x56, 0x02, 0x63, 0x00, 0x56, 0x03, 0x09, 0x00, 0x6d, 
    0x02, 0xd3, 0x00, 0x4e, 0x01, 0x15, 0x00, 0x5c, 0x01, 0xf4, 0x00, 0x2d, 
    0x02, 0x9c, 0x00, 0x4c, 0x02, 0x2d, 0x00, 0x4c, 0x03, 0x40, 0x00, 0x48, 
    0x02, 0xd3, 0x00, 0x4c, 0x03, 0x09, 0x00, 0x69, 0x02, 0x9c, 0x00, 0x56, 
    0x03, 0x09, 0x00, 0x68, 0x02, 0xd3, 0x00, 0x56, 0x02, 0x9c, 0x00, 0x5a, 
    0x02, 0x63, 0x00, 0x94, 0x02, 0xd3, 0x00, 0x7b, 0x02, 0x9c, 0x00, 0xae, 
    0x03, 0xaf, 0x00, 0xa8, 0x02, 0x9c, 0x00, 0x14, 0x02, 0x9c, 0x00, 0xa8, 
    0x02, 0x63, 0x00, 0x17, 0x01, 0x15, 0x00, 0x15, 0x01, 0x15, 0x00, 0x8d, 
    0x01, 0x15, 0xff, 0xf1, 0x01, 0xd5, 0x00, 0x2b, 0x02, 0x2d, 0xff, 0xe5, 
    0x01, 0x4c, 0x00, 0xaa, 0x02, 0x2d, 0x00, 0x3d, 0x02, 0x2d, 0x00, 0x3b, 
    0x01, 0xf4, 0x00, 0x4a, 0x02, 0x2d, 0x00, 0x52, 0x02, 0x2d, 0x00, 0x54, 
    0x01, 0x15, 0x00, 0x56, 0x02, 0x2d, 0x00, 0x2b, 0x02, 0x2d, 0x00, 0x40, 
    0x00, 0xdf, 0x00, 0x42, 0x00, 0xdf, 0xff, 0xc3, 0x01, 0xf4, 0x00, 0x42, 
    0x00, 0xdf, 0x00, 0x42, 0x03, 0x40, 0x00, 0x40, 0x02, 0x2d, 0x00, 0x40, 
    0x02, 0x2d, 0x00, 0x52, 0x02, 0x2d, 0x00, 0x0e, 0x02, 0x2d, 0x00, 0x52, 
    0x01, 0x4c, 0x00, 0x4c, 0x01, 0xf4, 0x00, 0x3f, 0x01, 0x15, 0x00, 0x66, 
    0x02, 0x2d, 0x00, 0x5e, 0x01, 0xf4, 0x00, 0x77, 0x02, 0xd3, 0x00, 0x7d, 
    0x01, 0xf4, 0x00, 0x0c, 0x01, 0xf4, 0x00, 0x10, 0x01, 0xf4, 0x00, 0x1f, 
    0x01, 0x4e, 0x00, 0x5c, 0x01, 0x04, 0x00, 0x5a, 0x01, 0x4e, 0x00, 0x00, 
    0x02, 0x48, 0x00, 0x6f, 0x01, 0x15, 0x00, 0x39, 0x02, 0x2d, 0xff, 0xcb, 
    0x01, 0x4c, 0xff, 0xfa, 0x03, 0xe8, 0x00, 0x73, 0x02, 0x2d, 0x00, 0x87, 
    0x02, 0x2d, 0x00, 0x33, 0x01, 0x4c, 0x00, 0x92, 0x03, 0xe8, 0x00, 0x58, 
    0x02, 0xdb, 0x00, 0x5a, 0x01, 0x4c, 0x00, 0x89, 0x03, 0xe8, 0x00, 0x60, 
    0x00, 0xdf, 0x00, 0xa6, 0x00, 0xdf, 0x00, 0x96, 0x01, 0x4c, 0x00, 0x89, 
    0x01, 0x4c, 0x00, 0x7b, 0x01, 0x5e, 0x00, 0x59, 0x03, 0xe8, 0x00, 0x35, 
    0x02, 0x2d, 0x00, 0x33, 0x01, 0x4c, 0x00, 0x7d, 0x03, 0xe8, 0x00, 0xba, 
    0x02, 0x26, 0x00, 0x3f, 0x01, 0x4c, 0x00, 0x6d, 0x03, 0xaf, 0x00, 0x50, 
    0x02, 0xf2, 0x00, 0xa8, 0x01, 0x4c, 0x00, 0x4c, 0x02, 0x2d, 0x00, 0x5e, 
    0x02, 0x2d, 0x00, 0x31, 0x02, 0x2d, 0x00, 0x3b, 0x02, 0x2d, 0x00, 0x50, 
    0x01, 0x15, 0x00, 0x5a, 0x02, 0x2d, 0x00, 0x4a, 0x01, 0x4c, 0x00, 0xa8, 
    0x02, 0xe0, 0x00, 0x35, 0x01, 0x71, 0x00, 0x64, 0x02, 0x2d, 0x00, 0x91, 
    0x02, 0x48, 0x00, 0x69, 0x02, 0xe0, 0x00, 0x35, 0x01, 0x58, 0x00, 0x8a, 
    0x02, 0x48, 0x00, 0x27, 0x01, 0xda, 0x00, 0x11, 0x03, 0x06, 0x00, 0x7b, 
    0x03, 0xfa, 0x00, 0xa8, 0x02, 0xf2, 0x00, 0xa8, 0x01, 0xe2, 0x00, 0x03, 
    0x02, 0x54, 0x00, 0x5e, 0x03, 0x06, 0x00, 0x7d, 0x02, 0x34, 0x00, 0x10, 
    0x01, 0x6d, 0x00, 0x64, 0x02, 0x2d, 0x00, 0x77, 0x03, 0x42, 0x00, 0x94, 
    0x03, 0x42, 0x00, 0x71, 0x03, 0x42, 0x00, 0x81, 0x02, 0x63, 0x00, 0x54, 
    0x02, 0x9c, 0x00, 0x0e, 0x02, 0x9c, 0x00, 0x0e, 0x02, 0x9c, 0x00, 0x0e, 
    0x02, 0x9c, 0x00, 0x0e, 0x02, 0x9c, 0x00, 0x0e, 0x02, 0x9c, 0x00, 0x0e, 
    0x03, 0xe8, 0x00, 0x07, 0x02, 0xd3, 0x00, 0x6b, 0x02, 0x9c, 0x00, 0x56, 
    0x02, 0x9c, 0x00, 0x56, 0x02, 0x9c, 0x00, 0x56, 0x02, 0x9c, 0x00, 0x56, 
    0x01, 0x15, 0x00, 0x5c, 0x01, 0x15, 0x00, 0x5c, 0x01, 0x15, 0x00, 0x5c, 
    0x01, 0x15, 0x00, 0x5c, 0x02, 0xd3, 0x00, 0x44, 0x02, 0xd3, 0x00, 0x4c, 
    0x03, 0x09, 0x00, 0x69, 0x03, 0x09, 0x00, 0x69, 0x03, 0x09, 0x00, 0x69, 
    0x03, 0x09, 0x00, 0x69, 0x03, 0x09, 0x00, 0x69, 0x02, 0x52, 0x00, 0x64, 
    0x03, 0x09, 0x00, 0x2b, 0x02, 0xd3, 0x00, 0x7b, 0x02, 0xd3, 0x00, 0x7b, 
    0x02, 0xd3, 0x00, 0x7b, 0x02, 0xd3, 0x00, 0x7b, 0x02, 0x9c, 0x00, 0xa8, 
    0x02, 0x9c, 0x00, 0x56, 0x02, 0x63, 0x00, 0x42, 0x02, 0x2d, 0x00, 0x3d, 
    0x02, 0x2d, 0x00, 0x3d, 0x02, 0x2d, 0x00, 0x3d, 0x02, 0x2d, 0x00, 0x3d, 
    0x02, 0x2d, 0x00, 0x3d, 0x02, 0x2d, 0x00, 0x3d, 0x03, 0x79, 0x00, 0x3b, 
    0x01, 0xf4, 0x00, 0x4a, 0x02, 0x2d, 0x00, 0x54, 0x02, 0x2d, 0x00, 0x54, 
    0x02, 0x2d, 0x00, 0x54, 0x02, 0x2d, 0x00, 0x54, 0x01, 0x15, 0x00, 0x5e, 
    0x01, 0x15, 0x00, 0x5e, 0x01, 0x15, 0x00, 0x5e, 0x01, 0x15, 0x00, 0x5e, 
    0x02, 0x2d, 0x00, 0x50, 0x02, 0x2d, 0x00, 0x40, 0x02, 0x2d, 0x00, 0x52, 
    0x02, 0x2d, 0x00, 0x52, 0x02, 0x2d, 0x00, 0x52, 0x02, 0x2d, 0x00, 0x52, 
    0x02, 0x2d, 0x00, 0x52, 0x01, 0xbe, 0x00, 0x09, 0x02, 0x63, 0x00, 0x1d, 
    0x02, 0x2d, 0x00, 0x5e, 0x02, 0x2d, 0x00, 0x5e, 0x02, 0x2d, 0x00, 0x5e, 
    0x02, 0x2d, 0x00, 0x5e, 0x01, 0xf4, 0x00, 0x10, 0x02, 0x2d, 0x00, 0x0e, 
    0x01, 0xf4, 0x00, 0x10, 0x00, 0x00, 0x02, 0xcf, 0x02, 0x0b, 0xff, 0xff, 
    0xff, 0xff, 0xff, 0xff, 0xff, 0xff, 0xff, 0x41, 0x02, 0x5f, 0xff, 0xff, 
    0xff, 0xff, 0xff, 0xff, 0x00, 0x56, 0x00, 0x00, 0x00, 0x00, 0x00, 0x00, 
    0x00, 0x00, 0x00, 0x00, 0x00, 0x00, 0x00, 0x00, 0x00, 0x00, 0x00, 0x00, 
    0x00, 0x00, 0x00, 0x00, 0x00, 0x5c, 0x00, 0x00, 0x00, 0x00, 0x00, 0x00, 
    0x00, 0x00, 0x00, 0x00, 0x00, 0x00, 0x00, 0x00, 0x00, 0x00, 0x00, 0x00, 
    0x00, 0x00, 0x00, 0x00, 0x00, 0x01, 0x00, 0x00, 0x00, 0xd5, 0x00, 0x8e, 
    0x00, 0x07, 0x00, 0x8e, 0x00, 0x07, 0x00, 0x03, 0x00, 0x03, 0x00, 0x04, 
    0x00, 0x08, 0x00, 0x00, 0x00, 0x2f, 0x00, 0xe3, 0x00, 0x01, 0x00, 0x01, 
    0xb7, 0x07, 0x06, 0x05, 0x04, 0x03, 0x02, 0x01, 0x00, 0x2c, 0x20, 0x47, 
    0x20, 0x68, 0x61, 0x64, 0xb0, 0x03, 0x25, 0x47, 0x20, 0x68, 0x61, 0x64, 
    0x52, 0x58, 0xb0, 0x05, 0x2b, 0x1b, 0xb0, 0x06, 0x2b, 0x59, 0x2d, 0x2c, 
    0xcc, 0x2d, 0x2c, 0x11, 0x12, 0x17, 0x39, 0x2d, 0x2c, 0x4b, 0xb0, 0x41, 
    0x50, 0x58, 0x3c, 0x1b, 0x21, 0x59, 0x2d, 0x2c, 0xb4, 0x00, 0x00, 0x00, 
    0x00, 0x07, 0x26, 0xb0, 0x07, 0x26, 0xb0, 0x07, 0x26, 0xb0, 0x00, 0x2b, 
    0x2d, 0x2c, 0x23, 0x20, 0xb0, 0x00, 0x23, 0x42, 0x2f, 0x23, 0x20, 0xb0, 
    0x00, 0x54, 0x58, 0x21, 0xdc, 0x1b, 0xfc, 0x59, 0x17, 0x3c, 0xb0, 0x03, 
    0x2a, 0xb0, 0x00, 0x43, 0x2e, 0x17, 0x3c, 0xb0, 0x03, 0x2a, 0x2d, 0x2c, 
    0x2f, 0xb0, 0x00, 0x23, 0x42, 0xb0, 0x01, 0x23, 0x42, 0x17, 0x3c, 0xb0, 
    0x03, 0x2a, 0xb0, 0x01, 0x43, 0x20, 0xb0, 0x00, 0x54, 0x58, 0x21, 0xb0, 
    0x00, 0x43, 0xdc, 0x1b, 0xb0, 0x00, 0x43, 0x23, 0xfc, 0x59, 0x17, 0x3c, 
    0xb0, 0x03, 0x2a, 0x2d, 0x2c, 0xb0, 0x00, 0x43, 0xec, 0x2d, 0x00, 0x00, 
    0xb9, 0x01, 0xff, 0x02, 0x00, 0x8d, 0x85, 0xb0, 0x40, 0x1d, 0xb0, 0x21, 
    0x1e, 0xb0, 0x09, 0x1f, 0xb0, 0x20, 0x1a, 0x00, 0x00, 0x00, 0x01, 0xf4, 
    0x01, 0x90, 0x00, 0x05, 0x00, 0x00, 0x01, 0xf4, 0x01, 0xf4, 0x00, 0x00, 
    0xfe, 0x0c, 0x01, 0xf4, 0x01, 0xf4, 0x00, 0x00, 0x00, 0xfa, 0x00, 0x32, 
    0x00, 0xfa, 0x00, 0x00, 0x02, 0x0b, 0x05, 0x00, 0x00, 0x00, 0x00, 0x00, 
    0x00, 0x00, 0x00, 0x00, 0x00, 0x00, 0x00, 0x00, 0x00, 0x00, 0x00, 0x00, 
    0x00, 0x00, 0x00, 0x00, 0x00, 0x00, 0x44, 0x54, 0x50, 0x53, 0x00, 0x41, 
    0x00, 0x20, 0x22, 0x19, 0x02, 0xdb, 0x00, 0xdd, 0x00, 0x00, 0x03, 0xb9, 
    0x00, 0xe3, 0x00, 0x00, 0x00, 0x00, 0x00, 0x01, 0x00, 0x00, 0x0e, 0x2a, 
    0x00, 0x01, 0x02, 0x5a, 0x0c, 0x00, 0x00, 0x09, 0x02, 0x1c, 0x00, 0x01, 
    0x00, 0x01, 0xff, 0x6a, 0x00, 0x01, 0x00, 0x6c, 0xff, 0x6a, 0x00, 0x01, 
    0x00, 0x6e, 0xff, 0x6a, 0x00, 0x08, 0x00, 0x01, 0xff, 0xdb, 0x00, 0x08, 
    0x00, 0x08, 0xff, 0xee, 0x00, 0x08, 0x00, 0x54, 0xff, 0xee, 0x00, 0x09, 
    0x00, 0x09, 0xff, 0xc9, 0x00, 0x09, 0x00, 0x0d, 0xff, 0xd9, 0x00, 0x09, 
    0x00, 0x0e, 0xff, 0x9c, 0x00, 0x09, 0x00, 0x0f, 0xff, 0x94, 0x00, 0x09, 
    0x00, 0x1b, 0xff, 0xc4, 0x00, 0x09, 0x00, 0x1c, 0xff, 0xd9, 0x00, 0x09, 
    0x00, 0x22, 0xff, 0xda, 0x00, 0x09, 0x00, 0x24, 0xff, 0xd2, 0x00, 0x09, 
    0x00, 0x28, 0xff, 0xcc, 0x00, 0x09, 0x00, 0x2b, 0xff, 0xb4, 0x00, 0x09, 
    0x00, 0x30, 0xff, 0xd4, 0x00, 0x09, 0x00, 0x32, 0xff, 0xd3, 0x00, 0x09, 
    0x00, 0x42, 0xff, 0xa0, 0x00, 0x09, 0x00, 0x44, 0xff, 0xa9, 0x00, 0x09, 
    0x00, 0x45, 0xff, 0xa6, 0x00, 0x09, 0x00, 0x46, 0xff, 0x9f, 0x00, 0x09, 
    0x00, 0x48, 0xff, 0xd8, 0x00, 0x09, 0x00, 0x4e, 0xff, 0xd6, 0x00, 0x09, 
    0x00, 0x4f, 0xff, 0xd6, 0x00, 0x09, 0x00, 0x50, 0xff, 0xa5, 0x00, 0x09, 
    0x00, 0x52, 0xff, 0xb7, 0x00, 0x09, 0x00, 0x53, 0xff, 0xca, 0x00, 0x09, 
    0x00, 0x54, 0xff, 0xb4, 0x00, 0x09, 0x00, 0x56, 0xff, 0xd2, 0x00, 0x09, 
    0x00, 0x99, 0xff, 0xda, 0x00, 0x09, 0x00, 0xab, 0xff, 0xd4, 0x00, 0x09, 
    0x00, 0xb9, 0xff, 0xb5, 0x00, 0x09, 0x00, 0xcb, 0xff, 0xb5, 0x00, 0x09, 
    0x00, 0xd1, 0xff, 0xd2, 0x00, 0x0d, 0x00, 0x0d, 0xff, 0xc3, 0x00, 0x0d, 
    0x00, 0x6c, 0xff, 0x6a, 0x00, 0x0d, 0x00, 0x6e, 0xff, 0x6a, 0x00, 0x0f, 
    0x00, 0x0f, 0xff, 0xc4, 0x00, 0x0f, 0x00, 0x6c, 0xff, 0x6a, 0x00, 0x0f, 
    0x00, 0x6e, 0xff, 0x6a, 0x00, 0x12, 0x00, 0x12, 0xff, 0xb6, 0x00, 0x22, 
    0x00, 0x01, 0xff, 0xc9, 0x00, 0x22, 0x00, 0x08, 0xff, 0xb6, 0x00, 0x22, 
    0x00, 0x0e, 0xff, 0xda, 0x00, 0x22, 0x00, 0x24, 0xff, 0xd0, 0x00, 0x22, 
    0x00, 0x28, 0xff, 0xca, 0x00, 0x22, 0x00, 0x30, 0xff, 0xcc, 0x00, 0x22, 
    0x00, 0x32, 0xff, 0xd0, 0x00, 0x22, 0x00, 0x35, 0xff, 0x6c, 0x00, 0x22, 
    0x00, 0x36, 0xff, 0xc7, 0x00, 0x22, 0x00, 0x37, 0xff, 0x6a, 0x00, 0x22, 
    0x00, 0x38, 0xff, 0x8b, 0x00, 0x22, 0x00, 0x3a, 0xff, 0x6a, 0x00, 0x22, 
    0x00, 0x57, 0xff, 0x98, 0x00, 0x22, 0x00, 0x58, 0xff, 0xb3, 0x00, 0x22, 
    0x00, 0x6c, 0xff, 0x83, 0x00, 0x22, 0x00, 0x6e, 0xff, 0x9e, 0x00, 0x22, 
    0x00, 0xab, 0xff, 0xcc, 0x00, 0x22, 0x00, 0xb1, 0xff, 0xc7, 0x00, 0x23, 
    0x00, 0x0a, 0xff, 0xb7, 0x00, 0x23, 0x00, 0x37, 0xff, 0xd1, 0x00, 0x24, 
    0x00, 0x0a, 0xff, 0xbb, 0x00, 0x24, 0x00, 0x0d, 0xff, 0xda, 0x00, 0x24, 
    0x00, 0x0f, 0xff, 0xda, 0x00, 0x24, 0x00, 0x37, 0xff, 0xd8, 0x00, 0x24, 
    0x00, 0x3a, 0xff, 0xdc, 0x00, 0x25, 0x00, 0x0a, 0xff, 0xa0, 0x00, 0x25, 
    0x00, 0x0d, 0xff, 0xcf, 0x00, 0x25, 0x00, 0x0f, 0xff, 0xcf, 0x00, 0x25, 
    0x00, 0x1b, 0xff, 0xdc, 0x00, 0x25, 0x00, 0x1c, 0xff, 0xdc, 0x00, 0x25, 
    0x00, 0x2a, 0xff, 0xdc, 0x00, 0x25, 0x00, 0x37, 0xff, 0xc1, 0x00, 0x25, 
    0x00, 0x38, 0xff, 0xda, 0x00, 0x25, 0x00, 0x3a, 0xff, 0xc5, 0x00, 0x26, 
    0x00, 0x09, 0xff, 0xd6, 0x00, 0x26, 0x00, 0xb1, 0xff, 0xe2, 0x00, 0x27, 
    0x00, 0x0d, 0xff, 0x6a, 0x00, 0x27, 0x00, 0x0f, 0xff, 0x6a, 0x00, 0x27, 
    0x00, 0x22, 0xff, 0xcd, 0x00, 0x27, 0x00, 0x99, 0xff, 0xcd, 0x00, 0x28, 
    0x00, 0x0a, 0xff, 0xd5, 0x00, 0x28, 0x00, 0x0d, 0xff, 0xcd, 0x00, 0x28, 
    0x00, 0x0f, 0xff, 0xce, 0x00, 0x28, 0x00, 0x1b, 0xff, 0xcd, 0x00, 0x28, 
    0x00, 0x1c, 0xff, 0xcd, 0x00, 0x28, 0x00, 0x23, 0xff, 0xdd, 0x00, 0x28, 
    0x00, 0x25, 0xff, 0xd6, 0x00, 0x28, 0x00, 0x26, 0xff, 0xd1, 0x00, 0x28, 
    0x00, 0x27, 0xff, 0xd0, 0x00, 0x28, 0x00, 0x29, 0xff, 0xd9, 0x00, 0x28, 
    0x00, 0x2a, 0xff, 0xcb, 0x00, 0x28, 0x00, 0x2c, 0xff, 0xdb, 0x00, 0x28, 
    0x00, 0x2d, 0xff, 0xdb, 0x00, 0x28, 0x00, 0x2f, 0xff, 0xdb, 0x00, 0x28, 
    0x00, 0x31, 0xff, 0xd1, 0x00, 0x28, 0x00, 0x33, 0xff, 0xd0, 0x00, 0x28, 
    0x00, 0x36, 0xff, 0xd7, 0x00, 0x28, 0x00, 0x37, 0xff, 0xb4, 0x00, 0x28, 
    0x00, 0x38, 0xff, 0xc9, 0x00, 0x28, 0x00, 0x3a, 0xff, 0xbe, 0x00, 0x28, 
    0x00, 0x53, 0xff, 0xda, 0x00, 0x28, 0x00, 0xb1, 0xff, 0xd7, 0x00, 0x29, 
    0x00, 0x09, 0xff, 0xdb, 0x00, 0x29, 0x00, 0x0d, 0xff, 0xc8, 0x00, 0x29, 
    0x00, 0x0f, 0xff, 0xc8, 0x00, 0x29, 0x00, 0x1b, 0xff, 0xc8, 0x00, 0x29, 
    0x00, 0x1c, 0xff, 0xc8, 0x00, 0x29, 0x00, 0x23, 0xff, 0xd7, 0x00, 0x29, 
    0x00, 0x25, 0xff, 0xd0, 0x00, 0x29, 0x00, 0x26, 0xff, 0xcc, 0x00, 0x29, 
    0x00, 0x27, 0xff, 0xca, 0x00, 0x29, 0x00, 0x29, 0xff, 0xd4, 0x00, 0x29, 
    0x00, 0x2a, 0xff, 0xc6, 0x00, 0x29, 0x00, 0x2c, 0xff, 0xd5, 0x00, 0x29, 
    0x00, 0x2d, 0xff, 0xd5, 0x00, 0x29, 0x00, 0x2e, 0xff, 0xd7, 0x00, 0x29, 
    0x00, 0x2f, 0xff, 0xd5, 0x00, 0x29, 0x00, 0x31, 0xff, 0xcc, 0x00, 0x29, 
    0x00, 0x33, 0xff, 0xca, 0x00, 0x29, 0x00, 0x36, 0xff, 0xd2, 0x00, 0x29, 
    0x00, 0x4c, 0xff, 0xdd, 0x00, 0x29, 0x00, 0x4d, 0xff, 0xdd, 0x00, 0x29, 
    0x00, 0x53, 0xff, 0xd3, 0x00, 0x29, 0x00, 0x56, 0xff, 0xda, 0x00, 0x29, 
    0x00, 0xb1, 0xff, 0xd2, 0x00, 0x29, 0x00, 0xd1, 0xff, 0xda, 0x00, 0x2a, 
    0x00, 0x09, 0xff, 0xd0, 0x00, 0x2a, 0x00, 0x0d, 0xff, 0xbd, 0x00, 0x2a, 
    0x00, 0x0f, 0xff, 0xbe, 0x00, 0x2a, 0x00, 0x1b, 0xff, 0xbd, 0x00, 0x2a, 
    0x00, 0x1c, 0xff, 0xbd, 0x00, 0x2a, 0x00, 0x23, 0xff, 0xcc, 0x00, 0x2a, 
    0x00, 0x25, 0xff, 0xc5, 0x00, 0x2a, 0x00, 0x26, 0xff, 0xc1, 0x00, 0x2a, 
    0x00, 0x27, 0xff, 0xbf, 0x00, 0x2a, 0x00, 0x29, 0xff, 0xc9, 0x00, 0x2a, 
    0x00, 0x2a, 0xff, 0xbb, 0x00, 0x2a, 0x00, 0x2c, 0xff, 0xca, 0x00, 0x2a, 
    0x00, 0x2d, 0xff, 0xca, 0x00, 0x2a, 0x00, 0x2e, 0xff, 0xcc, 0x00, 0x2a, 
    0x00, 0x2f, 0xff, 0xca, 0x00, 0x2a, 0x00, 0x31, 0xff, 0xc1, 0x00, 0x2a, 
    0x00, 0x33, 0xff, 0xbf, 0x00, 0x2a, 0x00, 0x36, 0xff, 0xc7, 0x00, 0x2a, 
    0x00, 0x43, 0xff, 0xdc, 0x00, 0x2a, 0x00, 0x49, 0xff, 0xd4, 0x00, 0x2a, 
    0x00, 0x4a, 0xff, 0xd3, 0x00, 0x2a, 0x00, 0x4c, 0xff, 0xd2, 0x00, 0x2a, 
    0x00, 0x4d, 0xff, 0xd2, 0x00, 0x2a, 0x00, 0x4e, 0xff, 0xd4, 0x00, 0x2a, 
    0x00, 0x4f, 0xff, 0xd4, 0x00, 0x2a, 0x00, 0x51, 0xff, 0xdc, 0x00, 0x2a, 
    0x00, 0x53, 0xff, 0xc8, 0x00, 0x2a, 0x00, 0x56, 0xff, 0xcf, 0x00, 0x2a, 
    0x00, 0xb1, 0xff, 0xc7, 0x00, 0x2a, 0x00, 0xb4, 0xff, 0xd3, 0x00, 0x2a, 
    0x00, 0xd1, 0xff, 0xcf, 0x00, 0x2b, 0x00, 0x0d, 0xff, 0xd9, 0x00, 0x2b, 
    0x00, 0x0f, 0xff, 0xd9, 0x00, 0x2b, 0x00, 0x1b, 0xff, 0xce, 0x00, 0x2b, 
    0x00, 0x1c, 0xff, 0xce, 0x00, 0x2b, 0x00, 0x25, 0xff, 0xd7, 0x00, 0x2b, 
    0x00, 0x26, 0xff, 0xd2, 0x00, 0x2b, 0x00, 0x27, 0xff, 0xd1, 0x00, 0x2b, 
    0x00, 0x29, 0xff, 0xda, 0x00, 0x2b, 0x00, 0x2a, 0xff, 0xcc, 0x00, 0x2b, 
    0x00, 0x2c, 0xff, 0xdc, 0x00, 0x2b, 0x00, 0x2d, 0xff, 0xdc, 0x00, 0x2b, 
    0x00, 0x2f, 0xff, 0xdc, 0x00, 0x2b, 0x00, 0x31, 0xff, 0xd2, 0x00, 0x2b, 
    0x00, 0x33, 0xff, 0xd1, 0x00, 0x2b, 0x00, 0x36, 0xff, 0xd8, 0x00, 0x2b, 
    0x00, 0x53, 0xff, 0xdb, 0x00, 0x2b, 0x00, 0xb1, 0xff, 0xd8, 0x00, 0x2c, 
    0x00, 0x0e, 0xff, 0xc1, 0x00, 0x2d, 0x00, 0x01, 0xff, 0xdb, 0x00, 0x2d, 
    0x00, 0x08, 0xff, 0xc9, 0x00, 0x2d, 0x00, 0x28, 0xff, 0xdc, 0x00, 0x2d, 
    0x00, 0x35, 0xff, 0x6a, 0x00, 0x2d, 0x00, 0x37, 0xff, 0x6a, 0x00, 0x2d, 
    0x00, 0x38, 0xff, 0x9b, 0x00, 0x2d, 0x00, 0x3a, 0xff, 0x6a, 0x00, 0x2d, 
    0x00, 0x57, 0xff, 0xac, 0x00, 0x2d, 0x00, 0x58, 0xff, 0xc5, 0x00, 0x2d, 
    0x00, 0x6c, 0xff, 0x6a, 0x00, 0x2d, 0x00, 0x6e, 0xff, 0x6a, 0x00, 0x2d, 
    0x00, 0xab, 0xff, 0xdf, 0x00, 0x2d, 0x00, 0xb1, 0xff, 0xde, 0x00, 0x2e, 
    0x00, 0x09, 0xff, 0xdd, 0x00, 0x2e, 0x00, 0x0d, 0xff, 0xcf, 0x00, 0x2e, 
    0x00, 0x0f, 0xff, 0xcf, 0x00, 0x2e, 0x00, 0x1b, 0xff, 0xcf, 0x00, 0x2e, 
    0x00, 0x1c, 0xff, 0xcf, 0x00, 0x2e, 0x00, 0x23, 0xff, 0xdd, 0x00, 0x2e, 
    0x00, 0x25, 0xff, 0xd6, 0x00, 0x2e, 0x00, 0x26, 0xff, 0xd2, 0x00, 0x2e, 
    0x00, 0x27, 0xff, 0xd0, 0x00, 0x2e, 0x00, 0x29, 0xff, 0xda, 0x00, 0x2e, 
    0x00, 0x2a, 0xff, 0xcc, 0x00, 0x2e, 0x00, 0x2c, 0xff, 0xdb, 0x00, 0x2e, 
    0x00, 0x2d, 0xff, 0xdb, 0x00, 0x2e, 0x00, 0x2f, 0xff, 0xdb, 0x00, 0x2e, 
    0x00, 0x31, 0xff, 0xd2, 0x00, 0x2e, 0x00, 0x33, 0xff, 0xd0, 0x00, 0x2e, 
    0x00, 0x36, 0xff, 0xd8, 0x00, 0x2e, 0x00, 0x53, 0xff, 0xda, 0x00, 0x2e, 
    0x00, 0x56, 0xff, 0xdd, 0x00, 0x2e, 0x00, 0xb1, 0xff, 0xd8, 0x00, 0x2e, 
    0x00, 0xd1, 0xff, 0xdd, 0x00, 0x2f, 0x00, 0x09, 0xff, 0xdb, 0x00, 0x2f, 
    0x00, 0x0d, 0xff, 0xc8, 0x00, 0x2f, 0x00, 0x0f, 0xff, 0xc8, 0x00, 0x2f, 
    0x00, 0x1b, 0xff, 0xc8, 0x00, 0x2f, 0x00, 0x1c, 0xff, 0xc8, 0x00, 0x2f, 
    0x00, 0x23, 0xff, 0xd7, 0x00, 0x2f, 0x00, 0x25, 0xff, 0xd0, 0x00, 0x2f, 
    0x00, 0x26, 0xff, 0xcc, 0x00, 0x2f, 0x00, 0x27, 0xff, 0xca, 0x00, 0x2f, 
    0x00, 0x29, 0xff, 0xd4, 0x00, 0x2f, 0x00, 0x2a, 0xff, 0xc6, 0x00, 0x2f, 
    0x00, 0x2c, 0xff, 0xd5, 0x00, 0x2f, 0x00, 0x2d, 0xff, 0xd5, 0x00, 0x2f, 
    0x00, 0x2e, 0xff, 0xd7, 0x00, 0x2f, 0x00, 0x2f, 0xff, 0xd5, 0x00, 0x2f, 
    0x00, 0x31, 0xff, 0xcc, 0x00, 0x2f, 0x00, 0x33, 0xff, 0xca, 0x00, 0x2f, 
    0x00, 0x36, 0xff, 0xd2, 0x00, 0x2f, 0x00, 0x4c, 0xff, 0xdd, 0x00, 0x2f, 
    0x00, 0x4d, 0xff, 0xdd, 0x00, 0x2f, 0x00, 0x53, 0xff, 0xd3, 0x00, 0x2f, 
    0x00, 0x56, 0xff, 0xda, 0x00, 0x2f, 0x00, 0xb1, 0xff, 0xd2, 0x00, 0x2f, 
    0x00, 0xd1, 0xff, 0xda, 0x00, 0x30, 0x00, 0x0a, 0xff, 0xa6, 0x00, 0x30, 
    0x00, 0x0d, 0xff, 0xdb, 0x00, 0x30, 0x00, 0x0f, 0xff, 0xdb, 0x00, 0x30, 
    0x00, 0x37, 0xff, 0xc7, 0x00, 0x30, 0x00, 0x3a, 0xff, 0xc9, 0x00, 0x31, 
    0x00, 0x01, 0xff, 0xee, 0x00, 0x31, 0x00, 0x0a, 0xff, 0xcb, 0x00, 0x31, 
    0x00, 0x0d, 0xff, 0x6a, 0x00, 0x31, 0x00, 0x0f, 0xff, 0x6a, 0x00, 0x31, 
    0x00, 0x22, 0xff, 0xb6, 0x00, 0x31, 0x00, 0x39, 0xff, 0xdc, 0x00, 0x31, 
    0x00, 0x99, 0xff, 0xb6, 0x00, 0x32, 0x00, 0x37, 0xff, 0xc4, 0x00, 0x32, 
    0x00, 0x3a, 0xff, 0xba, 0x00, 0x33, 0x00, 0x09, 0xff, 0xd4, 0x00, 0x33, 
    0x00, 0x36, 0xff, 0xda, 0x00, 0x33, 0x00, 0x37, 0xff, 0xd7, 0x00, 0x33, 
    0x00, 0xb1, 0xff, 0xda, 0x00, 0x34, 0x00, 0x0a, 0xff, 0xb8, 0x00, 0x34, 
    0x00, 0x2a, 0xff, 0xdc, 0x00, 0x34, 0x00, 0x37, 0xff, 0xd2, 0x00, 0x34, 
    0x00, 0x3a, 0xff, 0xd8, 0x00, 0x34, 0x00, 0xb1, 0xff, 0xe4, 0x00, 0x35, 
    0x00, 0x01, 0xff, 0xee, 0x00, 0x35, 0x00, 0x0d, 0xff, 0x6a, 0x00, 0x35, 
    0x00, 0x0e, 0xff, 0x6a, 0x00, 0x35, 0x00, 0x0f, 0xff, 0x6a, 0x00, 0x35, 
    0x00, 0x22, 0xff, 0xa6, 0x00, 0x35, 0x00, 0x2b, 0xff, 0x6a, 0x00, 0x35, 
    0x00, 0x99, 0xff, 0xa6, 0x00, 0x35, 0x00, 0xcb, 0xff, 0xc6, 0x00, 0x36, 
    0x00, 0x09, 0xff, 0xd6, 0x00, 0x36, 0x00, 0x0d, 0xff, 0xc2, 0x00, 0x36, 
    0x00, 0x0f, 0xff, 0xc3, 0x00, 0x36, 0x00, 0x1b, 0xff, 0xc6, 0x00, 0x36, 
    0x00, 0x1c, 0xff, 0xc6, 0x00, 0x36, 0x00, 0x23, 0xff, 0xd5, 0x00, 0x36, 
    0x00, 0x25, 0xff, 0xce, 0x00, 0x36, 0x00, 0x26, 0xff, 0xca, 0x00, 0x36, 
    0x00, 0x27, 0xff, 0xc8, 0x00, 0x36, 0x00, 0x29, 0xff, 0xd2, 0x00, 0x36, 
    0x00, 0x2a, 0xff, 0xc4, 0x00, 0x36, 0x00, 0x2c, 0xff, 0xd3, 0x00, 0x36, 
    0x00, 0x2d, 0xff, 0xd3, 0x00, 0x36, 0x00, 0x2e, 0xff, 0xd6, 0x00, 0x36, 
    0x00, 0x2f, 0xff, 0xd3, 0x00, 0x36, 0x00, 0x31, 0xff, 0xca, 0x00, 0x36, 
    0x00, 0x33, 0xff, 0xc8, 0x00, 0x36, 0x00, 0x36, 0xff, 0xd0, 0x00, 0x36, 
    0x00, 0x4a, 0xff, 0xdc, 0x00, 0x36, 0x00, 0x4b, 0xff, 0xdc, 0x00, 0x36, 
    0x00, 0x4c, 0xff, 0xdc, 0x00, 0x36, 0x00, 0x4d, 0xff, 0xdc, 0x00, 0x36, 
    0x00, 0x53, 0xff, 0xd2, 0x00, 0x36, 0x00, 0x56, 0xff, 0xda, 0x00, 0x36, 
    0x00, 0xb1, 0xff, 0xd0, 0x00, 0x36, 0x00, 0xb4, 0xff, 0xdd, 0x00, 0x36, 
    0x00, 0xd1, 0xff, 0xda, 0x00, 0x37, 0x00, 0x09, 0xff, 0xc9, 0x00, 0x37, 
    0x00, 0x0d, 0xff, 0x6a, 0x00, 0x37, 0x00, 0x0e, 0xff, 0xc8, 0x00, 0x37, 
    0x00, 0x0f, 0xff, 0x6b, 0x00, 0x37, 0x00, 0x1b, 0xff, 0xd5, 0x00, 0x37, 
    0x00, 0x1c, 0xff, 0xd5, 0x00, 0x37, 0x00, 0x22, 0xff, 0x87, 0x00, 0x37, 
    0x00, 0x2b, 0xff, 0xc0, 0x00, 0x37, 0x00, 0x42, 0xff, 0xd4, 0x00, 0x37, 
    0x00, 0x44, 0xff, 0xd7, 0x00, 0x37, 0x00, 0x45, 0xff, 0xd6, 0x00, 0x37, 
    0x00, 0x46, 0xff, 0xcd, 0x00, 0x37, 0x00, 0x48, 0xff, 0xd4, 0x00, 0x37, 
    0x00, 0x50, 0xff, 0xd2, 0x00, 0x37, 0x00, 0x52, 0xff, 0xcd, 0x00, 0x37, 
    0x00, 0x54, 0xff, 0xd7, 0x00, 0x37, 0x00, 0x99, 0xff, 0x87, 0x00, 0x37, 
    0x00, 0xb9, 0xff, 0xc3, 0x00, 0x37, 0x00, 0xcb, 0xff, 0xc3, 0x00, 0x38, 
    0x00, 0x09, 0xff, 0xd5, 0x00, 0x38, 0x00, 0x0d, 0xff, 0x90, 0x00, 0x38, 
    0x00, 0x0e, 0xff, 0xdc, 0x00, 0x38, 0x00, 0x0f, 0xff, 0x87, 0x00, 0x38, 
    0x00, 0x22, 0xff, 0xb6, 0x00, 0x38, 0x00, 0x42, 0xff, 0xdd, 0x00, 0x38, 
    0x00, 0x46, 0xff, 0xdb, 0x00, 0x38, 0x00, 0x99, 0xff, 0xb6, 0x00, 0x38, 
    0x00, 0xb9, 0xff, 0xdd, 0x00, 0x39, 0x00, 0x09, 0xff, 0xd9, 0x00, 0x39, 
    0x00, 0x0e, 0xff, 0xad, 0x00, 0x3a, 0x00, 0x01, 0xff, 0xee, 0x00, 0x3a, 
    0x00, 0x09, 0xff, 0xd9, 0x00, 0x3a, 0x00, 0x0d, 0xff, 0x6a, 0x00, 0x3a, 
    0x00, 0x0e, 0xff, 0xab, 0x00, 0x3a, 0x00, 0x0f, 0xff, 0x6a, 0x00, 0x3a, 
    0x00, 0x1b, 0xff, 0xd5, 0x00, 0x3a, 0x00, 0x1c, 0xff, 0xd5, 0x00, 0x3a, 
    0x00, 0x22, 0xff, 0x8c, 0x00, 0x3a, 0x00, 0x2b, 0xff, 0x9a, 0x00, 0x3a, 
    0x00, 0x42, 0xff, 0xc9, 0x00, 0x3a, 0x00, 0x44, 0xff, 0xc4, 0x00, 0x3a, 
    0x00, 0x45, 0xff, 0xc8, 0x00, 0x3a, 0x00, 0x46, 0xff, 0xb9, 0x00, 0x3a, 
    0x00, 0x48, 0xff, 0xc2, 0x00, 0x3a, 0x00, 0x50, 0xff, 0xbe, 0x00, 0x3a, 
    0x00, 0x52, 0xff, 0xc9, 0x00, 0x3a, 0x00, 0x54, 0xff, 0xd7, 0x00, 0x3a, 
    0x00, 0x99, 0xff, 0x8c, 0x00, 0x3a, 0x00, 0xb9, 0xff, 0xc9, 0x00, 0x3a, 
    0x00, 0xcb, 0xff, 0xc9, 0x00, 0x41, 0x00, 0x41, 0xff, 0xee, 0x00, 0x42, 
    0x00, 0x6c, 0xff, 0xd0, 0x00, 0x43, 0x00, 0x0a, 0xff, 0xaf, 0x00, 0x44, 
    0x00, 0x0a, 0xff, 0xbb, 0x00, 0x45, 0x00, 0x0d, 0xff, 0xdc, 0x00, 0x45, 
    0x00, 0x0f, 0xff, 0xdc, 0x00, 0x45, 0x00, 0x1b, 0xff, 0xdc, 0x00, 0x45, 
    0x00, 0x1c, 0xff, 0xdc, 0x00, 0x46, 0x00, 0x0a, 0xff, 0xb4, 0x00, 0x46, 
    0x00, 0x6c, 0xff, 0xdd, 0x00, 0x47, 0x00, 0x08, 0x00, 0x12, 0x00, 0x47, 
    0x00, 0x0d, 0xff, 0xae, 0x00, 0x47, 0x00, 0x0f, 0xff, 0xae, 0x00, 0x48, 
    0x00, 0x0d, 0xff, 0xda, 0x00, 0x48, 0x00, 0x0f, 0xff, 0xda, 0x00, 0x48, 
    0x00, 0x1b, 0xff, 0xda, 0x00, 0x48, 0x00, 0x1c, 0xff, 0xda, 0x00, 0x49, 
    0x00, 0x0a, 0xff, 0xdc, 0x00, 0x49, 0x00, 0x0d, 0xff, 0xd4, 0x00, 0x49, 
    0x00, 0x0f, 0xff, 0xd4, 0x00, 0x49, 0x00, 0x1b, 0xff, 0xd4, 0x00, 0x49, 
    0x00, 0x1c, 0xff, 0xd4, 0x00, 0x49, 0x00, 0x6c, 0xff, 0xdc, 0x00, 0x4a, 
    0x00, 0x0d, 0xff, 0xd0, 0x00, 0x4a, 0x00, 0x0f, 0xff, 0xd1, 0x00, 0x4a, 
    0x00, 0x1b, 0xff, 0xd1, 0x00, 0x4a, 0x00, 0x1c, 0xff, 0xd1, 0x00, 0x4a, 
    0x00, 0x53, 0xff, 0xdb, 0x00, 0x4b, 0x00, 0x0d, 0xff, 0xd1, 0x00, 0x4b, 
    0x00, 0x0f, 0xff, 0xd2, 0x00, 0x4b, 0x00, 0x1b, 0xff, 0xd1, 0x00, 0x4b, 
    0x00, 0x1c, 0xff, 0xd1, 0x00, 0x4b, 0x00, 0x53, 0xff, 0xdc, 0x00, 0x4d, 
    0x00, 0x0d, 0xff, 0xd2, 0x00, 0x4d, 0x00, 0x0f, 0xff, 0xd2, 0x00, 0x4d, 
    0x00, 0x1b, 0xff, 0xd2, 0x00, 0x4d, 0x00, 0x1c, 0xff, 0xd2, 0x00, 0x4d, 
    0x00, 0x53, 0xff, 0xdd, 0x00, 0x4e, 0x00, 0x0d, 0xff, 0xd7, 0x00, 0x4e, 
    0x00, 0x0f, 0xff, 0xd8, 0x00, 0x4e, 0x00, 0x1b, 0xff, 0xd7, 0x00, 0x4e, 
    0x00, 0x1c, 0xff, 0xd7, 0x00, 0x4f, 0x00, 0x0a, 0xff, 0xdc, 0x00, 0x4f, 
    0x00, 0x0d, 0xff, 0xd4, 0x00, 0x4f, 0x00, 0x0f, 0xff, 0xd5, 0x00, 0x4f, 
    0x00, 0x1b, 0xff, 0xd4, 0x00, 0x4f, 0x00, 0x1c, 0xff, 0xd4, 0x00, 0x50, 
    0x00, 0x0a, 0xff, 0xad, 0x00, 0x51, 0x00, 0x0a, 0xff, 0xae, 0x00, 0x52, 
    0x00, 0x0d, 0xff, 0xd7, 0x00, 0x52, 0x00, 0x0f, 0xff, 0xd8, 0x00, 0x52, 
    0x00, 0x1b, 0xff, 0xd7, 0x00, 0x52, 0x00, 0x1c, 0xff, 0xd7, 0x00, 0x53, 
    0x00, 0x08, 0x00, 0x25, 0x00, 0x53, 0x00, 0x0d, 0xff, 0x72, 0x00, 0x53, 
    0x00, 0x0f, 0xff, 0x72, 0x00, 0x54, 0x00, 0x0a, 0xff, 0xcb, 0x00, 0x56, 
    0x00, 0x0a, 0xff, 0xdc, 0x00, 0x56, 0x00, 0x0d, 0xff, 0xd1, 0x00, 0x56, 
    0x00, 0x0f, 0xff, 0xd2, 0x00, 0x56, 0x00, 0x1b, 0xff, 0xd1, 0x00, 0x56, 
    0x00, 0x1c, 0xff, 0xd1, 0x00, 0x56, 0x00, 0x53, 0xff, 0xdc, 0x00, 0x57, 
    0x00, 0x0d, 0xff, 0xa4, 0x00, 0x57, 0x00, 0x0f, 0xff, 0xa5, 0x00, 0x58, 
    0x00, 0x0a, 0xff, 0xdb, 0x00, 0x58, 0x00, 0x0d, 0xff, 0xb1, 0x00, 0x58, 
    0x00, 0x0f, 0xff, 0xb2, 0x00, 0x5a, 0x00, 0x0d, 0xff, 0x96, 0x00, 0x5a, 
    0x00, 0x0f, 0xff, 0x96, 0x00, 0x60, 0x00, 0x09, 0xff, 0xbb, 0x00, 0x60, 
    0x00, 0x0d, 0xff, 0xc3, 0x00, 0x60, 0x00, 0x0e, 0xff, 0xc8, 0x00, 0x60, 
    0x00, 0x0f, 0xff, 0xc4, 0x00, 0x60, 0x00, 0x1b, 0xff, 0xc3, 0x00, 0x60, 
    0x00, 0x1c, 0xff, 0xc3, 0x00, 0x60, 0x00, 0x23, 0xff, 0xd0, 0x00, 0x60, 
    0x00, 0x24, 0xff, 0xb1, 0x00, 0x60, 0x00, 0x25, 0xff, 0xca, 0x00, 0x60, 
    0x00, 0x26, 0xff, 0xc5, 0x00, 0x60, 0x00, 0x27, 0xff, 0xc4, 0x00, 0x60, 
    0x00, 0x28, 0xff, 0xb0, 0x00, 0x60, 0x00, 0x29, 0xff, 0xcd, 0x00, 0x60, 
    0x00, 0x2a, 0xff, 0xbf, 0x00, 0x60, 0x00, 0x2c, 0xff, 0xce, 0x00, 0x60, 
    0x00, 0x2d, 0xff, 0xce, 0x00, 0x60, 0x00, 0x2e, 0xff, 0xd2, 0x00, 0x60, 
    0x00, 0x2f, 0xff, 0xce, 0x00, 0x60, 0x00, 0x30, 0xff, 0xaa, 0x00, 0x60, 
    0x00, 0x31, 0xff, 0xc5, 0x00, 0x60, 0x00, 0x32, 0xff, 0xae, 0x00, 0x60, 
    0x00, 0x33, 0xff, 0xc4, 0x00, 0x60, 0x00, 0x34, 0xff, 0xc9, 0x00, 0x60, 
    0x00, 0x35, 0xff, 0x6a, 0x00, 0x60, 0x00, 0x36, 0xff, 0xa7, 0x00, 0x60, 
    0x00, 0x37, 0xff, 0x6a, 0x00, 0x60, 0x00, 0x38, 0xff, 0x6a, 0x00, 0x60, 
    0x00, 0x3a, 0xff, 0x6a, 0x00, 0x60, 0x00, 0x44, 0xff, 0xd8, 0x00, 0x60, 
    0x00, 0x45, 0xff, 0xce, 0x00, 0x60, 0x00, 0x46, 0xff, 0xcf, 0x00, 0x60, 
    0x00, 0x47, 0xff, 0xc4, 0x00, 0x60, 0x00, 0x48, 0xff, 0xd8, 0x00, 0x60, 
    0x00, 0x49, 0xff, 0xda, 0x00, 0x60, 0x00, 0x4a, 0xff, 0xd8, 0x00, 0x60, 
    0x00, 0x4c, 0xff, 0xd8, 0x00, 0x60, 0x00, 0x4d, 0xff, 0xd8, 0x00, 0x60, 
    0x00, 0x4e, 0xff, 0xda, 0x00, 0x60, 0x00, 0x4f, 0xff, 0xda, 0x00, 0x60, 
    0x00, 0x50, 0xff, 0xce, 0x00, 0x60, 0x00, 0x52, 0xff, 0xcf, 0x00, 0x60, 
    0x00, 0x53, 0xff, 0xce, 0x00, 0x60, 0x00, 0x55, 0xff, 0xbf, 0x00, 0x60, 
    0x00, 0x56, 0xff, 0xc8, 0x00, 0x60, 0x00, 0x57, 0xff, 0x73, 0x00, 0x60, 
    0x00, 0x58, 0xff, 0x8a, 0x00, 0x60, 0x00, 0x5a, 0xff, 0xdc, 0x00, 0x60, 
    0x00, 0x60, 0xff, 0xc3, 0x00, 0x60, 0x00, 0x6c, 0xff, 0x6a, 0x00, 0x60, 
    0x00, 0x6e, 0xff, 0x6a, 0x00, 0x60, 0x00, 0xab, 0xff, 0xaa, 0x00, 0x60, 
    0x00, 0xb1, 0xff, 0xa7, 0x00, 0x60, 0x00, 0xb4, 0xff, 0xd9, 0x00, 0x60, 
    0x00, 0xcb, 0xff, 0xce, 0x00, 0x60, 0x00, 0xd1, 0xff, 0xc8, 0x00, 0x62, 
    0x00, 0x24, 0xff, 0xd9, 0x00, 0x62, 0x00, 0x30, 0xff, 0xd8, 0x00, 0x62, 
    0x00, 0x32, 0xff, 0xdc, 0x00, 0x62, 0x00, 0x35, 0xff, 0x6a, 0x00, 0x62, 
    0x00, 0x36, 0xff, 0xd5, 0x00, 0x62, 0x00, 0x37, 0xff, 0x6a, 0x00, 0x62, 
    0x00, 0x38, 0xff, 0x8e, 0x00, 0x62, 0x00, 0x3a, 0xff, 0x6a, 0x00, 0x62, 
    0x00, 0x57, 0xff, 0xa1, 0x00, 0x62, 0x00, 0x58, 0xff, 0xb8, 0x00, 0x62, 
    0x00, 0x6c, 0xff, 0x6a, 0x00, 0x62, 0x00, 0x6e, 0xff, 0x6a, 0x00, 0x62, 
    0x00, 0xab, 0xff, 0xd8, 0x00, 0x62, 0x00, 0xb1, 0xff, 0xd5, 0x00, 0x6b, 
    0x00, 0x0d, 0xff, 0x6a, 0x00, 0x6b, 0x00, 0x0f, 0xff, 0x6a, 0x00, 0x6b, 
    0x00, 0x22, 0xff, 0xb4, 0x00, 0x6b, 0x00, 0x2b, 0xff, 0x6a, 0x00, 0x6b, 
    0x00, 0x99, 0xff, 0xb4, 0x00, 0x6b, 0x00, 0xb1, 0xff, 0xe6, 0x00, 0x6d, 
    0x00, 0x0d, 0xff, 0x6a, 0x00, 0x6d, 0x00, 0x0f, 0xff, 0x6a, 0x00, 0x6d, 
    0x00, 0x22, 0xff, 0xc4, 0x00, 0x6d, 0x00, 0x2b, 0xff, 0x6a, 0x00, 0x6d, 
    0x00, 0x99, 0xff, 0xc4, 0x00, 0x99, 0x00, 0x01, 0xff, 0xc9, 0x00, 0x99, 
    0x00, 0x08, 0xff, 0xb6, 0x00, 0x99, 0x00, 0x09, 0xff, 0xe0, 0x00, 0x99, 
    0x00, 0x0e, 0xff, 0xda, 0x00, 0x99, 0x00, 0x24, 0xff, 0xd0, 0x00, 0x99, 
    0x00, 0x28, 0xff, 0xca, 0x00, 0x99, 0x00, 0x30, 0xff, 0xcc, 0x00, 0x99, 
    0x00, 0x32, 0xff, 0xd0, 0x00, 0x99, 0x00, 0x35, 0xff, 0x6c, 0x00, 0x99, 
    0x00, 0x36, 0xff, 0xc7, 0x00, 0x99, 0x00, 0x37, 0xff, 0x6a, 0x00, 0x99, 
    0x00, 0x38, 0xff, 0x8b, 0x00, 0x99, 0x00, 0x3a, 0xff, 0x6a, 0x00, 0x99, 
    0x00, 0x57, 0xff, 0x98, 0x00, 0x99, 0x00, 0x58, 0xff, 0xb3, 0x00, 0x99, 
    0x00, 0x6c, 0xff, 0x83, 0x00, 0x99, 0x00, 0x6e, 0xff, 0x9e, 0x00, 0x99, 
    0x00, 0xab, 0xff, 0xcc, 0x00, 0x99, 0x00, 0xb1, 0xff, 0xc7, 0x00, 0xab, 
    0x00, 0x0a, 0xff, 0xa6, 0x00, 0xab, 0x00, 0x0d, 0xff, 0xdb, 0x00, 0xab, 
    0x00, 0x0f, 0xff, 0xdb, 0x00, 0xab, 0x00, 0x1b, 0xff, 0xe6, 0x00, 0xab, 
    0x00, 0x1c, 0xff, 0xe6, 0x00, 0xab, 0x00, 0x2a, 0xff, 0xe6, 0x00, 0xab, 
    0x00, 0x37, 0xff, 0xc7, 0x00, 0xab, 0x00, 0x38, 0xff, 0xe1, 0x00, 0xab, 
    0x00, 0x3a, 0xff, 0xc9, 0x00, 0xb1, 0x00, 0x09, 0xff, 0xd6, 0x00, 0xb1, 
    0x00, 0x0d, 0xff, 0xc2, 0x00, 0xb1, 0x00, 0x0f, 0xff, 0xc3, 0x00, 0xb1, 
    0x00, 0x1b, 0xff, 0xc6, 0x00, 0xb1, 0x00, 0x1c, 0xff, 0xc6, 0x00, 0xb1, 
    0x00, 0x23, 0xff, 0xd5, 0x00, 0xb1, 0x00, 0x25, 0xff, 0xce, 0x00, 0xb1, 
    0x00, 0x26, 0xff, 0xca, 0x00, 0xb1, 0x00, 0x27, 0xff, 0xc8, 0x00, 0xb1, 
    0x00, 0x29, 0xff, 0xd2, 0x00, 0xb1, 0x00, 0x2a, 0xff, 0xc4, 0x00, 0xb1, 
    0x00, 0x2c, 0xff, 0xd3, 0x00, 0xb1, 0x00, 0x2d, 0xff, 0xd3, 0x00, 0xb1, 
    0x00, 0x2e, 0xff, 0xd6, 0x00, 0xb1, 0x00, 0x2f, 0xff, 0xd3, 0x00, 0xb1, 
    0x00, 0x31, 0xff, 0xca, 0x00, 0xb1, 0x00, 0x33, 0xff, 0xc8, 0x00, 0xb1, 
    0x00, 0x36, 0xff, 0xd0, 0x00, 0xb1, 0x00, 0x43, 0xff, 0xe1, 0x00, 0xb1, 
    0x00, 0x49, 0xff, 0xde, 0x00, 0xb1, 0x00, 0x4a, 0xff, 0xdc, 0x00, 0xb1, 
    0x00, 0x4b, 0xff, 0xdc, 0x00, 0xb1, 0x00, 0x4c, 0xff, 0xdc, 0x00, 0xb1, 
    0x00, 0x4d, 0xff, 0xdc, 0x00, 0xb1, 0x00, 0x4e, 0xff, 0xde, 0x00, 0xb1, 
    0x00, 0x4f, 0xff, 0xde, 0x00, 0xb1, 0x00, 0x51, 0xff, 0xe2, 0x00, 0xb1, 
    0x00, 0x53, 0xff, 0xd2, 0x00, 0xb1, 0x00, 0x56, 0xff, 0xda, 0x00, 0xb1, 
    0x00, 0x5b, 0xff, 0xe3, 0x00, 0xb1, 0x00, 0x6c, 0xff, 0xe6, 0x00, 0xb1, 
    0x00, 0xb1, 0xff, 0xd0, 0x00, 0xb1, 0x00, 0xb4, 0xff, 0xdd, 0x00, 0xb1, 
    0x00, 0xd1, 0xff, 0xda, 0x00, 0xb9, 0x00, 0x57, 0xff, 0xe4, 0x00, 0xb9, 
    0x00, 0x58, 0xff, 0xe1, 0x00, 0xb9, 0x00, 0x5a, 0xff, 0xe2, 0x00, 0xb9, 
    0x00, 0x6c, 0xff, 0xd0, 0x00, 0xcb, 0x00, 0x0a, 0xff, 0xad, 0x00, 0xcb, 
    0x00, 0x0f, 0xff, 0xe3, 0x00, 0xcb, 0x00, 0x6c, 0xff, 0xde, 0x00, 0xd1, 
    0x00, 0x09, 0xff, 0xe0, 0x00, 0xd1, 0x00, 0x0a, 0xff, 0xdc, 0x00, 0xd1, 
    0x00, 0x0d, 0xff, 0xd1, 0x00, 0xd1, 0x00, 0x0f, 0xff, 0xd2, 0x00, 0xd1, 
    0x00, 0x1b, 0xff, 0xd1, 0x00, 0xd1, 0x00, 0x1c, 0xff, 0xd1, 0x00, 0xd1, 
    0x00, 0x49, 0xff, 0xe3, 0x00, 0xd1, 0x00, 0x4a, 0xff, 0xe2, 0x00, 0xd1, 
    0x00, 0x4b, 0xff, 0xe4, 0x00, 0xd1, 0x00, 0x4c, 0xff, 0xe1, 0x00, 0xd1, 
    0x00, 0x4d, 0xff, 0xe1, 0x00, 0xd1, 0x00, 0x4e, 0xff, 0xe4, 0x00, 0xd1, 
    0x00, 0x4f, 0xff, 0xe4, 0x00, 0xd1, 0x00, 0x53, 0xff, 0xdc, 0x00, 0xd1, 
    0x00, 0x56, 0xff, 0xdf, 0x00, 0xd1, 0x00, 0xb4, 0xff, 0xe3, 0x00, 0xd1, 
    0x00, 0xd1, 0xff, 0xdf, 0x00, 0xd4, 0x00, 0x01, 0xff, 0xc9, 0x00, 0xd4, 
    0x00, 0x08, 0xff, 0xb6, 0x00, 0xd4, 0x00, 0x0d, 0xff, 0x7f, 0x00, 0xd4, 
    0x00, 0x0e, 0xff, 0xa4, 0x00, 0xd4, 0x00, 0x0f, 0xff, 0x7f, 0x00, 0xd4, 
    0x00, 0x1b, 0xff, 0xc9, 0x00, 0xd4, 0x00, 0x1c, 0xff, 0xc0, 0x00, 0xd4, 
    0x00, 0x22, 0xff, 0xb6, 0x00, 0xd4, 0x00, 0x35, 0xff, 0xb6, 0x00, 0xd4, 
    0x00, 0x37, 0xff, 0xb6, 0x00, 0xd4, 0x00, 0x38, 0xff, 0xdb, 0x00, 0xd4, 
    0x00, 0x3a, 0xff, 0xb6, 0x00, 0xd4, 0x00, 0x42, 0xff, 0xb6, 0x00, 0xd4, 
    0x00, 0x46, 0xff, 0xa4, 0x00, 0xd4, 0x00, 0x4a, 0xff, 0xdb, 0x00, 0xd4, 
    0x00, 0x50, 0xff, 0xa4, 0x00, 0xd4, 0x00, 0x51, 0xff, 0xb6, 0x00, 0xd4, 
    0x00, 0x52, 0xff, 0xa4, 0x00, 0xd4, 0x00, 0x56, 0xff, 0xc9, 0x00, 0xd4, 
    0x00, 0x57, 0xff, 0xee, 0x00, 0xd4, 0x00, 0x58, 0xff, 0xee, 0x00, 0xd4, 
    0x00, 0x5a, 0xff, 0xee, 0x00, 0xd4, 0x00, 0x99, 0xff, 0xb6, 0x00, 0x00, 
    0x00, 0x00, 0x00, 0x00, 0x00, 0x00, 0x00, 0x00, 0x00, 0x00, 0x00, 0x00, 
    0x00, 0x00, 0x00, 0x00, 0x00, 0x01, 0x00, 0x00, 0x02, 0xdb, 0x00, 0xdd, 
    0x00, 0x00, 0x03, 0xfa, 0x00, 0x03, 0xff, 0x9c, 0x04, 0x5d, 0x00, 0x01, 
    0x00, 0x00, 0x00, 0x00, 0x00, 0x00, 0x00, 0x00, 0x00, 0x00, 0x00, 0x00, 
    0x00, 0x00, 0x00, 0xd5, 0x00, 0x01, 0x00, 0x00, 0x00, 0x01, 0x00, 0x00, 
    0xd9, 0x07, 0x3b, 0x08, 0x5f, 0x0f, 0x3c, 0xf5, 0x00, 0x00, 0x03, 0xe8, 
    0x00, 0x00, 0x00, 0x00, 0x00, 0x00, 0x00, 0x00, 0x00, 0x00, 0x00, 0x00, 
    0x00, 0x00, 0x00, 0x00, 0xff, 0x1f, 0xff, 0x1d, 0x04, 0x3a, 0x03, 0xb9, 
    0x00, 0x02, 0x00, 0x04, 0x00, 0x01, 0x00, 0x01, 0x00, 0x00, 0x00, 0x00, 
};

const unsigned int embedded_font_size = 53292;
